--
-- PostgreSQL database dump
--

-- Dumped from database version 17.4 (Debian 17.4-1.pgdg120+2)
-- Dumped by pg_dump version 17.0

-- Started on 2025-05-24 12:43:58

SET statement_timeout = 0;
SET lock_timeout = 0;
SET idle_in_transaction_session_timeout = 0;
SET transaction_timeout = 0;
SET client_encoding = 'UTF8';
SET standard_conforming_strings = on;
SELECT pg_catalog.set_config('search_path', '', false);
SET check_function_bodies = false;
SET xmloption = content;
SET client_min_messages = warning;
SET row_security = off;

--
-- TOC entry 3578 (class 1262 OID 16384)
-- Name: threat_and_sec_db; Type: DATABASE; Schema: -; Owner: savenkova
--

CREATE DATABASE threat_and_sec_db WITH TEMPLATE = template0 ENCODING = 'UTF8' LOCALE_PROVIDER = libc LOCALE = 'en_US.utf8';


ALTER DATABASE threat_and_sec_db OWNER TO savenkova;

\connect threat_and_sec_db

SET statement_timeout = 0;
SET lock_timeout = 0;
SET idle_in_transaction_session_timeout = 0;
SET transaction_timeout = 0;
SET client_encoding = 'UTF8';
SET standard_conforming_strings = on;
SELECT pg_catalog.set_config('search_path', '', false);
SET check_function_bodies = false;
SET xmloption = content;
SET client_min_messages = warning;
SET row_security = off;

--
-- TOC entry 8 (class 2615 OID 73991)
-- Name: defensive_measures_schema; Type: SCHEMA; Schema: -; Owner: savenkova
--

CREATE SCHEMA defensive_measures_schema;


ALTER SCHEMA defensive_measures_schema OWNER TO savenkova;

--
-- TOC entry 7 (class 2615 OID 73974)
-- Name: offenders_schema; Type: SCHEMA; Schema: -; Owner: savenkova
--

CREATE SCHEMA offenders_schema;


ALTER SCHEMA offenders_schema OWNER TO savenkova;

--
-- TOC entry 9 (class 2615 OID 74015)
-- Name: report_generation_data_schema; Type: SCHEMA; Schema: -; Owner: savenkova
--

CREATE SCHEMA report_generation_data_schema;


ALTER SCHEMA report_generation_data_schema OWNER TO savenkova;

--
-- TOC entry 10 (class 2615 OID 74027)
-- Name: tactics_techniques_schema; Type: SCHEMA; Schema: -; Owner: savenkova
--

CREATE SCHEMA tactics_techniques_schema;


ALTER SCHEMA tactics_techniques_schema OWNER TO savenkova;

--
-- TOC entry 6 (class 2615 OID 16385)
-- Name: threat_and_sec_schema; Type: SCHEMA; Schema: -; Owner: savenkova
--

CREATE SCHEMA threat_and_sec_schema;


ALTER SCHEMA threat_and_sec_schema OWNER TO savenkova;

SET default_tablespace = '';

SET default_table_access_method = heap;

--
-- TOC entry 232 (class 1259 OID 74042)
-- Name: basic_defensive_measures; Type: TABLE; Schema: defensive_measures_schema; Owner: savenkova
--

CREATE TABLE defensive_measures_schema.basic_defensive_measures (
    id bigint NOT NULL,
    key character varying NOT NULL,
    name text,
    description text,
    system_category character varying DEFAULT 'NONE'::character varying NOT NULL
);


ALTER TABLE defensive_measures_schema.basic_defensive_measures OWNER TO savenkova;

--
-- TOC entry 233 (class 1259 OID 74048)
-- Name: basic_defensive_measures_id_seq; Type: SEQUENCE; Schema: defensive_measures_schema; Owner: savenkova
--

ALTER TABLE defensive_measures_schema.basic_defensive_measures ALTER COLUMN id ADD GENERATED BY DEFAULT AS IDENTITY (
    SEQUENCE NAME defensive_measures_schema.basic_defensive_measures_id_seq
    START WITH 1
    INCREMENT BY 1
    NO MINVALUE
    NO MAXVALUE
    CACHE 1
);


--
-- TOC entry 234 (class 1259 OID 74049)
-- Name: basic_defensive_measures_to_data_security_tools; Type: TABLE; Schema: defensive_measures_schema; Owner: savenkova
--

CREATE TABLE defensive_measures_schema.basic_defensive_measures_to_data_security_tools (
    measure_id bigint,
    security_tool_id bigint
);


ALTER TABLE defensive_measures_schema.basic_defensive_measures_to_data_security_tools OWNER TO savenkova;

--
-- TOC entry 239 (class 1259 OID 74064)
-- Name: data_security_tools; Type: TABLE; Schema: defensive_measures_schema; Owner: savenkova
--

CREATE TABLE defensive_measures_schema.data_security_tools (
    id bigint NOT NULL,
    vendor character varying(100),
    name character varying(255) NOT NULL
);


ALTER TABLE defensive_measures_schema.data_security_tools OWNER TO savenkova;

--
-- TOC entry 240 (class 1259 OID 74067)
-- Name: data_security_tools_id_seq; Type: SEQUENCE; Schema: defensive_measures_schema; Owner: savenkova
--

ALTER TABLE defensive_measures_schema.data_security_tools ALTER COLUMN id ADD GENERATED BY DEFAULT AS IDENTITY (
    SEQUENCE NAME defensive_measures_schema.data_security_tools_id_seq
    START WITH 1
    INCREMENT BY 1
    NO MINVALUE
    NO MAXVALUE
    CACHE 1
);


--
-- TOC entry 241 (class 1259 OID 74068)
-- Name: defensive_measures_to_security_class; Type: TABLE; Schema: defensive_measures_schema; Owner: savenkova
--

CREATE TABLE defensive_measures_schema.defensive_measures_to_security_class (
    measure_id integer,
    security_class integer
);


ALTER TABLE defensive_measures_schema.defensive_measures_to_security_class OWNER TO savenkova;

--
-- TOC entry 242 (class 1259 OID 74071)
-- Name: gis_security_class; Type: TABLE; Schema: defensive_measures_schema; Owner: savenkova
--

CREATE TABLE defensive_measures_schema.gis_security_class (
    id bigint NOT NULL,
    region_scale character varying(20) NOT NULL,
    significance character varying(20) NOT NULL,
    security_class integer NOT NULL
);


ALTER TABLE defensive_measures_schema.gis_security_class OWNER TO savenkova;

--
-- TOC entry 243 (class 1259 OID 74074)
-- Name: ispdn_security_class; Type: TABLE; Schema: defensive_measures_schema; Owner: savenkova
--

CREATE TABLE defensive_measures_schema.ispdn_security_class (
    id integer NOT NULL,
    pd_category character varying(50) NOT NULL,
    own_worker_yes_no character varying(20),
    subjects_count character varying(20),
    threat_type character varying(10),
    security_class integer NOT NULL
);


ALTER TABLE defensive_measures_schema.ispdn_security_class OWNER TO savenkova;

--
-- TOC entry 244 (class 1259 OID 74077)
-- Name: ispdn_security_class_id_seq; Type: SEQUENCE; Schema: defensive_measures_schema; Owner: savenkova
--

CREATE SEQUENCE defensive_measures_schema.ispdn_security_class_id_seq
    AS integer
    START WITH 1
    INCREMENT BY 1
    NO MINVALUE
    NO MAXVALUE
    CACHE 1;


ALTER SEQUENCE defensive_measures_schema.ispdn_security_class_id_seq OWNER TO savenkova;

--
-- TOC entry 3579 (class 0 OID 0)
-- Dependencies: 244
-- Name: ispdn_security_class_id_seq; Type: SEQUENCE OWNED BY; Schema: defensive_measures_schema; Owner: savenkova
--

ALTER SEQUENCE defensive_measures_schema.ispdn_security_class_id_seq OWNED BY defensive_measures_schema.ispdn_security_class.id;


--
-- TOC entry 256 (class 1259 OID 74110)
-- Name: security_class_rules_id_seq; Type: SEQUENCE; Schema: defensive_measures_schema; Owner: savenkova
--

ALTER TABLE defensive_measures_schema.gis_security_class ALTER COLUMN id ADD GENERATED BY DEFAULT AS IDENTITY (
    SEQUENCE NAME defensive_measures_schema.security_class_rules_id_seq
    START WITH 1
    INCREMENT BY 1
    NO MINVALUE
    NO MAXVALUE
    CACHE 1
);


--
-- TOC entry 247 (class 1259 OID 74084)
-- Name: offenders; Type: TABLE; Schema: offenders_schema; Owner: savenkova
--

CREATE TABLE offenders_schema.offenders (
    id bigint NOT NULL,
    name character varying,
    category character varying(20)
);


ALTER TABLE offenders_schema.offenders OWNER TO savenkova;

--
-- TOC entry 248 (class 1259 OID 74089)
-- Name: offenders_id_seq; Type: SEQUENCE; Schema: offenders_schema; Owner: savenkova
--

ALTER TABLE offenders_schema.offenders ALTER COLUMN id ADD GENERATED BY DEFAULT AS IDENTITY (
    SEQUENCE NAME offenders_schema.offenders_id_seq
    START WITH 1
    INCREMENT BY 1
    NO MINVALUE
    NO MAXVALUE
    CACHE 1
);


--
-- TOC entry 249 (class 1259 OID 74090)
-- Name: offenders_power_levels; Type: TABLE; Schema: offenders_schema; Owner: savenkova
--

CREATE TABLE offenders_schema.offenders_power_levels (
    id bigint NOT NULL,
    level_code character varying(5) NOT NULL,
    level_name character varying(100) NOT NULL
);


ALTER TABLE offenders_schema.offenders_power_levels OWNER TO savenkova;

--
-- TOC entry 250 (class 1259 OID 74093)
-- Name: offenders_power_levels_id_seq; Type: SEQUENCE; Schema: offenders_schema; Owner: savenkova
--

ALTER TABLE offenders_schema.offenders_power_levels ALTER COLUMN id ADD GENERATED BY DEFAULT AS IDENTITY (
    SEQUENCE NAME offenders_schema.offenders_power_levels_id_seq
    START WITH 1
    INCREMENT BY 1
    NO MINVALUE
    NO MAXVALUE
    CACHE 1
);


--
-- TOC entry 251 (class 1259 OID 74094)
-- Name: offenders_power_levels_to_offenders; Type: TABLE; Schema: offenders_schema; Owner: savenkova
--

CREATE TABLE offenders_schema.offenders_power_levels_to_offenders (
    power_level_id bigint,
    offender_id bigint
);


ALTER TABLE offenders_schema.offenders_power_levels_to_offenders OWNER TO savenkova;

--
-- TOC entry 252 (class 1259 OID 74097)
-- Name: offenders_reasons; Type: TABLE; Schema: offenders_schema; Owner: savenkova
--

CREATE TABLE offenders_schema.offenders_reasons (
    id bigint NOT NULL,
    offender bigint NOT NULL,
    reason text NOT NULL
);


ALTER TABLE offenders_schema.offenders_reasons OWNER TO savenkova;

--
-- TOC entry 253 (class 1259 OID 74102)
-- Name: offenders_reason_id_seq; Type: SEQUENCE; Schema: offenders_schema; Owner: savenkova
--

ALTER TABLE offenders_schema.offenders_reasons ALTER COLUMN id ADD GENERATED BY DEFAULT AS IDENTITY (
    SEQUENCE NAME offenders_schema.offenders_reason_id_seq
    START WITH 1
    INCREMENT BY 1
    NO MINVALUE
    NO MAXVALUE
    CACHE 1
);


--
-- TOC entry 237 (class 1259 OID 74058)
-- Name: data_replacements; Type: TABLE; Schema: report_generation_data_schema; Owner: savenkova
--

CREATE TABLE report_generation_data_schema.data_replacements (
    id bigint NOT NULL,
    system_category bigint NOT NULL,
    placeholder character varying NOT NULL,
    value text NOT NULL
);


ALTER TABLE report_generation_data_schema.data_replacements OWNER TO savenkova;

--
-- TOC entry 238 (class 1259 OID 74063)
-- Name: data_replacements_id_seq; Type: SEQUENCE; Schema: report_generation_data_schema; Owner: savenkova
--

ALTER TABLE report_generation_data_schema.data_replacements ALTER COLUMN id ADD GENERATED BY DEFAULT AS IDENTITY (
    SEQUENCE NAME report_generation_data_schema.data_replacements_id_seq
    START WITH 1
    INCREMENT BY 1
    NO MINVALUE
    NO MAXVALUE
    CACHE 1
);


--
-- TOC entry 254 (class 1259 OID 74103)
-- Name: report_request_history; Type: TABLE; Schema: report_generation_data_schema; Owner: savenkova
--

CREATE TABLE report_generation_data_schema.report_request_history (
    id bigint NOT NULL,
    created_at timestamp with time zone DEFAULT now(),
    payload jsonb NOT NULL,
    system_category character varying
);


ALTER TABLE report_generation_data_schema.report_request_history OWNER TO savenkova;

--
-- TOC entry 255 (class 1259 OID 74109)
-- Name: report_request_history_id_seq; Type: SEQUENCE; Schema: report_generation_data_schema; Owner: savenkova
--

ALTER TABLE report_generation_data_schema.report_request_history ALTER COLUMN id ADD GENERATED BY DEFAULT AS IDENTITY (
    SEQUENCE NAME report_generation_data_schema.report_request_history_id_seq
    START WITH 1
    INCREMENT BY 1
    NO MINVALUE
    NO MAXVALUE
    CACHE 1
);


--
-- TOC entry 245 (class 1259 OID 74078)
-- Name: main_techniques; Type: TABLE; Schema: tactics_techniques_schema; Owner: savenkova
--

CREATE TABLE tactics_techniques_schema.main_techniques (
    id bigint NOT NULL,
    technique_number integer,
    technique_description text
);


ALTER TABLE tactics_techniques_schema.main_techniques OWNER TO savenkova;

--
-- TOC entry 246 (class 1259 OID 74083)
-- Name: main_techniques_id_seq; Type: SEQUENCE; Schema: tactics_techniques_schema; Owner: savenkova
--

ALTER TABLE tactics_techniques_schema.main_techniques ALTER COLUMN id ADD GENERATED BY DEFAULT AS IDENTITY (
    SEQUENCE NAME tactics_techniques_schema.main_techniques_id_seq
    START WITH 1
    INCREMENT BY 1
    NO MINVALUE
    NO MAXVALUE
    CACHE 1
);


--
-- TOC entry 257 (class 1259 OID 74111)
-- Name: tactics; Type: TABLE; Schema: tactics_techniques_schema; Owner: savenkova
--

CREATE TABLE tactics_techniques_schema.tactics (
    id bigint NOT NULL,
    tactic_name character varying,
    tactical_task text
);


ALTER TABLE tactics_techniques_schema.tactics OWNER TO savenkova;

--
-- TOC entry 258 (class 1259 OID 74116)
-- Name: tactics_id_seq; Type: SEQUENCE; Schema: tactics_techniques_schema; Owner: savenkova
--

ALTER TABLE tactics_techniques_schema.tactics ALTER COLUMN id ADD GENERATED BY DEFAULT AS IDENTITY (
    SEQUENCE NAME tactics_techniques_schema.tactics_id_seq
    START WITH 1
    INCREMENT BY 1
    NO MINVALUE
    NO MAXVALUE
    CACHE 1
);


--
-- TOC entry 259 (class 1259 OID 74117)
-- Name: tactics_to_techniques; Type: TABLE; Schema: tactics_techniques_schema; Owner: savenkova
--

CREATE TABLE tactics_techniques_schema.tactics_to_techniques (
    tactic_id integer,
    technique_id integer
);


ALTER TABLE tactics_techniques_schema.tactics_to_techniques OWNER TO savenkova;

--
-- TOC entry 235 (class 1259 OID 74052)
-- Name: consequences; Type: TABLE; Schema: threat_and_sec_schema; Owner: savenkova
--

CREATE TABLE threat_and_sec_schema.consequences (
    id bigint NOT NULL,
    risk_id bigint NOT NULL,
    title text NOT NULL,
    description text NOT NULL,
    system_category integer
);


ALTER TABLE threat_and_sec_schema.consequences OWNER TO savenkova;

--
-- TOC entry 236 (class 1259 OID 74057)
-- Name: consequences_id_seq; Type: SEQUENCE; Schema: threat_and_sec_schema; Owner: savenkova
--

ALTER TABLE threat_and_sec_schema.consequences ALTER COLUMN id ADD GENERATED BY DEFAULT AS IDENTITY (
    SEQUENCE NAME threat_and_sec_schema.consequences_id_seq
    START WITH 1
    INCREMENT BY 1
    NO MINVALUE
    NO MAXVALUE
    CACHE 1
);


--
-- TOC entry 223 (class 1259 OID 16387)
-- Name: influence_objects; Type: TABLE; Schema: threat_and_sec_schema; Owner: savenkova
--

CREATE TABLE threat_and_sec_schema.influence_objects (
    id bigint NOT NULL,
    name character varying(255),
    alias text
);


ALTER TABLE threat_and_sec_schema.influence_objects OWNER TO savenkova;

--
-- TOC entry 222 (class 1259 OID 16386)
-- Name: influence_objects_id_seq; Type: SEQUENCE; Schema: threat_and_sec_schema; Owner: savenkova
--

ALTER TABLE threat_and_sec_schema.influence_objects ALTER COLUMN id ADD GENERATED BY DEFAULT AS IDENTITY (
    SEQUENCE NAME threat_and_sec_schema.influence_objects_id_seq
    START WITH 1
    INCREMENT BY 1
    NO MINVALUE
    NO MAXVALUE
    CACHE 1
);


--
-- TOC entry 229 (class 1259 OID 49417)
-- Name: risks; Type: TABLE; Schema: threat_and_sec_schema; Owner: savenkova
--

CREATE TABLE threat_and_sec_schema.risks (
    id bigint NOT NULL,
    code character varying(10) NOT NULL,
    name text NOT NULL
);


ALTER TABLE threat_and_sec_schema.risks OWNER TO savenkova;

--
-- TOC entry 228 (class 1259 OID 49416)
-- Name: risks_id_seq; Type: SEQUENCE; Schema: threat_and_sec_schema; Owner: savenkova
--

ALTER TABLE threat_and_sec_schema.risks ALTER COLUMN id ADD GENERATED BY DEFAULT AS IDENTITY (
    SEQUENCE NAME threat_and_sec_schema.risks_id_seq
    START WITH 1
    INCREMENT BY 1
    NO MINVALUE
    NO MAXVALUE
    CACHE 1
);


--
-- TOC entry 227 (class 1259 OID 16535)
-- Name: system_categories; Type: TABLE; Schema: threat_and_sec_schema; Owner: savenkova
--

CREATE TABLE threat_and_sec_schema.system_categories (
    id integer NOT NULL,
    name character varying
);


ALTER TABLE threat_and_sec_schema.system_categories OWNER TO savenkova;

--
-- TOC entry 226 (class 1259 OID 16534)
-- Name: system_categories_id_seq; Type: SEQUENCE; Schema: threat_and_sec_schema; Owner: savenkova
--

ALTER TABLE threat_and_sec_schema.system_categories ALTER COLUMN id ADD GENERATED BY DEFAULT AS IDENTITY (
    SEQUENCE NAME threat_and_sec_schema.system_categories_id_seq
    START WITH 1
    INCREMENT BY 1
    NO MINVALUE
    NO MAXVALUE
    CACHE 1
);


--
-- TOC entry 231 (class 1259 OID 57591)
-- Name: threats_execution_methods; Type: TABLE; Schema: threat_and_sec_schema; Owner: savenkova
--

CREATE TABLE threat_and_sec_schema.threats_execution_methods (
    id bigint NOT NULL,
    name character varying(255) NOT NULL
);


ALTER TABLE threat_and_sec_schema.threats_execution_methods OWNER TO savenkova;

--
-- TOC entry 230 (class 1259 OID 57590)
-- Name: threats_execution_methods_id_seq; Type: SEQUENCE; Schema: threat_and_sec_schema; Owner: savenkova
--

ALTER TABLE threat_and_sec_schema.threats_execution_methods ALTER COLUMN id ADD GENERATED BY DEFAULT AS IDENTITY (
    SEQUENCE NAME threat_and_sec_schema.threats_execution_methods_id_seq
    START WITH 1
    INCREMENT BY 1
    NO MINVALUE
    NO MAXVALUE
    CACHE 1
);


--
-- TOC entry 224 (class 1259 OID 16419)
-- Name: threats_info; Type: TABLE; Schema: threat_and_sec_schema; Owner: savenkova
--

CREATE TABLE threat_and_sec_schema.threats_info (
    id bigint NOT NULL,
    name text,
    description text
);


ALTER TABLE threat_and_sec_schema.threats_info OWNER TO savenkova;

--
-- TOC entry 225 (class 1259 OID 16426)
-- Name: threats_to_influence_objects; Type: TABLE; Schema: threat_and_sec_schema; Owner: savenkova
--

CREATE TABLE threat_and_sec_schema.threats_to_influence_objects (
    threat_id bigint,
    influence_object_id bigint
);


ALTER TABLE threat_and_sec_schema.threats_to_influence_objects OWNER TO savenkova;

--
-- TOC entry 260 (class 1259 OID 82195)
-- Name: threats_to_offenders; Type: TABLE; Schema: threat_and_sec_schema; Owner: savenkova
--

CREATE TABLE threat_and_sec_schema.threats_to_offenders (
    threat_id bigint NOT NULL,
    offender_power_level_id bigint NOT NULL,
    offender_category character varying(20) NOT NULL
);


ALTER TABLE threat_and_sec_schema.threats_to_offenders OWNER TO savenkova;

--
-- TOC entry 3319 (class 2604 OID 74120)
-- Name: ispdn_security_class id; Type: DEFAULT; Schema: defensive_measures_schema; Owner: savenkova
--

ALTER TABLE ONLY defensive_measures_schema.ispdn_security_class ALTER COLUMN id SET DEFAULT nextval('defensive_measures_schema.ispdn_security_class_id_seq'::regclass);


--
-- TOC entry 3544 (class 0 OID 74042)
-- Dependencies: 232
-- Data for Name: basic_defensive_measures; Type: TABLE DATA; Schema: defensive_measures_schema; Owner: savenkova
--

COPY defensive_measures_schema.basic_defensive_measures (id, key, name, description, system_category) FROM stdin;
113	ЗИС.30	Защита мобильных технических средств, применяемых в информационной системе	Требования к реализации ЗИС.30: Оператором должна осуществляться защита применяемых в информационной системе мобильных технических средств.\nК мобильным техническим средствам относятся съемные машинные носители информации (флэш-накопители, внешние накопители на жестких дисках и иные носители), а также портативные вычислительные устройства и устройства связи с возможностью обработки информации (например, ноутбуки, нетбуки, планшеты, сотовые телефоны, цифровые камеры, звукозаписывающие устройства и иные средства).\nЗащита мобильных технических средств включает:\nРеализацию в зависимости от мобильного технического средства (типа мобильного технического средства) мер по идентификации и аутентификации в соответствии с ИАФ.1 и ИАФ.5, управлению доступом в соответствии с УПД.2, УПД.5, УПД.13 и УПД.15, ограничению программной среды в соответствии с ОПС.3, защите машинных носителей информации в соответствии с ЗНИ.1, ЗНИ.2, ЗНИ.4, ЗНИ.8, регистрации событий безопасности в соответствии с РСБ.1, РСБ.2, РСБ.3 и РСБ.5, антивирусной защите в соответствии с АВЗ.1 и АВЗ.2, контролю (анализу) защищенности в соответствии с АНЗ.1, АНЗ.2 и АНЗ.3, обеспечению целостности в соответствии с ОЦЛ.1.\nочистку (удаление) информации в мобильном техническом средстве после завершения сеанса удаленного доступа к защищаемой информации или принятие иных мер, исключающих несанкционированный доступ к хранимой защищаемой информации; уничтожение съемных машинных носителей информации, которые не подлежат\nочистке;\nвыборочные проверки мобильных технических средств (на предмет их наличия) и хранящейся на них информации (например, на предмет отсутствия информации, не соответствующей маркировке носителя информации);\nзапрет возможности автоматического запуска (без команды пользователя) в информационной системе программного обеспечения на мобильных технических средствах.\nПравила и процедуры защиты мобильных технических средств регламентируются в организационно-распорядительных документах оператора по защите информации.\n	GIS
18	УПД.11	Разрешение (запрет) действий пользователей, разрешенных до идентификации и аутентификации	Требования к реализации УПД.11: Оператором должен быть установлен перечень действий пользователей, разрешенных до прохождения ими процедур идентификации и аутентификации, и запрет действий пользователей, не включенных в перечень разрешенных действий, до прохождения ими процедур идентификации и аутентификации.\nРазрешение действий пользователей до прохождения ими процедур идентификации и аутентификации осуществляется, в том числе, при предоставлении пользователям доступа к общедоступной информации (веб-сайтам, порталам, иным общедоступным ресурсам). Также администратору разрешаются действия в обход установленных процедур идентификации и аутентификации, необходимые только для восстановления функционирования информационной системы в случае сбоев в работе или выходе из строя отдельных технических средств (устройств).\nПравила и процедуры определения действий пользователей, разрешенных до прохождения ими процедур идентификации и аутентификации, регламентируются в организационно-распорядительных документах оператора по защите информации.\n	GIS
2	ИАФ.2	Идентификация и аутентификация устройств, в том числе стационарных, мобильных и портативных	Требования к реализации ИАФ.2: В информационной системе до начала информационного взаимодействия (передачи защищаемой информации от устройства к устройству) должна осуществляться идентификация и аутентификация устройств (технических средств).\nОператором должен быть определен перечень типов устройств, используемых в информационной системе и подлежащих идентификации и аутентификации до начала информационного взаимодействия./\nИдентификация устройств в информационной системе обеспечивается по логическим именам (имя устройства и (или) ID), логическим адресам (например, IP-адресам) и (или) по физическим адресам (например, МАС-адресам) устройства или по комбинации имени, логического и (или) физического адресов устройства.\nАутентификация устройств в информационной системе обеспечивается с использованием соответствующих протоколов аутентификации или с применением в соответствии с законодательством Российской Федерации криптографических методов защиты информации.\nПравила и процедуры идентификации и аутентификации устройств регламентируются в организационно-распорядительных документах оператора по \nзащите информации.\n	GIS
84	ЗИС.1	Разделение в информационной системе функций по управлению (администрированию) информационной системой, управлению (администрированию) системой защиты информации, функций по обработке информации и иных функций информационной системы	Требования к реализации ЗИС.1: В информационной системе должно быть обеспечено разделение функциональных возможностей по управлению (администрированию) информационной системой, управлению (администрированию) системой защиты информации(функций безопасности) и функциональных возможностей пользователей по обработке информации.\nФункциональные возможности по управлению (администрированию) информационной системой и управлению (администрированию) системой защиты информации включают функции по управлению базами данных, прикладным программным обеспечением, телекоммуникационным оборудованием, рабочими станциями, серверами, средствами защиты информации и иные функции, требующие\n \nвысоких привилегий.\nРазделение функциональных возможностей обеспечивается на физическом и (или) логическом уровне путем выделения части программно-технических средств информационной системы, реализующих функциональные возможности по управлению (администрированию) информационной системой и управлению (администрированию) системой защиты информации, в отдельный домен, использования различных автоматизированных рабочих мест и серверов, различных типов операционных систем, разных способов аутентификации, различных сетевых адресов, выделенных каналов управления и (или) комбинаций данных способов, а также иными методами.\n	GIS
102	ЗИС.19	Изоляция процессов (выполнение программ) в выделенной области памяти	Требования к реализации ЗИС.19: В информационной системе должна осуществляться изоляция процессов (выполнение программ) в выделенной области памяти.\nИзоляция процессов (выполнение программ) в выделенной области памяти должна обеспечивать недоступность областей памяти, используемых процессами (программами) выполняемыми от имени одного пользователя (учетной записи), для процессов (программ), исполняемых от имени другого пользователя (учетной записи).\nИзоляция процессов (выполнение программ) в выделенной области памяти реализуется в средствах вычислительной техники, определенных оператором, и как минимум должна включать изоляцию процессов, связанных с выполнением функций безопасности средств защиты информации.\n	GIS
101	ЗИС.18	Обеспечение загрузки и исполнения программного обеспечения с машинных носителей информации, доступных только для чтения, и контроль целостности данного программного обеспечения	Требования к реализации ЗИС.18: В информационной системе должно обеспечиваться:\nвыделение в составе операционной системы и прикладного программного обеспечения частей, немодифицируемых в процессе загрузки и выполнения, и размещение их на машинных носителях информации, доступных только для чтения;\nзагрузка и выполнение на средствах вычислительной техники, определяемых оператором, операционной системы с машинных носителей информации, доступных только для чтения;\nзагрузка и выполнение на средствах вычислительной техники прикладного программного обеспечения, определяемого оператором, с машинных носителей информации, доступных только для чтения.\nВ качестве машинных носителей информации, доступных только для чтения, рассматриваются, в том числе, оптические носители CD-R/DVD-R или иные аппаратные машинные носители информации, возможность перезаписи на которые исключена технологически.\n	GIS
446	ИАФ.1	Идентификация и аутентификация пользователей, являющихся работниками оператора	В разработке	ISPDN
447	ИАФ.2	Идентификация и аутентификация устройств, в том числе стационарных, мобильных и портативных	В разработке	ISPDN
65	ОДТ.4	Периодическое резервное копирование информации на резервные машинные носители информации	Требования к реализации ОДТ.4: Оператором должно обеспечиваться периодическое резервное копирование информации на резервные машинные носители информации, предусматривающее:\nрезервное копирование информации на резервные машинные носители информации с установленной оператором периодичностью;\nразработку перечня информации (типов информации), подлежащей периодическому резервному копированию на резервные машинные носители информации;\nрегистрацию событий, связанных с резервным копированием информации на резервные машинные носители информации;\nпринятие мер для защиты резервируемой информации, обеспечивающих ее конфиденциальность, целостность и доступность.\nПравила и процедуры резервного копирования информации регламентируются в организационно-распорядительных документах оператора по защите информации.\n	GIS
50	АНЗ.2	Контроль установки обновлений программного обеспечения, включая обновление программного обеспечения средств защиты информации	Требования к реализации АНЗ.2: Оператором должен осуществляться контроль установки обновлений программного обеспечения, включая программное обеспечение средств защиты информации и программное обеспечение базовой системы ввода-вывода.\nОператором должно осуществляться получение из доверенных источников и установка обновлений программного обеспечения, включая программное обеспечение средств защиты информации и программное обеспечение базовой системы ввода-вывода.\nПри контроле установки обновлений осуществляются проверки соответствия версий   общесистемного,   прикладного   и   специального   программного\n \n(микропрограммного) обеспечения, включая программное обеспечение средств защиты информации, установленного в информационной системе и выпущенного разработчиком, а также наличие отметок в эксплуатационной документации (формуляр или паспорт) об установке (применении) обновлений.\nКонтроль установки обновлений проводится с периодичностью, установленной оператором в организационно-распорядительных документах по защите информации и фиксируется в соответствующих журналах.\nПри контроле установки обновлений осуществляются проверки установки обновлений баз данных признаков вредоносных компьютерных программ (вирусов) средств антивирусной защиты в соответствии с АВЗ.2, баз решающих правил систем обнаружения вторжений в соответствии с СОВ.2, баз признаков уязвимостей средств анализа защищенности и иных баз данных, необходимых для реализации функций безопасности средств защиты информации.\nПравила и процедуры контроля установки обновлений программного обеспечения регламентируются в организационно-распорядительных документах оператора по защите информации.\n	GIS
448	ИАФ.3	Управление идентификаторами, в том числе создание, присвоение, уничтожение идентификаторов	В разработке	ISPDN
449	ИАФ.4	Управление средствами аутентификации, в том числе хранение, выдача, инициализация, блокирование средств аутентификации и принятие мер в случае утраты и (или) компрометации средств аутентификации	В разработке	ISPDN
450	ИАФ.5	Защита обратной связи при вводе аутентификационной информации	В разработке	ISPDN
451	ИАФ.6	Идентификация и аутентификация пользователей, не являющихся работниками оператора (внешних пользователей)	В разработке	ISPDN
452	УПД.1	Управление (заведение, активация, блокирование и уничтожение) учетными записями пользователей, в том числе внешних пользователей	В разработке	ISPDN
453	УПД.2	Реализация необходимых методов (дискреционный, мандатный, ролевой или иной метод), типов (чтение, запись, выполнение или иной тип) и правил разграничения доступа	В разработке	ISPDN
454	УПД.3	Управление (фильтрация, маршрутизация, контроль соединений, однонаправленная передача и иные способы управления) информационными потоками между устройствами, сегментами информационной системы, а также между информационными системами	В разработке	ISPDN
455	УПД.4	Разделение полномочий (ролей) пользователей, администраторов и лиц, обеспечивающих функционирование информационной системы	В разработке	ISPDN
456	УПД.5	Назначение минимально необходимых прав и привилегий пользователям, администраторам и лицам, обеспечивающим функционирование информационной системы	В разработке	ISPDN
457	УПД.6	Ограничение неуспешных попыток входа в информационную систему (доступа к информационной системе)	В разработке	ISPDN
458	УПД.7	Предупреждение пользователя при его входе в информационную систему о том, что в информационной системе реализованы меры по обеспечению безопасности персональных данных, и о необходимости соблюдения установленных оператором правил обработки персональных данных	В разработке	ISPDN
459	УПД.8	Оповещение пользователя после успешного входа в информационную систему о его предыдущем входе в информационную систему	В разработке	ISPDN
460	УПД.9	Ограничение числа параллельных сеансов доступа для каждой учетной записи пользователя информационной системы	В разработке	ISPDN
461	УПД.10	Блокирование сеанса доступа в информационную систему после установленного времени бездействия (неактивности) пользователя или по его запросу	В разработке	ISPDN
68	ОДТ.7	Контроль состояния и качества предоставления уполномоченным лицом вычислительных ресурсов (мощностей), в том числе по передаче информации	Требования к реализации ОДТ.7: Оператором должен осуществляться контроль состояния и качества предоставления уполномоченным лицом (провайдером) вычислительных ресурсов (мощностей), в том числе по передаче информации, предусматривающий:\nконтроль выполнения уполномоченным лицом требований о защите информации, установленных законодательством  Российской  Федерации  и  условиями  договора\n(соглашения), на основании которого уполномоченное лицо обрабатывает информацию или предоставляет вычислительные ресурсы (мощности);\nмониторинг состояния и качества предоставления уполномоченным лицом (провайдером) вычислительных ресурсов (мощностей);\nмониторинг состояния и качества предоставления уполномоченным лицом (провайдером)услуг по передаче информации.\nУсловия, права и обязанности, содержание и порядок контроля должны определяться в договоре (соглашении), заключаемом между оператором и уполномоченным лицом на предоставление вычислительных ресурсов (мощностей) или передачу информации с использованием информационно-телекоммуникационных сетей связи.\n	GIS
63	ОДТ.2	Резервирование технических средств, программного обеспечения, каналов передачи информации, средств обеспечения функционирования информационной системы	Требования к реализации ОДТ.2: Оператором должно обеспечиваться резервирование технических средств, программного обеспечения, каналов передачи информации, средств обеспечения функционирования информационной системы, предусматривающее:\nопределение сегментов информационной системы, в которых должно осуществляться резервирование технических средств, программного обеспечения, каналов передачи информации и средств обеспечения функционирования, а также перечня резервируемых средств исходя из требуемых условий обеспечения непрерывности функционирования информационной системы и доступности информации, установленных оператором;\nприменение резервных (дублирующих) технических средств, программного обеспечения, каналов передачи информации и (или) средств обеспечения функционирования информационной системы, обеспечивающих требуемые условия непрерывности функционирования информационной системы и доступности информации;\nввод в действие резервного технического средства, программного обеспечения, канала передачи информации или средства обеспечения функционирования при нарушении требуемых условий непрерывности функционирования информационной системы и доступности информации.\nРезервирование технических средств в зависимости от требуемых условий обеспечения непрерывности функционирования информационной системы и доступности информации включает ненагруженное ("холодное") и (или) нагруженное ("горячее") резервирование.\nПри резервировании программного обеспечения осуществляется создание резервных копий общесистемного, специального и прикладного программного обеспечения, а также программного обеспечения средств защиты информации, необходимых для обеспечения требуемых условий непрерывности функционирования информационной системы и доступности информации.\nРезервирование каналов передачи информации включает:\nрезервирование каналов связи, обеспечивающее снижение вероятности отказа в доступе к информационной системе;\nналичие у основных и альтернативных поставщиков телекоммуникационных услуг (провайдеров) информационной системы планов по восстановлению связи при авариях и сбоях, с указанием времени восстановления.\nРезервирование средств обеспечения функционирования информационной системы включает:\nиспользование кратковременных резервных источников питания для обеспечения правильного (корректного) завершения работы сегмента информационной системы (технического средства, устройства) в случае отключения основного источника питания; использование\tдолговременных\tрезервных\tисточников\tпитания\tв\tслучае\n \nдлительного отключения основного источника питания и необходимости продолжения выполнения сегментом информационной системы (техническим средством, устройством) установленных функциональных (задач);\nопределение перечня энергозависимых технических средств, которым необходимо обеспечить наличие резервных источников питания (кратковременных и долговременных).\nПравила и процедуры резервирования регламентируются в организационно-распорядительных документах оператора по защите информации.\n	GIS
15	УПД.8	Оповещение пользователя после успешного входа в информационную систему о его предыдущем входе в информационную систему	Требования к реализации УПД.8: В информационной системе должно быть обеспечено после успешного входа пользователя в информационную систему (завершения процесса аутентификации) оповещение этого пользователя о дате и времени предыдущего входа в информационную систему от имени этого пользователя.	GIS
83	ЗТС.5	Защита от внешних воздействий (воздействий окружающей среды, нестабильности электроснабжения, кондиционирования и иных внешних факторов)	Требования к реализации ЗТС.5: Оператором должна осуществляться защита от внешних воздействий (воздействий окружающей среды, нестабильности электроснабжения, кондиционирования и иных внешних факторов).\nЗащита от внешних воздействий в соответствии с требованиями законодательства Российской Федерации (национальных стандартов, технических регламентов) должна предусматривать:\nвыполнение норм и правил пожарной безопасности;\nвыполнение норм и правил устройства и технической эксплуатации электроустановок, а также соблюдение параметров электропитания и заземления технических средств;\nобеспечение необходимых для эксплуатации технических средств температурно-влажностного режима и условий по степени запыленности воздуха.\n	GIS
99	ЗИС.16	Выявление, анализ и блокирование в информационной системе скрытых каналов передачи информации в обход реализованных мер защиты информации или внутри разрешенных сетевых протоколов	Требования к реализации ЗИС.16: Оператором должны выполняться мероприятия по выявлению и анализу скрытых каналов передачи информации для определения параметров передачи информации, которые могут использоваться для скрытого хранения информации и скрытой передачи информации за пределы информационной системы.\nВыявление, анализ и блокирование скрытых каналов передачи информации выполняется с учетом национальных стандартов:\nГОСТ Р 53113-2008 Информационная технология. Защита информационных технологий и автоматизированных систем от угроз информационной безопасности, реализуемых с использованием скрытых каналов. Часть 1. Общие положения;\nГОСТ Р 53113.2-2009 Информационная технология. Защита информационных технологий и автоматизированных систем от угроз информационной безопасности, реализуемых с использованием скрытых каналов. Часть 2. Рекомендации по организации защиты информации, информационных технологий и автоматизированных систем от атак с использованием скрытых каналов.\nВыявление и анализ скрытых каналов передачи информации осуществляется на этапах разработки и реализации системы защиты информации.\n	GIS
86	ЗИС.3	Обеспечение защиты информации от раскрытия, модификации и навязывания (ввода ложной информации) при ее передаче (подготовке к передаче) по каналам связи, имеющим выход за пределы контролируемой зоны, в том числе беспроводным каналам связи	Требования к реализации ЗИС.3: Оператором должна быть обеспечена защита информации от раскрытия, модификации и навязывания (ввода ложной информации) при ее передаче (подготовке к передаче) по каналам связи, имеющим выход за пределы контролируемой зоны.\nЗащита информации обеспечивается путем защиты каналов связи от несанкционированного физического доступа (подключения) к ним и (или) применения в соответствии с законодательством Российской Федерации средств криптографической защиты информации или иными методами.\n	GIS
104	ЗИС.21	Исключение доступа пользователя к информации, возникшей в результате действий предыдущего пользователя через реестры, оперативную память, внешние запоминающие устройства и иные общие для пользователей ресурсы информационной системы	Требования к реализации ЗИС.21: В информационной системе должен быть исключен доступ пользователя к информации, возникшей в результате действий предыдущего пользователя через реестры, оперативную память, внешние запоминающие устройства, ресурсы файловой системы и иные общие для пользователей ресурсы информационной системы.\nИсключение доступа к информации через общие для пользователей ресурсы должно обеспечивать запрет доступа текущему пользователю (учетной записи) или текущему процессу к системным ресурсам (реестрам, оперативной памяти, внешним запоминающим устройствам) при их повторном использовании, в которых хранится информация другого (предыдущего) пользователя.\n	GIS
103	ЗИС.20	Защита беспроводных соединений, применяемых в информационной системе	Требования к реализации ЗИС.20: Оператором должна быть обеспечена защита беспроводных соединений, применяемых в информационной системе. Защита беспроводных соединений включает:\nограничение на использование в информационной системе беспроводных соединений (в частности 802.11хWi-Fi, 802.15.1 Bluetooth, 802.22WRAN, IrDA и иных беспроводных соединений) в соответствии с задачами (функциями) информационной системы, для решения которых такие соединения необходимы;\nпредоставление доступа к параметрам(изменению параметров) настройки беспроводных соединений только администраторам информационной системы;\nобеспечение возможности реализации беспроводных соединений только через контролируемые интерфейсы (в том числе, путем применения средств защиты информации);\nрегистрация и анализ событий, связанных с использованием беспроводных соединений, в том числе для выявления попыток несанкционированного подключения к информационной системе через беспроводные соединения.\nПри обеспечении защиты беспроводных соединений в зависимости от их типов должны реализовываться меры по идентификации и аутентификации в соответствии с ИАФ.1, ИАФ.2 и ИАФ.6.\nПри невозможности исключения установления беспроводных соединений из-за\nпределов контролируемой зоны должны приниматься меры защищенного удаленного доступа в соответствии с УПД.13 и ЗИС.3.\nПравила и процедуры применения беспроводных соединений регламентируются в организационно-распорядительных документах оператора по защите информации.\n	GIS
66	ОДТ.5	Обеспечение возможности восстановления информации с резервных машинных носителей информации (резервных копий) в течение установленного временного интервала	Требования к реализации ОДТ.5: Оператором должна быть обеспечена возможность восстановления информации с резервных машинных носителей информации (резервных копий) в течение установленного оператором временного интервала.\nВосстановление информации с резервных машинных носителей информации (резервных копий) должно предусматривать:\nопределение времени, в течение которого должно быть обеспечено восстановление информации и обеспечивающего требуемые условия непрерывности функционирования информационной системы и доступности информации;\nвосстановление информации с резервных машинных носителей информации (резервных копий) в течение установленного оператором временного интервала;\nрегистрация событий, связанных восстановлением информации с резервных машинных носителей информации.\nПравила и процедуры восстановления информации с резервных машинных носителей информации регламентируются в организационно-распорядительных документах оператора по защите информации.\n	GIS
48	СОВ.2	Обновление базы решающих правил	Требования к реализации СОВ.2: Оператором должно обеспечиваться обновление базы решающих правил системы обнаружения вторжений, применяемой в информационной системе.\nОбновление базы решающих правил системы обнаружения вторжений должно предусматривать:\nполучение уведомлений о необходимости обновлений и непосредственном обновлении базы решающих правил;\nполучение из доверенных источников и установку обновлений базы решающих правил;\nконтроль целостности обновлений базы решающих правил.\nПравила и процедуры обновления базы решающих правил регламентируются в организационно-распорядительных документах оператора по защите информации.\n	GIS
49	АНЗ.1	Выявление, анализ уязвимостей информационной системы и оперативное устранение вновь выявленных уязвимостей	АНЗ.1 Выявление, анализ и устранение уязвимостей информационной системы Требования\tк\tреализации\tАНЗ.1:\tОператором\tдолжны\tосуществляться\nвыявление (поиск), анализ и устранение уязвимостей в информационной системе.\nПри выявлении (поиске), анализе и устранении уязвимостей в информационной системе должны проводиться:\nвыявление (поиск) уязвимостей, связанных с ошибками кода в программном (микропрограммном) обеспечении (общесистемном, прикладном, специальном), а также программном обеспечении средств защиты информации, правильностью установки и\n \nнастройки средств защиты информации, технических средств и программного обеспечения, а также корректностью работы средств защиты информации при их взаимодействии с техническими средствами и программным обеспечением;\nразработка по результатам выявления (поиска) уязвимостей отчетов с описанием выявленных уязвимостей и планом мероприятий по их устранению;\nанализ отчетов с результатами поиска уязвимостей и оценки достаточности реализованных мер защиты информации;\nустранение выявленных уязвимостей, в том числе путем установки обновлений программного обеспечения средств защиты информации, общесистемного программного обеспечения, прикладного программного обеспечения или микропрограммного обеспечения технических средств;\nинформирование должностных лиц оператора (пользователей, администраторов, подразделения по защите информации) о результатах поиска уязвимостей и оценки достаточности реализованных мер защиты информации.\nВ качестве источников информации об уязвимостях используются опубликованные данные разработчиков средств защиты информации, общесистемного, прикладного и специального программного обеспечения, технических средств, а также другие базы данных уязвимостей.\nВыявление (поиск), анализ и устранение уязвимостей должны проводиться на этапах создания и эксплуатации информационной системы. На этапе эксплуатации поиск и анализ уязвимостей проводится с периодичностью, установленной оператором. При этом в обязательном порядке для критических уязвимостей проводится поиск и анализ уязвимостей в случае опубликования в общедоступных источниках информации о новых уязвимостях в средствах защиты информации, технических средствах и программном обеспечении, применяемом в информационной системе.\nВ случае невозможности устранения выявленных уязвимостей путем установки обновлений программного обеспечения средств защиты информации, общесистемного программного обеспечения, прикладного программного обеспечения или микропрограммного обеспечения технических средств необходимо предпринять действия (настройки средств защиты информации, изменение режима и порядка использования информационной системы), направленные на устранение возможности использования выявленных уязвимостей.\nОператором должны осуществляться получение из доверенных источников и установка обновлений базы признаков уязвимостей.\nПравила и процедуры выявления, анализа и устранения уязвимостей регламентируются в организационно-распорядительных документах оператора по защите информации.\n	GIS
7	ИАФ.7	Идентификация и аутентификация объектов файловой системы, запускаемых и исполняемых модулей, объектов систем управления базами данных, объектов, создаваемых прикладным и специальным программным обеспечением, иных объектов доступа	Требования к реализации ИАФ.7: В информационной системе должна осуществляться идентификация и аутентификация объектов файловой системы, запускаемых и исполняемых модулей, объектов систем управления базами данных, объектов, создаваемых прикладным и специальным программным обеспечением, иных объектов доступа.	GIS
79	ЗТС.1	Защита информации, обрабатываемой техническими средствами, от ее утечки по техническим каналам	Требования к реализации ЗТС.1: Оператором должна обеспечиваться защита информации, обрабатываемой техническими средствами, от ее утечки за счет побочных электромагнитных излучений и наводок.\nЗащита информации от утечки по техническим каналам должна осуществляться в соответствии со Специальными требованиями и рекомендациями по технической защите конфиденциальной информации (СТР-К), утвержденными приказом Гостехкомиссии России от 30 августа 2002 г. N 282, а также иными методическими документами ФСТЭК России по защите информации ограниченного доступа, не содержащей сведений, составляющих государственную тайну, от утечки по техническим каналам.\n	GIS
61	ОЦЛ.8	Контроль ошибочных действий пользователей по вводу и (или) передаче информации и предупреждение пользователей об ошибочных действиях	Требования к реализации ОЦЛ.8: В информационной системе должен осуществляться контроль ошибочных действий пользователей по вводу и (или) передаче информации и предупреждение пользователей об ошибочных действиях.\nКонтроль ошибочных действий пользователей по вводу и (или) передаче информации и предупреждение пользователей об ошибочных действиях должен предусматривать:\nопределение оператором типов ошибочных действий пользователей, которые потенциально могут привести к нарушению безопасности информации в информационной системе;\nгенерирование сообщений для пользователей об их ошибочных действиях и о возможности нарушения безопасности информации в информационной системе для корректировки действий пользователей;\nрегистрация информации об ошибочных действиях пользователей, которые могут привести к нарушению безопасности информации в информационной системе, в журналах регистрации событий безопасности в соответствии с РСБ.3;\nпредоставление доступа к сообщениям об ошибочных действиях пользователей только администраторам.\n	GIS
462	УПД.11	Разрешение (запрет) действий пользователей, разрешенных до идентификации и аутентификации	В разработке	ISPDN
463	УПД.12	Поддержка и сохранение атрибутов безопасности (меток безопасности), связанных с информацией в процессе ее хранения и обработки	В разработке	ISPDN
464	УПД.13	Реализация защищенного удаленного доступа субъектов доступа к объектам доступа через внешние информационно-телекоммуникационные сети	В разработке	ISPDN
465	УПД.14	Регламентация и контроль использования в информационной системе технологий беспроводного доступа	В разработке	ISPDN
466	УПД.15	Регламентация и контроль использования в информационной системе мобильных технических средств	В разработке	ISPDN
467	УПД.16	Управление взаимодействием с информационными системами сторонних организаций (внешние информационные системы)	В разработке	ISPDN
468	УПД.17	Обеспечение доверенной загрузки средств вычислительной техники	В разработке	ISPDN
469	ОПС.1	Управление запуском (обращениями) компонентов программного обеспечения, в том числе определение запускаемых компонентов, настройка параметров запуска компонентов, контроль за запуском компонентов программного обеспечения	В разработке	ISPDN
470	ОПС.2	Управление установкой (инсталляцией) компонентов программного обеспечения, в том числе определение компонентов, подлежащих установке, настройка параметров установки компонентов, контроль за установкой компонентов программного обеспечения	В разработке	ISPDN
471	ОПС.3	Установка (инсталляция) только разрешенного к использованию программного обеспечения и (или) его компонентов	В разработке	ISPDN
472	ОПС.4	Управление временными файлами, в том числе запрет, разрешение, перенаправление записи, удаление временных файлов	В разработке	ISPDN
473	ЗНИ.1	Учет машинных носителей персональных данных	В разработке	ISPDN
474	ЗНИ.2	Управление доступом к машинным носителям персональных данных	В разработке	ISPDN
475	ЗНИ.3	Контроль перемещения машинных носителей персональных данных за пределы контролируемой зоны	В разработке	ISPDN
476	ЗНИ.4	Исключение возможности несанкционированного ознакомления с содержанием персональных данных, хранящихся на машинных носителях, и (или) использования носителей персональных данных в иных информационных системах	В разработке	ISPDN
477	ЗНИ.5	Контроль использования интерфейсов ввода (вывода) информации на машинные носители персональных данных	В разработке	ISPDN
478	ЗНИ.6	Контроль ввода (вывода) информации на машинные носители персональных данных	В разработке	ISPDN
479	ЗНИ.7	Контроль подключения машинных носителей персональных данных	В разработке	ISPDN
506	ОДТ.2	Резервирование технических средств, программного обеспечения, каналов передачи информации, средств обеспечения функционирования информационной системы	В разработке	ISPDN
480	ЗНИ.8	Уничтожение (стирание) или обезличивание персональных данных на машинных носителях при их передаче между пользователями, в сторонние организации для ремонта или утилизации, а также контроль уничтожения (стирания) или обезличивания	В разработке	ISPDN
481	РСБ.1	Определение событий безопасности, подлежащих регистрации, и сроков их хранения	В разработке	ISPDN
482	РСБ.2	Определение состава и содержания информации о событиях безопасности, подлежащих регистрации	В разработке	ISPDN
483	РСБ.3	Сбор, запись и хранение информации о событиях безопасности в течение установленного времени хранения	В разработке	ISPDN
484	РСБ.4	Реагирование на сбои при регистрации событий безопасности, в том числе аппаратные и программные ошибки, сбои в механизмах сбора информации и достижение предела или переполнения объема (емкости) памяти	В разработке	ISPDN
485	РСБ.5	Мониторинг (просмотр, анализ) результатов регистрации событий безопасности и реагирование на них	В разработке	ISPDN
486	РСБ.6	Генерирование временных меток и (или) синхронизация системного времени в информационной системе	В разработке	ISPDN
487	РСБ.7	Защита информации о событиях безопасности	В разработке	ISPDN
488	АВЗ.1	Реализация антивирусной защиты	В разработке	ISPDN
489	АВЗ.2	Обновление базы данных признаков вредоносных компьютерных программ (вирусов)	В разработке	ISPDN
490	СОВ.1	Обнаружение вторжений	В разработке	ISPDN
491	СОВ.2	Обновление базы решающих правил	В разработке	ISPDN
492	АНЗ.1	Выявление, анализ уязвимостей информационной системы и оперативное устранение вновь выявленных уязвимостей	В разработке	ISPDN
493	АНЗ.2	Контроль установки обновлений программного обеспечения, включая обновление программного обеспечения средств защиты информации	В разработке	ISPDN
494	АНЗ.3	Контроль работоспособности, параметров настройки и правильности функционирования программного обеспечения и средств защиты информации	В разработке	ISPDN
495	АНЗ.4	Контроль состава технических средств, программного обеспечения и средств защиты информации	В разработке	ISPDN
496	АНЗ.5	Контроль правил генерации и смены паролей пользователей, заведения и удаления учетных записей пользователей, реализации правил разграничения доступа, полномочий пользователей в информационной системе	В разработке	ISPDN
497	ОЦЛ.1	Контроль целостности программного обеспечения, включая программное обеспечение средств защиты информации	В разработке	ISPDN
498	ОЦЛ.2	Контроль целостности персональных данных, содержащихся в базах данных информационной системы	В разработке	ISPDN
499	ОЦЛ.3	Обеспечение возможности восстановления программного обеспечения, включая программное обеспечение средств защиты информации, при возникновении нештатных ситуаций	В разработке	ISPDN
500	ОЦЛ.4	Обнаружение и реагирование на поступление в информационную систему незапрашиваемых электронных сообщений (писем, документов) и иной информации, не относящихся к функционированию информационной системы (защита от спама)	В разработке	ISPDN
501	ОЦЛ.5	Контроль содержания информации, передаваемой из информационной системы (контейнерный, основанный на свойствах объекта доступа, и (или) контентный, основанный на поиске запрещенной к передаче информации с использованием сигнатур, масок и иных методов), и исключение неправомерной передачи информации из информационной системы	В разработке	ISPDN
502	ОЦЛ.6	Ограничение прав пользователей по вводу информации в информационную систему	В разработке	ISPDN
503	ОЦЛ.7	Контроль точности, полноты и правильности данных, вводимых в информационную систему	В разработке	ISPDN
504	ОЦЛ.8	Контроль ошибочных действий пользователей по вводу и (или) передаче персональных данных и предупреждение пользователей об ошибочных действиях	В разработке	ISPDN
505	ОДТ.1	Использование отказоустойчивых технических средств	В разработке	ISPDN
507	ОДТ.3	Контроль безотказного функционирования технических средств, обнаружение и локализация отказов функционирования, принятие мер по восстановлению отказавших средств и их тестирование	В разработке	ISPDN
508	ОДТ.4	Периодическое резервное копирование персональных данных на резервные машинные носители персональных данных	В разработке	ISPDN
509	ОДТ.5	Обеспечение возможности восстановления персональных данных с резервных машинных носителей персональных данных (резервных копий) в течение установленного временного интервала	В разработке	ISPDN
510	ЗСВ.1	Идентификация и аутентификация субъектов доступа и объектов доступа в виртуальной инфраструктуре, в том числе администраторов управления средствами виртуализации	В разработке	ISPDN
511	ЗСВ.2	Управление доступом субъектов доступа к объектам доступа в виртуальной инфраструктуре, в том числе внутри виртуальных машин	В разработке	ISPDN
512	ЗСВ.3	Регистрация событий безопасности в виртуальной инфраструктуре	В разработке	ISPDN
513	ЗСВ.4	Управление (фильтрация, маршрутизация, контроль соединения, однонаправленная передача) потоками информации между компонентами виртуальной инфраструктуры, а также по периметру виртуальной инфраструктуры	В разработке	ISPDN
514	ЗСВ.5	Доверенная загрузка серверов виртуализации, виртуальной машины (контейнера), серверов управления виртуализацией	В разработке	ISPDN
515	ЗСВ.6	Управление перемещением виртуальных машин (контейнеров) и обрабатываемых на них данных	В разработке	ISPDN
516	ЗСВ.7	Контроль целостности виртуальной инфраструктуры и ее конфигураций	В разработке	ISPDN
517	ЗСВ.8	Резервное копирование данных, резервирование технических средств, программного обеспечения виртуальной инфраструктуры, а также каналов связи внутри виртуальной инфраструктуры	В разработке	ISPDN
518	ЗСВ.9	Реализация и управление антивирусной защитой в виртуальной инфраструктуре	В разработке	ISPDN
519	ЗСВ.10	Разбиение виртуальной инфраструктуры на сегменты (сегментирование виртуальной инфраструктуры) для обработки персональных данных отдельным пользователем и (или) группой пользователей	В разработке	ISPDN
520	ЗТС.1	Защита информации, обрабатываемой техническими средствами, от ее утечки по техническим каналам	В разработке	ISPDN
521	ЗТС.2	Организация контролируемой зоны, в пределах которой постоянно размещаются стационарные технические средства, обрабатывающие информацию, и средства защиты информации, а также средства обеспечения функционирования	В разработке	ISPDN
522	ЗТС.3	Контроль и управление физическим доступом к техническим средствам, средствам защиты информации, средствам обеспечения функционирования, а также в помещения и сооружения, в которых они установлены, исключающие несанкционированный физический доступ к средствам обработки информации, средствам защиты информации и средствам обеспечения функционирования информационной системы, в помещения и сооружения, в которых они установлены	В разработке	ISPDN
523	ЗТС.4	Размещение устройств вывода (отображения) информации, исключающее ее несанкционированный просмотр	В разработке	ISPDN
524	ЗТС.5	Защита от внешних воздействий (воздействий окружающей среды, нестабильности электроснабжения, кондиционирования и иных внешних факторов)	В разработке	ISPDN
525	ЗИС.1	Разделение в информационной системе функций по управлению (администрированию) информационной системой, управлению (администрированию) системой защиты персональных данных, функций по обработке персональных данных и иных функций информационной системы	В разработке	ISPDN
526	ЗИС.2	Предотвращение задержки или прерывания выполнения процессов с высоким приоритетом со стороны процессов с низким приоритетом	В разработке	ISPDN
527	ЗИС.3	Обеспечение защиты персональных данных от раскрытия, модификации и навязывания (ввода ложной информации) при ее передаче (подготовке к передаче) по каналам связи, имеющим выход за пределы контролируемой зоны, в том числе беспроводным каналам связи	В разработке	ISPDN
528	ЗИС.4	Обеспечение доверенных канала, маршрута между администратором, пользователем и средствами защиты информации (функциями безопасности средств защиты информации)	В разработке	ISPDN
529	ЗИС.5	Запрет несанкционированной удаленной активации видеокамер, микрофонов и иных периферийных устройств, которые могут активироваться удаленно, и оповещение пользователей об активации таких устройств	В разработке	ISPDN
530	ЗИС.6	Передача и контроль целостности атрибутов безопасности (меток безопасности), связанных с персональными данными, при обмене ими с иными информационными системами	В разработке	ISPDN
531	ЗИС.7	Контроль санкционированного и исключение несанкционированного использования технологий мобильного кода, в том числе регистрация событий, связанных с использованием технологий мобильного кода, их анализ и реагирование на нарушения, связанные с использованием технологий мобильного кода	В разработке	ISPDN
532	ЗИС.8	Контроль санкционированного и исключение несанкционированного использования технологий передачи речи, в том числе регистрация событий, связанных с использованием технологий передачи речи, их анализ и реагирование на нарушения, связанные с использованием технологий передачи речи	В разработке	ISPDN
533	ЗИС.9	Контроль санкционированной и исключение несанкционированной передачи видеоинформации, в том числе регистрация событий, связанных с передачей видеоинформации, их анализ и реагирование на нарушения, связанные с передачей видеоинформации	В разработке	ISPDN
534	ЗИС.10	Подтверждение происхождения источника информации, получаемой в процессе определения сетевых адресов по сетевым именам или определения сетевых имен по сетевым адресам	В разработке	ISPDN
535	ЗИС.11	Обеспечение подлинности сетевых соединений (сеансов взаимодействия), в том числе для защиты от подмены сетевых устройств и сервисов	В разработке	ISPDN
536	ЗИС.12	Исключение возможности отрицания пользователем факта отправки персональных данных другому пользователю	В разработке	ISPDN
537	ЗИС.13	Исключение возможности отрицания пользователем факта получения персональных данных от другого пользователя	В разработке	ISPDN
538	ЗИС.14	Использование устройств терминального доступа для обработки персональных данных	В разработке	ISPDN
539	ЗИС.15	Защита архивных файлов, параметров настройки средств защиты информации и программного обеспечения и иных данных, не подлежащих изменению в процессе обработки персональных данных	В разработке	ISPDN
540	ЗИС.16	Выявление, анализ и блокирование в информационной системе скрытых каналов передачи информации в обход реализованных мер или внутри разрешенных сетевых протоколов	В разработке	ISPDN
541	ЗИС.17	Разбиение информационной системы на сегменты (сегментирование информационной системы) и обеспечение защиты периметров сегментов информационной системы	В разработке	ISPDN
542	ЗИС.18	Обеспечение загрузки и исполнения программного обеспечения с машинных носителей персональных данных, доступных только для чтения, и контроль целостности данного программного обеспечения	В разработке	ISPDN
543	ЗИС.19	Изоляция процессов (выполнение программ) в выделенной области памяти	В разработке	ISPDN
544	ЗИС.20	Защита беспроводных соединений, применяемых в информационной системе	В разработке	ISPDN
545	ИНЦ.1	Определение лиц, ответственных за выявление инцидентов и реагирование на них	В разработке	ISPDN
546	ИНЦ.2	Обнаружение, идентификация и регистрация инцидентов	В разработке	ISPDN
547	ИНЦ.3	Своевременное информирование лиц, ответственных за выявление инцидентов и реагирование на них, о возникновении инцидентов в информационной системе пользователями и администраторами	В разработке	ISPDN
548	ИНЦ.4	Анализ инцидентов, в том числе определение источников и причин возникновения инцидентов, а также оценка их последствий	В разработке	ISPDN
549	ИНЦ.5	Принятие мер по устранению последствий инцидентов	В разработке	ISPDN
550	ИНЦ.6	Планирование и принятие мер по предотвращению повторного возникновения инцидентов	В разработке	ISPDN
551	УКФ.1	Определение лиц, которым разрешены действия по внесению изменений в конфигурацию информационной системы и системы защиты персональных данных	В разработке	ISPDN
552	УКФ.2	Управление изменениями конфигурации информационной системы и системы защиты персональных данных	В разработке	ISPDN
553	УКФ.3	Анализ потенциального воздействия планируемых изменений в конфигурации информационной системы и системы защиты персональных данных на обеспечение защиты персональных данных и согласование изменений в конфигурации информационной системы с должностным лицом (работником), ответственным за обеспечение безопасности персональных данных	В разработке	ISPDN
554	УКФ.4	Документирование информации (данных) об изменениях в конфигурации информационной системы и системы защиты персональных данных	В разработке	ISPDN
12	УПД.5	Назначение минимально необходимых прав и привилегий пользователям, администраторам и лицам, обеспечивающим функционирование информационной системы	Требования к реализации\tУПД.5: Оператором должно быть обеспечено\nназначение прав и привилегий пользователям и запускаемым от их имени процессам, администраторам и лицам, обеспечивающим функционирование информационной системы, минимально необходимых для выполнения ими своих должностных обязанностей (функций), и санкционирование доступа к объектам доступа в соответствии с минимально необходимыми правами и привилегиями.\nОператором должны быть однозначно определены и зафиксированы в организационно-распорядительных документах по защите информации (задокументированы) роли и (или) должностные обязанности (функции), также объекты доступа, в отношении которых установлен наименьший уровень привилегий. Доступ к объектам доступа с учетом минимально необходимых прав и привилегий обеспечивается в соответствии с УПД.2.\n	GIS
33	ЗНИ.5	Контроль использования интерфейсов ввода (вывода) информации на машинные носители информации	Требования к реализации\tЗНИ.5: В информационной\tсистеме\tдолжен осуществляться контроль использования интерфейсов ввода (вывода).\nКонтроль использования (разрешение или запрет) интерфейсов ввода (вывода) должен предусматривать:\nопределение\tоператором\tинтерфейсов\tсредств\tвычислительной\tтехники,\nкоторые могут использоваться для ввода (вывода) информации, разрешенных и (или) запрещенных к использованию в информационной системе;\nопределение\tоператором\tкатегорий\tпользователей,\tкоторым\tпредоставлен доступ к разрешенным к использованию интерфейсов ввода (вывода);\nпринятие мер, исключающих\tвозможность\tиспользования\tзапрещенных интерфейсов ввода (вывода);\nконтроль доступа пользователей к разрешенным к использованию интерфейсов ввода (вывода).\nВ качестве мер,\tисключающих\tвозможность\tиспользования\tзапрещенных интерфейсов ввода (вывода), могут применяться:\nопечатывание интерфейсов ввода (вывода); использование механических запирающих устройств;\nудаление драйверов, обеспечивающих работу интерфейсов ввода (вывода); применение\tсредств\tзащиты\tинформации,\tобеспечивающих\tконтроль\nиспользования интерфейсов ввода (вывода).\nПравила и процедуры контроля использования интерфейсов ввода (вывода) регламентируются в организационно-распорядительных документах оператора по защите информации.\n	GIS
555	ИАФ.0	Регламентация правил и процедур идентификации и аутентификации	В разработке	KII
556	ИАФ.1	Идентификация и аутентификация пользователей и инициируемых ими процессов	В разработке	KII
557	ИАФ.2	Идентификация и аутентификация устройств	В разработке	KII
558	ИАФ.3	Управление идентификаторами	В разработке	KII
559	ИАФ.4	Управление средствами аутентификации	В разработке	KII
560	ИАФ.5	Идентификация и аутентификация внешних пользователей	В разработке	KII
561	ИАФ.6	Двусторонняя аутентификация	В разработке	KII
562	ИАФ.7	Защита аутентификационной информации при передаче	В разработке	KII
563	УПД.0	Регламентация правил и процедур управления доступом	В разработке	KII
564	УПД.1	Управление учетными записями пользователей	В разработке	KII
565	УПД.2	Реализация модели управления доступом	В разработке	KII
566	УПД.3	Доверенная загрузка	В разработке	KII
567	УПД.4	Разделение полномочий (ролей) пользователей	В разработке	KII
568	УПД.5	Назначение минимально необходимых прав и привилегий	В разработке	KII
569	УПД.6	Ограничение неуспешных попыток доступа в информационную (автоматизированную) систему	В разработке	KII
570	УПД.7	Предупреждение пользователя при его доступе к информационным ресурсам	В разработке	KII
571	УПД.8	Оповещение пользователя при успешном входе о предыдущем доступе к информационной (автоматизированной) системе	В разработке	KII
572	УПД.9	Ограничение числа параллельных сеансов доступа	В разработке	KII
573	УПД.10	Блокирование сеанса доступа пользователя при неактивности	В разработке	KII
574	УПД.11	Управление действиями пользователей до идентификации и аутентификации	В разработке	KII
575	УПД.12	Управление атрибутами безопасности	В разработке	KII
576	УПД.13	Реализация защищенного удаленного доступа	В разработке	KII
577	УПД.14	Контроль доступа из внешних информационных (автоматизированных) систем	В разработке	KII
578	ОПС.0	Регламентация правил и процедур ограничения программной среды	В разработке	KII
579	ОПС.1	Управление запуском (обращениями) компонентов программного обеспечения	В разработке	KII
580	ОПС.2	Управление установкой (инсталляцией) компонентов программного обеспечения	В разработке	KII
581	ОПС.3	Управление временными файлами	В разработке	KII
582	ЗНИ.0	Регламентация правил и процедур защиты машинных носителей информации	В разработке	KII
583	ЗНИ.1	Учет машинных носителей информации	В разработке	KII
584	ЗНИ.2	Управление физическим доступом к машинным носителям информации	В разработке	KII
585	ЗНИ.3	Контроль перемещения машинных носителей информации за пределы контролируемой зоны	В разработке	KII
586	ЗНИ.4	Исключение возможности несанкционированного чтения информации на машинных носителях информации	В разработке	KII
587	ЗНИ.5	Контроль использования интерфейсов ввода (вывода) информации на съемные машинные носители информации	В разработке	KII
588	ЗНИ.6	Контроль ввода (вывода) информации на съемные машинные носители информации	В разработке	KII
589	ЗНИ.7	Контроль подключения съемных машинных носителей информации	В разработке	KII
590	ЗНИ.8	Уничтожение (стирание) информации на машинных носителях информации	В разработке	KII
591	АУД.0	Регламентация правил и процедур аудита безопасности	В разработке	KII
592	АУД.1	Инвентаризация информационных ресурсов	В разработке	KII
593	АУД.2	Анализ уязвимостей и их устранение	В разработке	KII
594	АУД.3	Генерирование временных меток и (или) синхронизация системного времени	В разработке	KII
595	АУД.4	Регистрация событий безопасности	В разработке	KII
596	АУД.5	Контроль и анализ сетевого трафика	В разработке	KII
597	АУД.6	Защита информации о событиях безопасности	В разработке	KII
598	АУД.7	Мониторинг безопасности	В разработке	KII
599	АУД.8	Реагирование на сбои при регистрации событий безопасности	В разработке	KII
600	АУД.9	Анализ действий отдельных пользователей	В разработке	KII
601	АУД.10	Проведение внутренних аудитов	В разработке	KII
602	АУД.11	Проведение внешних аудитов	В разработке	KII
603	АВЗ.0	Регламентация правил и процедур антивирусной защиты	В разработке	KII
604	АВЗ.1	Реализация антивирусной защиты	В разработке	KII
605	АВЗ.2	Антивирусная защита электронной почты и иных сервисов	В разработке	KII
606	АВЗ.3	Контроль использования архивных, исполняемых и зашифрованных файлов	В разработке	KII
607	АВЗ.4	Обновление базы данных признаков вредоносных компьютерных программ (вирусов)	В разработке	KII
608	АВЗ.5	Использование средств антивирусной защиты различных производителей	В разработке	KII
609	СОВ.0	Регламентация правил и процедур предотвращения вторжений (компьютерных атак)	В разработке	KII
610	СОВ.1	Обнаружение и предотвращение компьютерных атак	В разработке	KII
611	СОВ.2	Обновление базы решающих правил	В разработке	KII
612	ОЦЛ.0	Регламентация правил и процедур обеспечения целостности	В разработке	KII
613	ОЦЛ.1	Контроль целостности программного обеспечения	В разработке	KII
614	ОЦЛ.2	Контроль целостности информации	В разработке	KII
615	ОЦЛ.3	Ограничения по вводу информации в информационную (автоматизированную) систему	В разработке	KII
616	ОЦЛ.4	Контроль данных, вводимых в информационную (автоматизированную) систему	В разработке	KII
617	ОЦЛ.5	Контроль ошибочных действий пользователей по вводу и (или) передаче информации и предупреждение пользователей об ошибочных действиях	В разработке	KII
618	ОЦЛ.6	Обезличивание и (или) деидентификация информации	В разработке	KII
619	ОДТ.0	Регламентация правил и процедур обеспечения доступности	В разработке	KII
620	ОДТ.1	Использование отказоустойчивых технических средств	В разработке	KII
621	ОДТ.2	Резервирование средств и систем	В разработке	KII
622	ОДТ.3	Контроль безотказного функционирования средств и систем	В разработке	KII
623	ОДТ.4	Резервное копирование информации	В разработке	KII
624	ОДТ.5	Обеспечение возможности восстановления информации	В разработке	KII
625	ОДТ.6	Обеспечение возможности восстановления программного обеспечения при нештатных ситуациях	В разработке	KII
626	ОДТ.7	Кластеризация информационной (автоматизированной) системы	В разработке	KII
627	ОДТ.8	Контроль предоставляемых вычислительных ресурсов и каналов связи	В разработке	KII
628	ЗТС.0	Регламентация правил и процедур защиты технических средств и систем	В разработке	KII
629	ЗТС.1	Защита информации от утечки по техническим каналам	В разработке	KII
630	ЗТС.2	Организация контролируемой зоны	В разработке	KII
631	ЗТС.3	Управление физическим доступом	В разработке	KII
632	ЗТС.4	Размещение устройств вывода (отображения) информации, исключающее ее несанкционированный просмотр	В разработке	KII
633	ЗТС.5	Защита от внешних воздействий	В разработке	KII
634	ЗТС.6	Маркирование аппаратных компонентов системы относительно разрешенной к обработке информации	В разработке	KII
635	ЗИС.0	Регламентация правил и процедур защиты информационной (автоматизированной) системы и ее компонентов	В разработке	KII
636	ЗИС.1	Разделение функций по управлению (администрированию) информационной (автоматизированной) системой с иными функциями	В разработке	KII
637	ЗИС.2	Защита периметра информационной (автоматизированной) системы	В разработке	KII
638	ЗИС.3	Эшелонированная защита информационной (автоматизированной) системы	В разработке	KII
639	ЗИС.4	Сегментирование информационной (автоматизированной) системы	В разработке	KII
640	ЗИС.5	Организация демилитаризованной зоны	В разработке	KII
641	ЗИС.6	Управление сетевыми потоками	В разработке	KII
642	ЗИС.7	Использование эмулятора среды функционирования программного обеспечения ("песочница")	В разработке	KII
643	ЗИС.8	Сокрытие архитектуры и конфигурации информационной (автоматизированной) системы	В разработке	KII
644	ЗИС.9	Создание гетерогенной среды	В разработке	KII
645	ЗИС.10	Использование программного обеспечения, функционирующего в средах различных операционных систем	В разработке	KII
646	ЗИС.11	Предотвращение задержки или прерывания выполнения процессов с высоким приоритетом со стороны процессов с низким приоритетом	В разработке	KII
647	ЗИС.12	Изоляция процессов (выполнение программ) в выделенной области памяти	В разработке	KII
648	ЗИС.13	Защита неизменяемых данных	В разработке	KII
649	ЗИС.14	Использование неперезаписываемых машинных носителей информации	В разработке	KII
650	ЗИС.15	Реализация электронного почтового обмена с внешними сетями через ограниченное количество контролируемых точек	В разработке	KII
651	ЗИС.16	Защита от спама	В разработке	KII
652	ЗИС.17	Защита информации от утечек	В разработке	KII
653	ЗИС.18	Блокировка доступа к сайтам или типам сайтов, запрещенных к использованию	В разработке	KII
654	ЗИС.19	Защита информации при ее передаче по каналам связи	В разработке	KII
655	ЗИС.20	Обеспечение доверенных канала, маршрута	В разработке	KII
656	ЗИС.21	Запрет несанкционированной удаленной активации периферийных устройств	В разработке	KII
657	ЗИС.22	Управление атрибутами безопасности при взаимодействии с иными информационными (автоматизированными) системами	В разработке	KII
658	ЗИС.23	Контроль использования мобильного кода	В разработке	KII
659	ЗИС.24	Контроль передачи речевой информации	В разработке	KII
660	ЗИС.25	Контроль передачи видеоинформации	В разработке	KII
661	ЗИС.26	Подтверждение происхождения источника информации	В разработке	KII
662	ЗИС.27	Обеспечение подлинности сетевых соединений	В разработке	KII
663	ЗИС.28	Исключение возможности отрицания отправки информации	В разработке	KII
664	ЗИС.29	Исключение возможности отрицания получения информации	В разработке	KII
665	ЗИС.30	Использование устройств терминального доступа	В разработке	KII
666	ЗИС.31	Защита от скрытых каналов передачи информации	В разработке	KII
667	ЗИС.32	Защита беспроводных соединений	В разработке	KII
668	ЗИС.33	Исключение доступа через общие ресурсы	В разработке	KII
669	ЗИС.34	Защита от угроз отказа в обслуживании (DOS, DDOS-атак)	В разработке	KII
670	ЗИС.35	Управление сетевыми соединениями	В разработке	KII
671	ЗИС.36	Создание (эмуляция) ложных компонентов информационных (автоматизированных) систем	В разработке	KII
672	ЗИС.37	Перевод информационной (автоматизированной) системы в безопасное состояние при возникновении отказов (сбоев)	В разработке	KII
673	ЗИС.38	Защита информации при использовании мобильных устройств	В разработке	KII
674	ЗИС.39	Управление перемещением виртуальных машин (контейнеров) и обрабатываемых на них данных	В разработке	KII
675	ИНЦ.0	Регламентация правил и процедур реагирования на компьютерные инциденты	В разработке	KII
676	ИНЦ.1	Выявление компьютерных инцидентов	В разработке	KII
677	ИНЦ.2	Информирование о компьютерных инцидентах	В разработке	KII
678	ИНЦ.3	Анализ компьютерных инцидентов	В разработке	KII
679	ИНЦ.4	Устранение последствий компьютерных инцидентов	В разработке	KII
680	ИНЦ.5	Принятие мер по предотвращению повторного возникновения компьютерных инцидентов	В разработке	KII
681	ИНЦ.6	Хранение и защита информации о компьютерных инцидентах	В разработке	KII
682	УКФ.0	Регламентация правил и процедур управления конфигурацией информационной (автоматизированной) системы	В разработке	KII
683	УКФ.1	Идентификация объектов управления конфигурацией	В разработке	KII
684	УКФ.2	Управление изменениями	В разработке	KII
685	УКФ.3	Установка (инсталляция) только разрешенного к использованию программного обеспечения	В разработке	KII
686	УКФ.4	Контроль действий по внесению изменений	В разработке	KII
687	ОПО.0	Регламентация правил и процедур управления обновлениями программного обеспечения	В разработке	KII
688	ОПО.1	Поиск, получение обновлений программного обеспечения от доверенного источника	В разработке	KII
689	ОПО.2	Контроль целостности обновлений программного обеспечения	В разработке	KII
690	ОПО.3	Тестирование обновлений программного обеспечения	В разработке	KII
691	ОПО.4	Установка обновлений программного обеспечения	В разработке	KII
692	ПЛН.0	Регламентация правил и процедур планирования мероприятий по обеспечению защиты информации	В разработке	KII
693	ПЛН.1	Разработка, утверждение и актуализация плана мероприятий по обеспечению защиты информации	В разработке	KII
694	ПЛН.2	Контроль выполнения мероприятий по обеспечению защиты информации	В разработке	KII
695	ДНС.0	Регламентация правил и процедур обеспечения действий в нештатных ситуациях	В разработке	KII
696	ДНС.1	Разработка плана действий в нештатных ситуациях	В разработке	KII
697	ДНС.2	Обучение и отработка действий персонала в нештатных ситуациях	В разработке	KII
698	ДНС.3	Создание альтернативных мест хранения и обработки информации на случай возникновения нештатных ситуаций	В разработке	KII
699	ДНС.4	Резервирование программного обеспечения, технических средств, каналов связи на случай возникновения нештатных ситуаций	В разработке	KII
700	ДНС.5	Обеспечение возможности восстановления информационной (автоматизированной) системы в случае возникновения нештатных ситуаций	В разработке	KII
701	ДНС.6	Анализ возникших нештатных ситуаций и принятие мер по недопущению их повторного возникновения	В разработке	KII
702	ИПО.0	Регламентация правил и процедур информирования и обучения персонала	В разработке	KII
703	ИПО.1	Информирование персонала об угрозах безопасности информации и о правилах безопасной работы	В разработке	KII
704	ИПО.2	Обучение персонала правилам безопасной работы	В разработке	KII
705	ИПО.3	Проведение практических занятий с персоналом по правилам безопасной работы	В разработке	KII
706	ИПО.4	Контроль осведомленности персонала об угрозах безопасности информации и о правилах безопасной работы	В разработке	KII
67	ОДТ.6	Кластеризация информационной системы и (или) ее сегментов	Требования к реализации ОДТ.6: В информационной системе должно обеспечиваться выделение групп однотипных узлов, объединенных каналами передачи информации и рассматриваемых как единый программно-технический ресурс, информационной системы в целом и (или) отдельных ее сегментов (серверов приложений, файловых серверов, серверов баз данных, средств защиты информации и иных сегментов) для обеспечения доступности информации, сервисов и механизмов защиты информации.	GIS
81	ЗТС.3	Контроль и управление физическим доступом к техническим средствам, средствам защиты информации, средствам обеспечения функционирования, а также в помещения и сооружения, в которых они установлены, исключающие несанкционированный физический доступ к средствам обработки информации, средствам защиты информации и средствам обеспечения функционирования информационной системы и помещения и сооружения, в которых они установлены	Требования к реализации ЗТС.3: Оператором должны обеспечиваться контроль и управление физическим доступом к техническим средствам, средствам защиты информации, средствам обеспечения функционирования, а также в помещения и сооружения, в которых они установлены, исключающие несанкционированный физический доступ к средствам обработки информации, средствам защиты информации и средствам обеспечения функционирования информационной системы и помещения и сооружения, в которых они установлены.\nКонтроль и управление физическим доступом должны предусматривать: определение лиц, допущенных к техническим средствам, средствам защиты\nинформации, средствам обеспечения функционирования, а также в помещения и сооружения, в которых они установлены;\nсанкционирование физического доступа к техническим средствам, средствам защиты информации, средствам обеспечения функционирования, а также в помещения и сооружения, в которых они установлены;\nучет физического доступа к техническим средствам, средствам защиты информации, средствам обеспечения функционирования, а также в помещения и сооружения, в которых они установлены.\nПравила и процедуры контроля и управления физическим доступом регламентируются в организационно-распорядительных документах оператора по защите информации.\n	GIS
69	ЗСВ.1	Идентификация и аутентификация субъектов доступа и объектов доступа в виртуальной инфраструктуре, в том числе администраторов управления средствами виртуализации	Требования к реализации ЗСВ.1: В информационной системе должны обеспечиваться идентификация и аутентификация субъектов доступа и объектов доступа в виртуальной инфраструктуре, в том числе администраторов управления средствами виртуализации, в соответствии с ИАФ.1, ИАФ.2, ИАФ.3, ИАФ.4, ИАФ.5, ИАФ.6 и ИАФ.7.\nВиртуальная инфраструктура включает среду виртуализации (программное обеспечение, служебные данные компонентов виртуальной инфраструктуры) и аппаратное обеспечение (аппаратные средства,\nнеобходимые для функционирования среды виртуализации, в том числе средства резервного копирования и защиты информации).\nВ качестве компонентов виртуальной инфраструктуры необходимо, как минимум, рассматривать серверное оборудование, аппаратное обеспечение консолей управления, оборудование хранения данных, сетевое оборудование, гипервизор, хостовую операционную систему (если применимо), виртуальные машины, программную среду виртуальных машин (в том числе их операционные системы и программное обеспечение), виртуальное аппаратное обеспечение, виртуализированное программное обеспечение (виртуальные машины с предустановленным программным обеспечением, предназначенным для выполнения определенных функций в виртуальной инфраструктуре), программное обеспечение управления виртуальной\nинфраструктурой (в том числе гипервизором, настройками виртуальных машин, миграцией виртуальных машин, балансировкой нагрузки), служебные данные компонентов виртуальной инфраструктуры (настройки и иные служебные данные), средства резервного копирования компонентов среды виртуализации и средства защиты информации, используемые в рамках виртуальных машин и виртуальной инфраструктуры в целом.\nВ качестве объектов доступа в виртуальной инфраструктуре необходимо, как минимум, рассматривать программное обеспечение управления виртуальной инфраструктурой, гипервизор, хостовую операционную систему (если применимо), виртуальные машины, программную среду виртуальных машин (в том числе их операционные системы и программное обеспечение), виртуальные контейнеры (зоны), виртуализированное программное обеспечение (виртуальные машины с предустановленным программным обеспечением, предназначенная для выполнения определенных функций в виртуальной инфраструктуре), средства защиты информации, используемые в рамках виртуальных машин и виртуальной инфраструктуры в целом.\nПри реализации мер по идентификации и аутентификации субъектов доступа и объектов доступа в виртуальной инфраструктуре должны обеспечиваться:\nидентификация и аутентификация администраторов управления средствами виртуализации;\nидентификация и аутентификация субъектов доступа при их локальном и удалённом обращении к объектам доступа в виртуальной инфраструктуре;\nблокировка доступа к компонентам виртуальной инфраструктуры для субъектов доступа, не прошедших процедуру аутентификации;\nзащита аутентификационной информации субъектов доступа, хранящейся в компонентах виртуальной инфраструктуры от неправомерных доступа к ней, уничтожения или модифицирования;\nзащита аутентификационной информации в процессе ее ввода для аутентификации в виртуальной инфраструктуре от возможного использования лицами, не имеющими на это полномочий;\nидентификация и аутентификация субъектов доступа при осуществлении ими попыток доступа к средствам управления параметрами аппаратного обеспечения виртуальной инфраструктуры.\nВнутри развернутых на базе виртуальной инфраструктуры виртуальных машин должна быть также обеспечена реализация мер по идентификации и аутентификации субъектов и объектов доступа в соответствии с ИАФ.1 - ИАФ.7.\n	GIS
70	ЗСВ.2	Управление доступом субъектов доступа к объектам доступа в виртуальной инфраструктуре, в том числе внутри виртуальных машин	Требования к реализации ЗСВ.2: В информационной системе должно обеспечиваться управление доступом субъектов доступа к объектам доступа, в том числе внутри виртуальных машин, в соответствии с УПД.1, УПД.2, УПД.4, УПД.5, УПД.6, УПД.9, УПД.10, УПД.11, УПД.12, УПД.13.\nПри реализации мер по управлению доступом субъектов доступа к объектам доступа в виртуальной инфраструктуре должны обеспечиваться:\nконтроль доступа субъектов доступа к средствам управления компонентами виртуальной инфраструктуры;\nконтроль доступа субъектов доступа к файлам-образам виртуализированного программного обеспечения, виртуальных машин, файлам-образам, служебным данным, используемым для обеспечения работы виртуальных файловых систем, и иным служебным данным средств виртуальной среды;\nуправление доступом к виртуальному аппаратному обеспечению информационной системы, являющимся объектом доступа;\nконтроль запуска виртуальных машин на основе заданных оператором правил (режима запуска, типа используемого носителя и иных правил).\nКроме того, меры по управлению доступом субъектов доступа к объектам доступа должны обеспечивать:\nразграничение доступа субъектов доступа, зарегистрированных на виртуальных машинах, к объектам доступа, расположенным внутри виртуальных машин, в соответствии с правилами разграничения доступа пользователей данных виртуальных машин (потребителей облачных услуг);\nразграничение доступа субъектов доступа, зарегистрированных на виртуальных машинах, к ресурсам информационной системы, размещенным за пределами виртуальных машин, в соответствии с правилами разграничения доступа принятыми в информационной системе в целом.\n	GIS
22	УПД.15	Регламентация и контроль использования в информационной системе мобильных технических средств	Требования к реализации УПД.15: Оператором должны обеспечиваться регламентация и контроль использования в информационной системе мобильных технических средств, направленные на защиту информации в информационной системе.\nВ качестве мобильных технических средств рассматриваются съемные машинные носители информации (флэш-накопители, внешние накопители на жестких дисках и иные устройства), портативные вычислительные устройства и устройства связи с возможностью обработки информации (ноутбуки, нетбуки, планшеты, сотовые телефоны, цифровые камеры, звукозаписывающие устройства и иные устройства).\nРегламентация и контроль использования мобильных технических средств должны включать:\nустановление (в том числе документальное) видов доступа (беспроводной, проводной (коммутируемый), широкополосный и иные виды доступа), разрешенных для доступа к объектам доступа информационной системы с использованием мобильных технических средств, входящих в состав информационной системы;\nиспользование в составе информационной системы для доступа к объектам доступа мобильных технических средств (служебных мобильных технических средств), в которых реализованы меры защиты информации в соответствии с ЗИС.30;\nограничение на использование мобильных технических средств в соответствии с задачами (функциями) информационной системы, для решения которых использование таких средств необходимо, и предоставление доступа с использованием мобильных технических средств в соответствии с УПД.2;\nмониторинг и контроль применения мобильных технических средств на предмет выявления несанкционированного использования мобильных технических средств для\nдоступа к объектам доступа информационной системы;\nзапрет возможности запуска без команды пользователя в информационной системе программного обеспечения (программного кода), используемого для взаимодействия с мобильным техническим средством.\nПравила и процедуры применения мобильных технических средств, включая процедуры выдачи и возврата мобильных технических средств, а также их передачи на техническое обслуживание (процедура должна обеспечивать удаление или недоступность информации), регламентируются в организационно-распорядительных документах оператора по защите информации.\n	GIS
14	УПД.7	Предупреждение пользователя при его входе в информационную систему о том, что в информационной системе реализованы меры защиты информации, и о необходимости соблюдения им установленных оператором правил обработки информации	Требования к реализации УПД.7: В информационной системе должно быть обеспечено предупреждение пользователя в виде сообщения ("окна") при его входе в информационную систему (до процесса аутентификации) о том, что в информационной системе реализованы меры защиты информации, а также о том, что при работе в информационной системе пользователем должны быть соблюдены установленные оператором правила и ограничения на работу с информацией.\nВход в информационную систему и предоставление пользователю возможности работы в информационной системе осуществляются только после подтверждения пользователем ознакомления с предупреждением.\n	GIS
112	ЗИС.29	Перевод информационной системы или ее устройств (компонентов) в заранее определенную конфигурацию, обеспечивающую защиту информации, в случае возникновении отказов (сбоев) в системе защиты информации информационной системы	Требования к реализации ЗИС.29: В информационной системе должен осуществляться перевод информационной системы или ее устройств (компонентов) в заранее определенную конфигурацию, обеспечивающую защиту информации, в случае возникновении отказов (сбоев) в системе защиты информации информационной системы.\nПеревод информационной системы или ее устройств (компонентов) в заранее определенную конфигурацию должен обеспечивать защиту информации при наступлении (возникновении) отказов (сбоев) в функционировании информационной системы или ее сегментов, которые могут привести к нарушению конфиденциальности, целостности и (или) доступности этой информации.\nОператором должны быть определены типы отказов (сбоев) в системе защиты информации информационной системы, которые могут привести к нарушению конфиденциальности, целостности и (или) доступности этой информации, и при наступлении (возникновении) которых должен обеспечиваться перевод информационной системы или ее устройств (компонентов) в заранее определенную конфигурацию.\nЗаранее определенная конфигурация информационной системы должна содержать информацию о состоянии информационной системы и ее системе защиты информации (системная информация, параметры настроек программного обеспечения, включая средств защиты информации), достаточной для перезапуска информационной системы и обеспечения ее функционирования в штатном режиме, при котором также обеспечивается защита информации.\nРезервирование технических средств, программного обеспечения, каналов передачи информации, средств обеспечения функционирования информационной системы осуществляется в соответствии с ОДТ.2, резервное копирование информации\n- в соответствии с ОДТ.4.\n \nКонтроль безотказного функционирования технических средств информационной системы осуществляется в соответствии с ОДТ.3.\nОбеспечение возможности восстановления информации с резервных машинных носителей информации (резервных копий) в течение установленного временного интервала осуществляется в соответствии с ОДТ.5.\n	GIS
62	ОДТ.1	Использование отказоустойчивых технических средств	Требования к реализации ОДТ.1: Оператором должно обеспечиваться использование отказоустойчивых технических средств, предусматривающее:\nопределение сегментов информационной системы, в которых должны применяться отказоустойчивые технические средства, обладающие свойствами сохранять свою работоспособность после отказа одного или нескольких их составных частей, и перечня таких средств исходя из требуемых условий обеспечения непрерывности функционирования информационной системы и доступности информации, установленных оператором;\nопределение предельных (пороговых) значений характеристик (коэффициента) готовности, показывающего, какую долю времени от общего времени работы информационной системы техническое средство (техническое решение) находится в рабочем состоянии, и характеристик надежности (требуемое значение вероятности отказа в единицу времени) исходя из требуемых условий обеспечения непрерывности функционирования информационной системы и доступности информации, установленных оператором;\nприменение в информационной системе технических средств с установленными оператором характеристиками (коэффициентом) готовности и надежности, обеспечивающих требуемые условия непрерывности функционирования информационной системы и доступности информации;\nконтроль с установленной оператором периодичностью за значениями характеристик (коэффициентов) готовности и надежности технических средств и реагирование на ухудшение значений данных характеристик (инициализация плана восстановления работоспособности и иные методы реагирования);\nзамена технических средств, характеристики (коэффициенты) готовности и надежности которых достигли предельного значения.\nОператором должно быть обеспечено определение требуемых характеристик (коэффициентов) надежности и готовности в соответствии с национальными стандартами.\n	GIS
39	РСБ.3	Сбор, запись и хранение информации о событиях безопасности в течение установленного времени хранения	Требования к реализации РСБ.3: В информационной системе должны осуществляться сбор, запись и хранение информации о событиях безопасности в течение установленного оператором времени хранения информации о событиях безопасности.\nСбор, запись и хранение информации о событиях безопасности в течение установленного времени хранения должен предусматривать:\nвозможность выбора администратором безопасности событий безопасности, подлежащих регистрации в текущий момент времени из перечня событий безопасности определенных в соответствии с РСБ.1;\nгенерацию (сбор, запись) записей регистрации (аудита) для событий безопасности, подлежащих регистрации (аудиту) в соответствии с РСБ.1 с составом и содержанием информации, определенными в соответствии с РСБ.2;\nхранение информации о событиях безопасности в течение времени, установленного в соответствии с РСБ.1.\nОбъем памяти для хранения информации о событиях безопасности должен быть рассчитан и выделен с учетом типов событий безопасности, подлежащих регистрации в соответствии с РСБ.1, составом и содержанием информации о событиях безопасности,\nподлежащих регистрации, в соответствии с РСБ.2, прогнозируемой частоты возникновения подлежащих регистрации событий безопасности, срока хранения информации о зарегистрированных событиях безопасности в соответствии с РСБ.1.\nПравила и процедуры сбора, записи и хранения информации о событиях безопасности регламентируются в организационно-распорядительных документах оператора по защите информации.\n	GIS
75	ЗСВ.7	Контроль целостности виртуальной инфраструктуры и ее конфигураций	Требования к реализации ЗСВ.7: В информационной системе должен обеспечиваться контроль целостности компонентов виртуальной инфраструктуры в соответствии с ОЦЛ.1.\nПри реализации мер по контролю целостности компонентов виртуальной инфраструктуры должны обеспечиваться:\nконтроль целостности компонентов, критически важных для функционирования хостовой операционной системы, гипервизора, гостевых операционных систем и (или) обеспечения безопасности обрабатываемой в них информации (загрузчика, системных файлов, библиотек операционной системы и иных компонентов);\nконтроль целостности состава и конфигурации виртуального оборудования; контроль   целостности   файлов,   содержащих   параметры   настройки\nвиртуализированного программного обеспечения и виртуальных машин;\nконтроль целостности файлов-образов виртуализированного программного обеспечения и виртуальных машин, файлов-образов, используемых для обеспечения работы виртуальных файловых систем (контроль файлов-образов должен проводиться во время, когда файлы-образы не задействованы).\nВ информационной системе должен обеспечиваться контроль целостности резервных копий виртуальных машин (контейнеров).\n	GIS
85	ЗИС.2	Предотвращение задержки или прерывания выполнения процессов с высоким приоритетом со стороны процессов с низким приоритетом	Требования к реализации ЗИС.2: В информационной системе должно обеспечиваться предотвращение задержки или прерывания выполнения процессов с высоким приоритетом со стороны процессов (служб, сервисов) с низким приоритетом, предусматривающее:\nопределение приоритетов процессов (служб, сервисов) для пользователей и (или) групп пользователей и (или) ролей в информационной системе;\nвыполнение процессов (служб, сервисов) в информационной системе с учетом их приоритета (в первую очередь должны выполняться процессы с более высоким приоритетом);\nисключение задержки и (или) вмешательства в выполнение процессов (служб, сервисов) с более высоким приоритетом со стороны процессов (служб, сервисов) с более низким приоритетом.\n	GIS
72	ЗСВ.4	Управление (фильтрация, маршрутизация, контроль соединения, однонаправленная передача) потоками информации между компонентами виртуальной инфраструктуры, а также по периметру виртуальной инфраструктуры	Требования к реализации ЗСВ.4: В информационной системе должно осуществляться управление потоками информации между компонентами виртуальной инфраструктуры и по периметру виртуальной инфраструктуры в соответствии с УПД.3, ЗИС.3.\nПри реализации мер по управлению потоками информации между компонентами виртуальной инфраструктуры должны обеспечиваться:\nфильтрация сетевого трафика между компонентами виртуальной инфраструктуры, в том числе между внешними по отношению к серверу виртуализации сетями и внутренними по отношению к серверу виртуализации сетями, в том числе при организации сетевого обмена с сетями связи общего пользования;\nобеспечение доверенных канала, маршрута внутри виртуальной инфраструктуры между администратором, пользователем и средствами защиты информации (функциями безопасности);\nконтроль передачи служебных информационных сообщений, передаваемых в виртуальных сетях гипервизора, хостовой операционной системы, по составу, объёму и иным характеристикам;\nотключение неиспользуемых сетевых протоколов компонентами виртуальной инфраструктуры гипервизора, хостовой операционной системы, виртуальной вычислительной сети;\nобеспечение подлинности сетевых соединений (сеансов взаимодействия) внутри виртуальной инфраструктуры, в том числе для защиты от подмены сетевых устройств и сервисов;\nобеспечение изоляции потоков данных, передаваемых и обрабатываемых компонентами виртуальной инфраструктуры (гипервизором, хостовой операционной системой) и сетевых потоков виртуальной вычислительной сети;\nсемантический и статистический анализ сетевого трафика виртуальной вычислительной сети.\n	GIS
93	ЗИС.10	Подтверждение происхождения источника информации, получаемой в процессе определения сетевых адресов по сетевым именам или определения сетевых имен по сетевым адресам	Требования к реализации ЗИС.10: В информационной системе должна обеспечиваться возможность подтверждения происхождения источника и целостности информации, получаемой в процессе определения сетевых адресов по сетевым именам или определения сетевых имен по сетевым адресам, в том числе с использованием DNS-серверов. При подтверждении происхождения источника должны обеспечиваться:\nаутентификация в соответствии с ИАФ.7 и (или) ИАФ.2 сервера, являющегося источником ответов на запросы (сервер доменных имен или DNS-сервер) по определению сетевых адресов (IP-адресов) по сетевым именам (доменные имена);\nаутентификация в соответствии с ИАФ.7 и (или) ИАФ.2 сервера, являющегося источником ответов на запросы (кэширующий DNS-сервер) по определению сетевых имен (доменных имен) по сетевым адресам (IP-адресам).\n	GIS
95	ЗИС.12	Исключение возможности отрицания пользователем факта отправки информации другому пользователю	Требования к реализации ЗИС.12: Оператором должно обеспечиваться исключение возможности отрицания пользователем факта отправки информации другому пользователю.\nДля исключения возможности отрицания пользователем факта отправки информации другому пользователю должны осуществляться:\nопределение объектов или типов информации, для которых требуется обеспечение неотказуемости отправки (например, сообщения электронной почты);\nобеспечение целостности информации при ее подготовке к передаче и непосредственной ее передаче по каналам связи в соответствии с ЗИС.3;\nрегистрация событий, связанных с отправкой информации другому пользователю в соответствии с РСБ.2.\n	GIS
52	АНЗ.4	Контроль состава технических средств, программного обеспечения и средств защиты информации	Требования к реализации АНЗ.4: Оператором должен проводиться контроль состава технических средств, программного обеспечения и средств защиты информации, применяемых в информационной системе (инвентаризация).\nПри контроле состава технических средств, программного обеспечения и средств защиты информации осуществляется:\nконтроль соответствия состава технических средств, программного обеспечения и средств защиты информации приведенному в эксплуатационной документации с целью поддержания актуальной (установленной в соответствии с эксплуатационной документацией) конфигурации информационной системы и принятие мер, направленных на устранение выявленных недостатков;\nконтроль состава технических средств, программного обеспечения и средств защиты информации на соответствие сведениям действующей (актуализированной) эксплуатационной документации и принятие мер, направленных на устранение выявленных недостатков;\nконтроль выполнения условий и сроков действия сертификатов соответствия на\nсредств защиты информации и принятие мер, направленных на устранение выявленных недостатков;\nисключение (восстановление) из состава информационной системы несанкционированно установленных (удаленных) технических средств, программного обеспечения и средств защиты информации.\nКонтроль состава технических средств, программного обеспечения и средств защиты информации проводится с периодичностью, установленной оператором в организационно-распорядительных документах по защите информации.\n	GIS
87	ЗИС.4	Обеспечение доверенных канала, маршрута между администратором, пользователем и средствами защиты информации (функциями безопасности средств защиты информации)	Требования к реализации ЗИС.4: В информационной системе должны обеспечиваться доверенные маршруты передачи данных между администратором (пользователем) и средствами защиты информации (функциями безопасности средств защиты информации), определяемыми оператором.\nОператором должен быть определен перечень целей (функций) передачи данных, для которых требуется доверенный канал (маршрут).\nДоверенный канал между пользователем и средствами защиты информации должен обеспечиваться при удаленном и локальном доступе в информационную систему.\n	GIS
100	ЗИС.17	Разбиение информационной системы на сегменты (сегментирование информационной системы) и обеспечение защиты периметров сегментов информационной системы	Требования к реализации ЗИС.17: Оператором должно осуществляться разбиение информационной системы на сегменты (сегментирование информационной системы) и обеспечиваться защита периметров сегментов информационной системы.\nСегментирование информационной системы проводится с целью построения многоуровневой (эшелонированной) системы защиты информации путем построения сегментов на различных физических доменах или средах. Принципы сегментирования информационной системы определяются оператором с учетом функциональных и технологических особенностей процесса обработки информации и анализа угроз безопасности информации и должны заключаться в снижении вероятности реализации угроз и (или) их локализации в рамках одного сегмента.\nСегментирование информационной системы также может проводиться с целью разделения информационной системы на сегменты, имеющие различные классы\nзащищенности информационной системы.\nПри сегментировании информационной системы должна быть обеспечена защита периметров сегментов информационной системы в соответствии с УПД.3 и ЗИС.23.\n	GIS
6	ИАФ.6	Идентификация и аутентификация пользователей, не являющихся работниками оператора (внешних пользователей)	Требования к реализации ИАФ.6: В информационной системе должна осуществляться однозначная идентификация и аутентификация пользователей, не являющихся работниками оператора (внешних пользователей), или процессов, запускаемых от имени этих пользователей.\nК пользователям, не являющимся работникам оператора (внешним пользователям), относятся все пользователи информационной системы, не указанные в ИАФ.1 в качестве внутренних пользователей. Примером внешних пользователей являются граждане, на законных основаниях через сеть Интернет получающие доступ к информационным ресурсам портала Государственных услуг Российской Федерации "Электронного правительства" или официальным сайтам в сети Интернет органов государственной власти.\nПользователи информационной системы должны однозначно идентифицироваться и аутентифицироваться для всех видов доступа, кроме тех видов доступа, которые определяются как действия, разрешенные до идентификации и аутентификации в соответствии с мерой защиты информации УПД.11.\nИдентификация и аутентификация внешних пользователей в целях предоставления государственных услуг осуществляется в том числе с использованием единой системы идентификации и аутентификации, созданной в соответствии с постановлением Правительства Российской Федерации от 28 ноября 2011 г. N 977.\nПравила и процедуры идентификации и аутентификации пользователей регламентируются в организационно-распорядительных документах оператора по защите информации.	GIS
28	ОПС.4	Управление временными файлами, в том числе запрет, разрешение, перенаправление записи, удаление временных файлов	Требования к реализации ОПС.4: В информационной системе должно осуществляться управление временными файлами, в том числе запрет, разрешение, перенаправление записи, удаление временных файлов.\nУправление временными файлами должно обеспечивать перехват записи временной информации в файлы на системном (загрузочном) разделе машинного носителя информации средства вычислительной техники и ее перенаправление в оперативную память и (или) в другой раздел машинного носителя информации с последующей очисткой (стиранием).\nОператором  должен  быть  определен  и  зафиксирован  в организационно-распорядительной документации по защите информации (задокументирован) порядок очистки (стирания) временных файлов.\n	GIS
98	ЗИС.15	Защита архивных файлов, параметров настройки средств защиты информации и программного обеспечения и иных данных, не подлежащих изменению в процессе обработки информации	Требования к реализации ЗИС.15: В информационной системе должна обеспечиваться защита архивных файлов, параметров настройки средств защиты информации и программного обеспечения, иных данных, не подлежащих изменению в процессе обработки информации.\nЗащита архивных файлов, параметров настройки средств защиты информации и программного обеспечения и иных данных, не подлежащих изменению в процессе обработки информации, обеспечивается принятием мер защиты информации, определенных оператором в соответствии с настоящим методическим документом, направленных на обеспечение их конфиденциальности и целостности.\nЗащита данных, не подлежащих изменению в процессе обработки информации, обеспечивается в отношении информации, хранящейся на жестких магнитных дисках, дисковых накопителях и иных накопителях в информационной системе.\n	GIS
20	УПД.13	Реализация защищенного удаленного доступа субъектов доступа к объектам доступа через внешние информационно-телекоммуникацио нные сети	Требования к реализации УПД.13: Оператором должна обеспечиваться защита информации при доступе пользователей (процессов запускаемых от имени пользователей) и (или) иных субъектов доступа к объектам доступа информационной системы через информационно-телекоммуникационные сети, в том числе сети связи общего пользования, с использованием стационарных и (или) мобильных технических средств (защита удаленного доступа).\nЗащита удаленного доступа должна обеспечиваться при всех видах доступа (беспроводной, проводной (коммутируемый), широкополосный и иные виды доступа) и включает:\nустановление (в том числе документальное) видов доступа, разрешенных для удаленного доступа к объектам доступа информационной системы;\nограничение на использование удаленного доступа в соответствии с задачами (функциями) информационной системы, для решения которых такой доступ необходим, и предоставление удаленного доступа для каждого разрешенного вида удаленного доступа в соответствии с УПД.2;\nпредоставление удаленного доступа только тем пользователям, которым он необходим для выполнения установленных должностных обязанностей (функций);\nмониторинг и контроль удаленного доступа на предмет выявления несанкционированного удаленного доступа к объектам доступа информационной системы;\nконтроль удаленного доступа пользователей (процессов запускаемых от имени пользователей) к объектам доступа информационной системы до начала информационного взаимодействия с информационной системой (передачи защищаемой информации).\nПравила и процедуры применения удаленного доступа регламентируются в организационно-распорядительных документах оператора по защите информации.\n	GIS
57	ОЦЛ.4	Обнаружение и реагирование на поступление в информационную систему незапрашиваемых электронных сообщений (писем, документов) и иной информации, не относящихся к функционированию информационной системы (защита от спама)	Требования к реализации ОЦЛ.4: Оператором должно обеспечиваться обнаружение и реагирование на поступление незапрашиваемых электронных сообщений (писем, документов) и иной информации, не относящихся к функционированию информационной системы (защита от спама).\nЗащита от спама реализуется на точках входа в информационную систему (выхода) информационных потоков (межсетевые экраны, почтовые серверы, Web-серверы, прокси-серверы и серверы удаленного доступа), а также на автоматизированных рабочих местах, серверах и (или) мобильных технических средствах, подключенных к сетям связи общего пользования, для обнаружения и реагирования на поступление по электронной почте незапрашиваемых электронных сообщений (писем, документов) или в приложениях к электронным письмам.\nЗащита от спама обеспечивается применением специализированных средств защиты, реализующих следующие механизмы защиты:\nфильтрация по содержимому электронных сообщений (писем, документов) с использованием критериев, позволяющих относить сообщения к спаму сигнатурным и (или) эвристическим методами;\nфильтрация на основе информации об отправителе электронного сообщения (в том числе с использованием "черных" списков(запрещенные отправители) и (или) "белых" списков (разрешенные отправители).\nОператором должно осуществляться обновление базы "черных" ("белых") списков и контроль целостности базы "черных" ("белых") списков.\nПравила и процедуры обнаружения и реагирования на поступление незапрашиваемой информации регламентируются в организационно-распорядительных документах оператора по защите информации.\n	GIS
37	РСБ.1	Определение событий безопасности, подлежащих регистрации, и сроков их хранения	Требования к реализации РСБ.1: Оператором должны быть определены события безопасности в информационной системе, подлежащие регистрации, и сроки их хранения.\nСобытия безопасности, подлежащие регистрации в информационной системе, должны определяться с учетом способов реализации угроз безопасности для информационной системы. К событиям безопасности, подлежащим регистрации в информационной системе, должны быть отнесены любые проявления состояния информационной системы и ее системы защиты информации, указывающие на возможность нарушения конфиденциальности, целостности или доступности информации, доступности компонентов информационной системы, нарушения процедур, установленных организационно-распорядительными документами по защите информации оператора, а также на нарушение штатного функционирования средств защиты информации.\nСобытия безопасности, подлежащие регистрации в информационной системе, и сроки их хранения соответствующих записей регистрационных журналов должны обеспечивать возможность обнаружения, идентификации и анализа инцидентов, возникших в информационной системе. Подлежат регистрации события безопасности, связанные с применением выбранных мер по защите информации в информационной системе.\nПеречень событий безопасности, регистрация которых осуществляется в текущий момент времени, определяется оператором исходя из возможностей реализации угроз безопасности информации и фиксируется в организационно-распорядительных документах по защите информации (документируется).\nВ информационной системе как минимум подлежат регистрации следующие события:\nвход (выход), а также попытки входа субъектов доступа в информационную систему и загрузки (останова) операционной системы;\nподключение машинных носителей информации и вывод информации на носители информации;\nзапуск (завершение) программ и процессов (заданий, задач), связанных с\nобработкой защищаемой информации;\nпопытки доступа программных средств к определяемым оператором защищаемым объектам доступа (техническим средствам, узлам сети, линиям (каналам) связи, внешним устройствам, программам, томам, каталогам, файлам, записям, полям записей) и иным объектам доступа;\nпопытки удаленного доступа.\nСостав и содержание информации о событиях безопасности, подлежащих регистрации, определяются в соответствии с РСБ.2.\n	GIS
4	ИАФ.4	Управление средствами аутентификации, в том числе хранение выдача, инициализация, блокирование средств аутентификации и принятие мер в случае утраты и (или) компрометации средств аутентификации	Требования к реализации ИАФ.4: Оператором должны быть установлены и реализованы следующие функции управления средствами аутентификации (аутентификационной информацией) пользователей и устройств в информационной системе:\nопределение должностного лица (администратора) оператора, ответственного за хранение, выдачу, инициализацию, блокирование средств аутентификации и принятие мер в случае утраты и (или) компрометации средств аутентификации;\nизменение аутентификационной информации (средств аутентификации), заданных их производителями и (или) используемых при внедрении системы защиты информации информационной системы;\nвыдача средств аутентификации пользователям;\nгенерация и выдача начальной аутентификационной информации (начальных значений средств аутентификации);\nустановление характеристик пароля (при использовании в информационной системе механизмов аутентификации на основе пароля):\nа) задание минимальной сложности пароля с определяемыми оператором требованиями к регистру, количеству символов, сочетанию букв верхнего и нижнего регистра, цифр и специальных символов;\nб) задание минимального количества измененных символов при создании новых паролей;\nв) задание максимального времени действия пароля; г) задание минимального времени действия пароля;\nд) запрет на использование пользователями определенного оператором числа последних использованных паролей при создании новых паролей;\nблокирование (прекращение действия) и замена утерянных, скомпрометированных или поврежденных средств аутентификации;\nназначение необходимых характеристик средств аутентификации (в том числе механизма пароля);\nобновление аутентификационной информации (замена средств аутентификации) с периодичностью, установленной оператором;\nзащита аутентификационной информации от неправомерных доступа к ней и модифицирования.\nПравила и процедуры управления средствами аутентификации (аутентификационной\tинформацией)\tрегламентируются\tв организационно-распорядительных документах оператора по защите информации.\n	GIS
45	АВЗ.1	Реализация антивирусной защиты	Требования к реализации АВЗ.1: Оператором должна обеспечиваться антивирусная защита информационной системы, включающая обнаружение компьютерных программ либо иной компьютерной информации, предназначенных для несанкционированного уничтожения, блокирования, модификации, копирования компьютерной информации или нейтрализации средств защиты информации, а также реагирование на обнаружение этих программ и информации.\n \nРеализация антивирусной защиты должна предусматривать:\nприменение средств антивирусной защиты на автоматизированных рабочих местах, серверах, периметральных средствах защиты информации (средствах межсетевого экранирования, прокси-серверах, почтовых шлюзах и других средствах защиты информации), мобильных технических средствах и иных точках доступа в информационную систему, подверженных внедрению (заражению) вредоносными компьютерными программами (вирусами) через съемные машинные носители информации или сетевые подключения, в том числе к сетям общего пользования (вложения электронной почты, веб- и другие сетевые сервисы);\nустановку, конфигурирование и управление средствами антивирусной защиты; предоставление  доступа  средствам  антивирусной  защиты  к  объектам\nинформационной системы, которые должны быть подвергнуты проверке средством антивирусной защиты;\nпроведение периодических проверок компонентов информационной системы (автоматизированных рабочих мест, серверов, других средств вычислительной техники) на наличие вредоносных компьютерных программ (вирусов);\nпроверку в масштабе времени, близком к реальному, объектов (файлов) из внешних источников (съемных машинных носителей информации, сетевых подключений, в том числе к сетям общего пользования, и других внешних источников) при загрузке, открытии или исполнении таких файлов;\nоповещение администраторов безопасности в масштабе времени, близком к реальному, об обнаружении вредоносных компьютерных программ (вирусов);\nопределение и выполнение действий по реагированию на обнаружение в информационной системе объектов, подвергшихся заражению вредоносными компьютерными программами (вирусами).\nПравила и процедуры антивирусной защиты информационной системы регламентируются в организационно-распорядительных документах оператора по защите информации.\n	GIS
47	СОВ.1	Обнаружение вторжений	Требования к реализации СОВ.1: Оператором должно обеспечиваться обнаружение (предотвращение) вторжений (компьютерных атак), направленных на преднамеренный несанкционированный доступ к информации, специальные воздействия на информацию (носители информации) в целях ее добывания, уничтожения, искажения и блокирования доступа к ней, с использованием систем обнаружения вторжений.\nПрименяемые системы обнаружения вторжений должны включать компоненты регистрации событий безопасности (датчики), компоненты анализа событий безопасности и распознавания компьютерных атак (анализаторы) и базу решающих правил, содержащую информацию о характерных признаках компьютерных атак.\nОбнаружение (предотвращение) вторжений должно осуществляться на внешней границе информационной системы (системы обнаружения вторжений уровня сети) и (или) на внутренних узлах (системы обнаружения вторжений уровня узла) сегментов информационной системы (автоматизированных рабочих местах, серверах и иных узлах), определяемых оператором.\nПрава по управлению (администрированию) системами обнаружения вторжений должны предоставляться только уполномоченным должностным лицам.\nСистемы обнаружения вторжений должны обеспечивать реагирование на обнаруженные и распознанные компьютерные атаки с учетом особенностей функционирования информационных систем.\nПравила и процедуры обнаружения (предотвращения) вторжений (компьютерных атак) регламентируются в организационно-распорядительных документах оператора по защите информации.\n	GIS
35	ЗНИ.7	Контроль подключения машинных носителей информации	Требования к реализации ЗНИ.7: В информационной системе должен обеспечиваться контроль подключения машинных носителей информации.\nКонтроль подключения машинных носителей информации должен предусматривать:\nопределение оператором типов носителей информации, подключение которых к информационной системе разрешено в соответствии с УПД.2;\nопределение оператором категорий пользователей, которым предоставлены полномочия по подключению носителей к информационной системе в соответствии с УПД.2;\nзапрет подключения носителей информации, подключение которых к информационной системе не разрешено;\nрегистрация действий пользователей и событий по подключению к информационной системе носителей в соответствии с РСБ.3.\nПравила и процедуры контроля подключения машинных носителей информации регламентируются в организационно-распорядительных документах оператора по защите информации.\n	GIS
30	ЗНИ.2	Управление доступом к машинным носителям информации	Требования к реализации ЗНИ.2: Оператором должны быть реализованы следующие функции по управлению доступом к машинным носителям информации, используемым в информационной системе:\nопределение должностных лиц, имеющих физический доступ к машинным носителям информации, а именно к следующим:\nсъемным машинным носителям информации (флэш-накопители, внешние накопители на жестких дисках и иные устройства);\nпортативным вычислительным устройствам, имеющим встроенные носители информации (ноутбуки, нетбуки, планшеты, сотовые телефоны, цифровые камеры, звукозаписывающие устройства и иные аналогичные по функциональности устройства); машинным носителям информации, стационарно устанавливаемым в корпус\nсредств вычислительной техники (например, накопители на жестких дисках); предоставление физического  доступа к  машинным носителям информации\nтолько тем лицам, которым он необходим для выполнения своих должностных обязанностей (функций);\nПравила и процедуры доступа к машинным носителям информации регламентируются в организационно-распорядительных документах оператора по защите информации.\n	GIS
16	УПД.9	Ограничение числа параллельных сеансов доступа для каждой учетной записи пользователя информационной системы	Требования к реализации УПД.9: В информационной системе должно обеспечиваться ограничение числа параллельных сеансов доступа для каждой учетной записи пользователя информационной системы.\nВ информационной системе должна быть предусмотрена возможность задавать ограничения на число параллельных (одновременных) сеансов (сессий), основываясь на идентификаторах пользователей и (или) принадлежности к определенной роли.\nЗначение числа параллельных сеансов доступа может быть задано для информационной системы в целом, для отдельных сегментов информационной системы, для групп пользователей, отдельных пользователей или их комбинаций.\nОграничения числа параллельных сеансов доступа регламентируются в организационно-распорядительных документах оператора по защите информации.\n	GIS
96	ЗИС.13	Исключение возможности отрицания пользователем факта получения информации от другого пользователя	Требования к реализации ЗИС.13: Оператором должно обеспечиваться исключение возможности отрицания пользователем факта получения информации от другого пользователя.\nДля исключения возможности отрицания пользователем факта получения информации должны осуществляться:\nопределение объектов или типов информации, для которых требуется обеспечение неотказуемости получения (сообщения электронной почты);\nобеспечение целостности полученной информации в соответствии с ЗИС.3; регистрация  событий,  связанных  с  получением  информации  от  другого\nпользователя в соответствии с РСБ.2.\n	GIS
73	ЗСВ.5	Доверенная загрузка серверов виртуализации, виртуальной машины (контейнера), серверов управления виртуализацией	Требования к реализации ЗСВ.5: В информационной системе должна обеспечиваться доверенная загрузка серверов виртуализации, виртуальных машин (контейнеров) и серверов управления виртуализацией в соответствии с УПД.17.\nДоверенная\tзагрузка\tдолжна\tобеспечивать\tблокирование\tпопыток несанкционированной загрузки гипервизора, хостовой и гостевых операционных систем.\nДоверенная загрузка гипервизоров обеспечивается с использованием средств доверенной загрузки функционирующих на серверах виртуализации.\nДоверенная загрузка виртуальных машин (контейнеров) обеспечивается с использованием многокомпонентных средств доверенной загрузки, отдельные компоненты которых функционируют в гипервизорах.\n	GIS
44	РСБ.8	Обеспечение возможности просмотра и анализа информации о действиях отдельных пользователей в информационной системе	Требования к реализации РСБ.8: В информационной системе должна иметься возможность просмотра и анализа информации о действиях отдельных пользователей в информационной системе.\nСведения о действиях отдельных пользователей в информационной системе должны предоставляться уполномоченным должностным лицам для просмотра и анализа с целью расследования причин возникновения инцидентов в информационной системе в соответствии с законодательством Российской Федерации.\nПравила и процедуры просмотра и анализа информации о действиях отдельных пользователей регламентируются в организационно-распорядительных документах оператора по защите информации.\n	GIS
55	ОЦЛ.2	Контроль целостности информации, содержащейся в базах данных информационной системы	Требования к реализации ОЦЛ.2: В информационной системе должен осуществляться контроль целостности информации, содержащейся в базах данных информационной системы.\nКонтроль целостности информации, содержащейся в базах данных информационной системы, должен предусматривать:\nконтроль целостности с периодичностью, установленной оператором, структуры базы данных по наличию имен (идентификаторов) и (или) по контрольным суммам программных компонент базы данных в процессе загрузки и (или) динамически в процессе работы информационной системы;\nконтроль целостности с периодичностью, установленной оператором, объектов баз данных, определяемых оператором, по контрольным суммам и (или) с использованием криптографических методов в соответствии с законодательством Российской Федерации в процессе загрузки и (или) динамически в процессе работы информационной системы;\nобеспечение физической защиты технических средств информационной системы,\n \nна которых установлена база данных, в соответствии с ЗТС.2 и ЗТС.3.\nПравила и процедуры контроля целостности информации регламентируются в организационно-распорядительных документах оператора по защите информации.\n	GIS
59	ОЦЛ.6	Ограничение прав пользователей по вводу информации в информационную систему	Требования к реализации ОЦЛ.6: В информационной системе должно осуществляться ограничение прав пользователей по вводу информации в информационную систему.\nОграничение прав пользователей по вводу информации предусматривает ограничение по вводу в определенные типы объектов доступа (объекты файловой системы, объекты баз данных, объекты прикладного и специального программного обеспечения) информации исходя из задач и полномочий, решаемых пользователем в информационной системе.\nОграничения прав пользователей по вводу информации в информационную систему должны фиксироваться в организационно-распорядительных документах по защите информации (документироваться) и реализовываться в соответствии с УПД.4 и УПД.5.\n	GIS
60	ОЦЛ.7	Контроль точности, полноты и правильности данных, вводимых в информационную систему	Требования к реализации ОЦЛ.7: В информационной системе должен осуществляться контроль точности, полноты и правильности данных, вводимых в информационную систему.\nКонтроль точности, полноты и правильности данных, вводимых в информационную систему, обеспечивается путем установления и проверки соблюдения форматов ввода данных, синтаксических, семантических и (или) иных правил ввода информации в информационную систему (допустимые наборы символов, размерность, область числовых значений, допустимые значения, количество символов) для подтверждения того, что ввод информации соответствует заданному оператором формату и содержанию.\nВводимые данные должны проверяться на наличие конструкций, которые могут быть интерпретированы программно-техническими средствами информационной системы как исполняемые команды.\n	GIS
43	РСБ.7	Защита информации о событиях безопасности	Требования к реализации РСБ.7: В информационной системе должна обеспечиваться защита информации о событиях безопасности.\nЗащита информации о событиях безопасности (записях регистрации (аудита)) обеспечивается применением мер защиты информации от неправомерного доступа, уничтожения или модифицирования, определенных в соответствии с настоящим методическим документом, и в том числе включает защиту средств ведения регистрации (аудита) и настроек механизмов регистрации событий.\nДоступ к записям аудита и функциям управления механизмами регистрации (аудита) должен предоставляться только уполномоченным должностным лицам.\nПравила и процедуры защиты информации о событиях безопасности регламентируются в организационно-распорядительных документах оператора по защите информации.\n	GIS
41	РСБ.5	Мониторинг (просмотр, анализ) результатов регистрации событий безопасности и реагирование на них	Требования к реализации РСБ.5: Оператором должен осуществляться мониторинг (просмотр, анализ) результатов регистрации событий безопасности и реагирование на них.\nМониторинг (просмотр и анализ) записей регистрации (аудита) должен проводиться для всех событий, подлежащих регистрации в соответствии с РСБ.1, и с периодичностью, установленной оператором, и обеспечивающей своевременное выявление признаков инцидентов безопасности в информационной системе.\nВ случае выявление признаков инцидентов безопасности в информационной системе осуществляется планирование и проведение мероприятий по реагированию на выявленные инциденты безопасности.\nПравила и процедуры мониторинга результатов регистрации событий безопасности  и  реагирования  на  них  регламентируются  в организационно-распорядительных документах оператора по защите информации.\n	GIS
74	ЗСВ.6	Управление перемещением виртуальных машин (контейнеров) и обрабатываемых на них данных	Требования к реализации ЗСВ.6: Оператором должно обеспечиваться управление перемещением виртуальных машин (контейнеров) и обрабатываемых на них данных.\nПри управлении перемещением виртуальных машин (контейнеров) и обрабатываемых на них данных должны обеспечиваться:\nрегламентирование порядка перемещения (определение ответственных за организацию процесса, объектов перемещения, ресурсов инфраструктуры, задействованных в перемещении, а также способов перемещения);\nуправление размещением и перемещением файлов-образов виртуальных машин (контейнеров) между носителями (системами хранения данных);\nуправление размещением и перемещением исполняемых виртуальных машин (контейнеров) между серверами виртуализации;\nуправление\tразмещением\tи\tперемещением\tданных,\tобрабатываемых\tс использованием виртуальных машин, между носителями (системами хранения данных).\nУправление\tперемещением\tвиртуальных\tмашин\t(контейнеров)\tдолжно предусматривать:\nполный запрет перемещения виртуальных машин (контейнеров);\nограничение\tперемещения\tвиртуальных\tмашин\t(контейнеров)\tв\tпределах информационной системы (сегмента информационной системы);\nограничение перемещения виртуальных машин (контейнеров) между сегментами информационной системы.\n	GIS
76	ЗСВ.8	Резервное копирование данных, резервирование технических средств, программного обеспечения виртуальной инфраструктуры, а также каналов связи внутри виртуальной инфраструктуры	Требования к реализации ЗСВ.8: В информационной системе должны обеспечиваться резервное копирование данных, резервирование технических средств, программного обеспечения виртуальной инфраструктуры и каналов связи внутри виртуальной инфраструктуры в соответствии с ОДТ.2, ОДТ.4, ОДТ.5.\nПри реализации мер по резервному копированию данных, резервированию технических средств, программного обеспечения виртуальной инфраструктуры должны обеспечиваться:\nопределение мест хранения резервных копий виртуальных машин (контейнеров) и данных, обрабатываемых в виртуальной инфраструктуре;\nрезервное копирование виртуальных машин (контейнеров);\nрезервное копирование данных, обрабатываемых в виртуальной инфраструктуре; резервирование программного обеспечения виртуальной инфраструктуры; резервирование каналов связи, используемых в виртуальной инфраструктуре; периодическая\tпроверка\tрезервных\tкопий\tи\tвозможности\tвосстановления\nвиртуальных\tмашин\t(контейнеров)\tи\tданных,\tобрабатываемых\tв\tвиртуальной инфраструктуре с использованием резервных копий.\n	GIS
110	ЗИС.27	Создание (эмуляция) ложных информационных систем или их компонентов, предназначенных для обнаружения, регистрации и анализа действий нарушителей в процессе реализации угроз безопасности информации	Требования к реализации ЗИС.27: В информационной системе должны применяться специально созданные (эмулированные) ложные компоненты информационной системы или создаются ложные информационные системы, предназначенные для обнаружения, регистрации и анализа действий нарушителей в процессе реализации угроз безопасности информации.\nЛожные информационные системы или их компоненты должны выступать в качестве целей для нарушителя при реализации им компьютерной атаки и обеспечивать имитацию функционирования реальной информационной системы с целью обнаружения, регистрации и анализа действий этих нарушителей по реализации компьютерной атаки, а также принятия мер по предотвращению указанных угроз.\nПравила и процедуры применения ложных информационных систем или их компонентов регламентируются в организационно-распорядительных документах оператора по защите информации.\n	GIS
24	УПД.17	Обеспечение доверенной загрузки средств вычислительной техники	Требования к реализации УПД.17: В информационной системе должно обеспечиваться исключение несанкционированного доступа к программным и (или) техническим ресурсам средства вычислительной техники информационной системы на этапе его загрузки.\nДоверенная загрузка должна обеспечивать:\nблокирование попыток несанкционированной загрузки нештатной операционной системы (среды) или недоступность информационных ресурсов для чтения или модификации в случае загрузки нештатной операционной системы;\nконтроль доступа пользователей к процессу загрузки операционной системы; контроль целостности программного обеспечения и аппаратных компонентов\nсредств вычислительной техники.\n \nВ информационной системе применяется доверенная загрузка на разных уровнях (уровня базовой системы ввода-вывода, уровня платы расширения и уровня загрузочной записи).\nПравила и процедуры обеспечения доверенной загрузки средств вычислительной техники регламентируются в организационно-распорядительных документах оператора по защите информации.\n	GIS
109	ЗИС.26	Использование прикладного и специального программного обеспечения, имеющих возможность функционирования в средах различных операционных систем	Требования к реализации ЗИС.26: В информационной системе должно применяться прикладное и специальное программное обеспечение, имеющее возможность функционирования на различных типах операционных системах (независимое от вида операционной системы прикладное и специальное программное обеспечение).\nЦелью применения независимого от платформы операционной системы прикладного и специального программного обеспечения является обеспечение бесперебойного (штатного) функционирования прикладного (специального) программного обеспечения путем перевода его под управление операционной системы другого типа в случае реализации компьютерной атаки (возникновения инцидента) на основную операционную систему до восстановления безопасного функционирования информационной системы.\nПрименение независимого от типа (вида) операционной системы прикладного и специального программного обеспечения достигается в частности применением программного обеспечения, функционирование которого возможно как под управлением UNIX-подобных операционных систем, так и под управлением операционных систем типа Windows или иных операционных систем.\nПеречень прикладного и специального программного обеспечения, имеющего возможность функционирования на различных типах операционных системах, определяется оператором.\n	GIS
42	РСБ.6	Генерирование временных меток и (или) синхронизация системного времени в информационной системе	Требования к реализации РСБ.6: В информационной системе должно осуществляться генерирование надежных меток времени и (или) синхронизация системного времени.\nПолучение меток времени, включающих дату и время, используемых при генерации записей регистрации (аудита) событий безопасности в информационной системе достигается посредством применения внутренних системных часов информационной системы.\n	GIS
26	ОПС.2	Управление установкой (инсталляцией) компонентов программного обеспечения, в том числе определение компонентов, подлежащих установке, настройка параметров установки компонентов, контроль за установкой компонентов программного обеспечения	Требования к реализации ОПС.2: Оператором должны быть реализованы\n \nследующие функции по управлению установкой (инсталляцией) компонентов программного обеспечения информационной системы:\nопределение компонентов программного обеспечения (состава и конфигурации), подлежащих установке в информационной системе после загрузки операционной системы;\nнастройка параметров установки компонентов программного обеспечения, обеспечивающая исключение установки (если осуществимо) компонентов программного обеспечения, использование которых не требуется для реализации информационной технологии информационной системы (например, при запуске установщика можно выбрать или не выбрать определенные опции и, тем самым, разрешить или запретить установку соответствующих компонентов программного обеспечения);\nвыбор конфигурации устанавливаемых компонентов программного обеспечения (в том числе конфигурации, предусматривающие включение в домен, или не включение в домен);\nконтроль за установкой компонентов программного обеспечения (состав компонентов, параметры установки, конфигурация компонентов);\nопределение и применение параметров настройки компонентов программного обеспечения, включая программные компоненты средств защиты информации, обеспечивающих реализацию мер защиты информации, а также устранение возможных уязвимостей информационной системы, приводящих к возникновению угроз безопасности информации.\nПравила и процедуры управления установкой (инсталляцией) компонентов программного обеспечения (в том числе управления составом и конфигурацией подлежащих установке компонентов программного обеспечения, параметрами установки, параметрами настройки компонентов программного обеспечения) регламентируются в организационно-распорядительных документах оператора по защите информации с учетом эксплуатационной документации.\n	GIS
25	ОПС.1	Управление запуском (обращениями) компонентов программного обеспечения, в том числе определение запускаемых компонентов, настройка параметров запуска компонентов, контроль за запуском компонентов программного обеспечения	Требования к реализации ОПС.1: Оператором должны быть реализованы следующие функции по управлению запуском (обращениями) компонентов программного обеспечения:\nопределение перечня (списка) компонентов программного обеспечения (файлов, объектов баз данных, хранимых процедур и иных компонентов),запускаемых автоматически при загрузке операционной системы средства вычислительной техники;\nразрешение запуска компонентов программного обеспечения, включенных в перечень (список) программного обеспечения, запускаемого автоматически при загрузке операционной системы средства вычислительной техники;\nограничение запуска компонентов программного обеспечения от имени администраторов безопасности (например, разрешение такого запуска только для программного обеспечения средств защиты информации: сенсоры систем обнаружения вторжений, агенты систем мониторинга событий информационной безопасности, средства антивирусной защиты);\nнастройка параметров запуска компонентов программного обеспечения от имени учетной записи администратора безопасности таким образом, чтобы текущий пользователь средства вычислительной техники не мог получить через данные компоненты доступ к объектам доступа, на доступ к которым у него нет прав в соответствии с УПД.2;\nконтроль за запуском компонентов программного обеспечения, обеспечивающий\n \nвыявление компонентов программного обеспечения, не включенных в перечень (список) компонентов, запускаемых автоматически при загрузке операционной системы средства вычислительной техники.\nПравила и процедуры управления запуском программного обеспечения (в том числе списки программного обеспечения, ограничения запуска, параметры запуска компонентов\tпрограммного\tобеспечения)\tрегламентируются\tв организационно-распорядительных документах оператора по защите информации.\n	GIS
94	ЗИС.11	Обеспечение подлинности сетевых соединений (сеансов взаимодействия), в том числе для защиты от подмены сетевых устройств и сервисов	Требования к реализации ЗИС.11: В информационной системе должно осуществляться обеспечение подлинности сетевых соединений (сеансов взаимодействия), в том числе для защиты от подмены сетевых устройств и сервисов (защита от атак типа "человек посередине").\nДля  подтверждения  подлинности  сторон  сетевого  соединения  (сеанса\nвзаимодействия)\tи\tзащиты\tсетевых\tустройств\tи\tсервисов от\tподмены\tдолжна осуществляться их аутентификация в соответствии с ИАФ.2 и ЗИС.10.\nКонтроль целостности передаваемой информации должен включать проверку целостности передаваемых пакетов (в частности в соответствии с ЗИС.3).\n	GIS
53	АНЗ.5	Контроль правил генерации и смены паролей пользователей, заведения и удаления учетных записей пользователей, реализации правил разграничения доступом, полномочий пользователей в информационной системе	Требования к реализации АНЗ.5: Оператором должен проводиться контроль правил генерации и смены паролей пользователей, заведения и удаления учетных записей пользователей, реализации правил разграничения доступом, полномочий пользователей в информационной системе.\nПри контроле правил генерации и смены паролей пользователей, заведения и удаления учетных записей пользователей, реализации правил разграничения доступом, полномочий пользователей в информационной системе осуществляется:\nконтроль правил генерации и смены паролей пользователей в соответствии с ИАФ.1 и ИАФ.4;\nконтроль заведения и удаления учетных записей пользователей в соответствии с УПД.1;\nконтроль реализации правил разграничения доступом в соответствии с УПД.2; контроль реализации полномочий пользователей в соответствии с УПД.4 и\nУПД.5;\nконтроль наличия документов, подтверждающих разрешение изменений учетных записей пользователей, их параметров, правил разграничения доступом и полномочий пользователей, предусмотренных организационно-распорядительными документами по защите информации оператора;\nустранение нарушений, связанных с генерацией и сменой паролей пользователей, заведением и удалением учетных записей пользователей, реализацией правил разграничения доступом, установлением полномочий пользователей.\nКонтроль правил генерации и смены паролей пользователей, заведения и удаления учетных записей пользователей, реализации правил разграничения доступом,\nполномочий пользователей в информационной системе проводится с периодичностью, установленной оператором в организационно-распорядительных документах по защите информации.\n	GIS
9	УПД.2	Реализация необходимых методов (дискреционный, мандатный, ролевой или иной метод), типов (чтение, запись, выполнение или иной тип) и правил разграничения доступа	Требования к реализации УПД.2: В информационной системе для управления доступом субъектов доступа к объектам доступа должны быть реализованы установленные оператором методы управления доступом, назначены типы доступа субъектов к объектам доступа и реализованы правила разграничения доступа субъектов доступа к объектам доступа.\nМетоды управления доступом реализуются в зависимости от особенностей функционирования информационной системы, с учетом угроз безопасности информации и должны включать один или комбинацию следующих методов:\nдискреционный метод управления доступом, предусматривающий управление доступом субъектов доступа к объектам доступа на основе идентификационной информации субъекта и для каждого объекта доступа - списка, содержащего набор субъектов доступа (групп субъектов) и ассоциированных с ними типов доступа;\nролевой метод управления доступом, предусматривающий управление доступом субъектов доступа к объектам доступа на основе ролей субъектов доступа (совокупность действий и обязанностей, связанных с определенным видом деятельности);\nмандатный метод управления доступом, предусматривающий управление доступом субъектов доступа к объектам доступа на основе сопоставления классификационных меток каждого субъекта доступа и каждого объекта доступа, отражающих классификационные уровни субъектов доступа и объектов доступа, являющиеся комбинациями иерархических и неиерархических категорий.\nТипы доступа должны включать операции по чтению, записи, удалению, выполнению и иные операции, разрешенные к выполнению пользователем (группе пользователей) или запускаемому от его имени процессу при доступе к объектам доступа.\nПравила разграничения доступа реализуются на основе установленных оператором списков доступа или матриц доступа и должны обеспечивать управление доступом пользователей (групп пользователей) и запускаемых от их имени процессов при входе в систему, доступе к техническим средствам, устройствам, объектам файловой системы, запускаемым и исполняемым модулям, объектам систем управления базами данных, объектам, создаваемым прикладным и специальным программным обеспечением, параметрам настройки средств защиты информации, информации о конфигурации системы защиты информации и иной информации о функционировании системы защиты информации, а также иным объектам доступа.\nПравила\tразграничения\tдоступа\tрегламентируются\tв организационно-распорядительных документах оператора по защите информации.\n	GIS
78	ЗСВ.10	Разбиение виртуальной инфраструктуры на сегменты (сегментирование виртуальной инфраструктуры) для обработки информации отдельным пользователем и (или) группой пользователей	Требования к реализации ЗСВ.10: В информационной системе должно обеспечиваться разбиение виртуальной инфраструктуры на сегменты (сегментирование виртуальной инфраструктуры) для обработки информации отдельным пользователем и (или) группой пользователей в соответствии с ЗИС.17.	GIS
8	УПД.1	Управление (заведение, активация, блокирование и уничтожение) учетными записями пользователей, в том числе внешних пользователей	Требования к реализации УПД.1: Оператором должны быть установлены и реализованы следующие функции управления учетными записями пользователей, в том числе внешних пользователей:\nопределение типа учетной записи (внутреннего пользователя, внешнего пользователя; системная, приложения; гостевая (анонимная), временная и (или) иные типы записей);\nобъединение учетных записей в группы (при необходимости);\nверификацию пользователя (проверка личности пользователя, его должностных (функциональных) обязанностей) при заведении учетной записи пользователя;\nзаведение, активация, блокирование и уничтожение учетных записей пользователей;\n \nпересмотр и, при необходимости, корректировка учетных записей пользователей с периодичностью, определяемой оператором;\nпорядок заведения и контроля использования гостевых (анонимных) и временных учетных записей пользователей, а также привилегированных учетных записей администраторов;\nоповещение администратора, осуществляющего управление учетными записями пользователей, об изменении сведений о пользователях, их ролях, обязанностях, полномочиях, ограничениях;\nуничтожение временных учетных записей пользователей, предоставленных для однократного (ограниченного по времени) выполнения задач в информационной системе;\nпредоставление\t\tпользователям\tправ\tдоступа\tк\tобъектам\t\tдоступа информационной системы, основываясь на задачах, решаемых пользователями в информационной системе и взаимодействующими с ней информационными системами. Временная\tучетная\tзапись\tможет\tбыть\tзаведена\tдля\t\tпользователя\tна ограниченный срок для выполнения задач, требующих расширенных полномочий, или для проведения настройки, тестирования информационной системы, для организации гостевого доступа (посетителям, сотрудникам сторонних организаций, стажерам и иным\nпользователям с временным доступом к информационной системе).\nПравила и процедуры управления учетными записями пользователей регламентируются в организационно-распорядительных документах оператора по защите информации.	GIS
54	ОЦЛ.1	Контроль целостности программного обеспечения, включая программное обеспечение средств защиты информации	Требования к реализации ОЦЛ.1: В информационной системе должен осуществляться контроль целостности программного обеспечения, включая программное обеспечение средств защиты информации.\nКонтроль целостности программного обеспечения, включая программное обеспечение средств защиты информации, должен предусматривать:\nконтроль целостности программного обеспечения средств защиты информации, включая их обновления, по наличию имен (идентификаторов) и (или) по контрольным суммам компонентов средств защиты информации в процессе загрузки и (или) динамически в процессе работы информационной системы;\nконтроль целостности компонентов программного обеспечения (за исключением средств защиты информации), определяемого оператором исходя из возможности реализации угроз безопасности информации, по наличию имен (идентификаторов) компонентов программного обеспечения и (или) по контрольным суммам в процессе загрузки и (или) динамически в процессе работы информационной системы;\nконтроль применения средств разработки и отладки программ в составе программного обеспечения информационной системы;\nтестирование с периодичностью установленной оператором функций безопасности средств защиты информации, в том числе с помощью тест- программ, имитирующих попытки несанкционированного доступа, и (или) специальных программных средств, в соответствии с АНЗ.1 и АНЗ.2;\nобеспечение физической защиты технических средств информационной системы в соответствии с ЗТС.2 и ЗТС.3.\nВ случае если функциональные возможности информационной системы должны предусматривать применение в составе ее программного обеспечения средств разработки и отладки программ, оператором обеспечивается выполнение процедур\n \nконтроля целостности программного обеспечения после завершения каждого процесса функционирования средств разработки и отладки программ.\nПравила и процедуры контроля целостности программного обеспечения регламентируются в организационно-распорядительных документах оператора по защите информации.\n	GIS
105	ЗИС.22	Защита информационной системы от угроз безопасности информации, направленных на отказ в обслуживании информационной системы	Требования к реализации ЗИС.22: В информационной системе должна обеспечиваться защита от угроз безопасности информации, направленных на отказ в обслуживании этой системы.\nОператором должен быть определен перечень угроз (типов угроз) безопасности информации, направленных на отказ в обслуживании.\nЗащита от угроз безопасности информации, направленных на отказ в обслуживании, осуществляется посредством реализации в информационной системе мер защиты информационной системы в соответствии с ЗИС.23 и повышенными характеристиками производительности телекоммуникационного оборудования и каналов передачи совместно с резервированием информации и технических средств, программного обеспечения, каналов передачи информации в соответствии с ОДТ.2, ОДТ.4 и ОДТ.5.\n	GIS
88	ЗИС.5	Запрет несанкционированной удаленной активации видеокамер, микрофонов и иных периферийных устройств, которые могут активироваться удаленно, и оповещение пользователей об активации таких устройств	Требования к реализации ЗИС.5: В информационной системе должны осуществляться запрет несанкционированной удаленной активации видеокамер, микрофонов и иных периферийных устройств, которые могут активироваться удаленно, и оповещение пользователей об активации таких устройств, в том числе путем сигнализации, индикации.\nЗапрет несанкционированной удаленной активации должен осуществляться в отношении всех периферийных устройств ввода (вывода) информации, которые имеют возможность управления (запуска, включения, выключения) через компоненты программного обеспечение, установленные на рабочем месте пользователя, коммуникационных сервисов сторонних лиц (провайдеров) (ICQ, Skype и иные сервисы).\nЗапрет несанкционированной удаленной активации должен осуществляться через физическое исключение такой возможности и (или) путем управления программным обеспечением.\nВ исключительных случаях для решения установленных оператором отдельных задач, решаемых информационной системой, допускается возможность удаленной активации периферийных устройств. При этом должно быть обеспечено определение и фиксирование в организационно-распорядительных документах по защите информации (документирование) перечня периферийных устройств, для которых допускается возможность удаленной активации и обеспечен контроль за активацией таких устройств.\n	GIS
10	УПД.3	Управление (фильтрация, маршрутизация, контроль соединений, однонаправленная передача и иные способы управления) информационными потоками между устройствами, сегментами информационной системы, а также между информационными системами	Требования к реализации УПД.3: В информационной системе должно осуществляться управление информационными потоками при передаче информации между устройствами, сегментами в рамках информационной системы, включающее:\nфильтрацию информационных потоков в соответствии с правилами управления потоками, установленными оператором;\nразрешение передачи информации в информационной системе только по маршруту, установленному оператором;\nизменение (перенаправление) маршрута передачи информации в случаях, установленных оператором;\nзапись во временное хранилище информации для анализа и принятия решения о возможности ее дальнейшей передачи в случаях, установленных оператором.\nУправление информационными потоками должно обеспечивать разрешенный (установленный оператором) маршрут прохождения информации между пользователями, устройствами, сегментами в рамках информационной системы, а также между информационными системами или при взаимодействии с сетью Интернет(или другими информационно-телекоммуникационными сетями международного информационного обмена) на основе правил управления информационными потоками, включающих контроль конфигурации информационной системы, источника и получателя передаваемой информации, структуры передаваемой информации, характеристик информационных потоков и (или) канала связи (без анализа содержания информации). Управление информационными потоками должно блокировать передачу защищаемой информации через сеть Интернет (или другие информационно-телекоммуникационные сети международного информационного обмена) по незащищенным линиям связи, сетевые запросы и трафик, несанкционированно исходящие из информационной системы и (или) входящие в информационную систему.\nПравила   и   процедуры   управления   информационными   потоками\nрегламентируются в организационно-распорядительных документах оператора по защите информации.\n	GIS
77	ЗСВ.9	Реализация и управление антивирусной защитой в виртуальной инфраструктуре	Требования к реализации ЗСВ.9: В информационной системе должны обеспечиваться реализация и управление антивирусной защитой в виртуальной инфраструктуре в соответствии с АВЗ.1, АВЗ.2.\nПри реализации соответствующих мер должны обеспечиваться:\nпроверка наличия вредоносных программ (вирусов) в хостовой операционной системе, включая контроль файловой системы, памяти, запущенных приложений и процессов;\nпроверка наличия вредоносных программ в гостевой операционной системе, в процессе ее функционирования, включая контроль файловой системы, памяти, запущенных приложений и процессов.\n	GIS
89	ЗИС.6	Передача и контроль целостности атрибутов безопасности (меток безопасности), связанных с информацией, при обмене информацией с иными информационными системами	Требования к реализации ЗИС.6: В информационной системе должна осуществляться передача, сопоставление (сравнение) атрибутов безопасности (меток безопасности) с информацией, которой она обменивается с иными (внешними) информационными системами.\nАтрибуты безопасности могут сопоставляться с информацией, содержащейся в информационной системе, в явном или скрытом виде.\nМеры по передаче и контролю целостности (сопоставлению, сравнению) атрибутов безопасности (меток безопасности) реализуются в соответствии с УПД.12.\n	GIS
90	ЗИС.7	Контроль санкционированного и исключение несанкционированного использования технологий мобильного кода, в том числе регистрация событий, связанных с использованием технологий мобильного кода, их анализ и реагирование на нарушения, связанные с использованием технологий мобильного кода	Требования к реализации ЗИС.7: Оператором должны осуществляться контроль санкционированного и исключение несанкционированного использования технологий мобильного кода (активного контента) в информационной системе, в том числе регистрация событий, связанных с использованием технологии мобильного кода, их анализ и реагирование на нарушения, связанные с использованием технологии мобильного кода. Технология мобильного кода включает, в том числе использование Java, JavaScript, ActiveX, PDF, Postscript, Flash-анимация и VBScript и иных технологий.\nПри контроле использования технологий мобильного кода должно быть обеспечено:\nопределение перечня мобильного кода и технологий мобильного кода разрешенных и (или) запрещенных для использования в информационной системе;\nопределение разрешенных мест распространения (серверы информационной системы) и использования мобильного кода (автоматизированные рабочие места, мобильные технические средства информационной системы) и функций информационной  системы,  для  которых  необходимо  применение  технологии\nмобильного кода;\nрегистрация и анализ событий, связанных с разработкой, приобретением или внедрением технологии мобильного кода;\nисключение возможности использования запрещенного мобильного кода в информационной системе, а также внедрение мобильного кода в местах, не разрешенных для его установки.\nПравила и процедуры контроля использования технологий мобильного кода регламентируются в организационно-распорядительных документах оператора по защите информации.\n	GIS
92	ЗИС.9	Контроль санкционированной и исключение несанкционированной передачи видеоинформации, в том числе регистрация событий, связанных с передачей видеоинформации, их анализ и реагирование на нарушения, связанные с передачей видео информации	Требования к реализации ЗИС.9: Оператором должны осуществляться контроль санкционированного и исключение несанкционированного использования технологий передачи видеоинформации в информационной системе, в том числе регистрация событий, связанных с использованием технологий передачи видеоинформации, их анализ и реагирование на нарушения, связанные с использованием технологий передачи видеоинформации. При контроле использования технологий передачи видеоинформации должно быть обеспечено:\nопределение перечня технологий (сервисов) передачи видеоинформации разрешенных и (или) запрещенных для использования в информационной системе;\nопределение субъектов доступа (категорий пользователей), которым разрешены разработка, приобретение или внедрение технологий передачи видеоинформации в соответствии с установленными ролями;\nреализация параметров настройки, исключающих возможность удаленной конфигурации устройств передачи видеоинформации;\nрегистрация и анализ событий, связанных с разработкой, приобретением и внедрением технологий передачи видеоинформации;\nисключение возможности использования запрещенной технологии передачи видеоинформации в информационной системе, а также разработки, приобретения и внедрения технологий передачи видеоинформации субъектов доступа (пользователям), которым не разрешено ее использование.\nТехнология передачи видеоинформации включает, в том числе, применение технологий видеоконференцсвязи.\nПравила и процедуры контроля передачи видеоинформации регламентируются в\n \nорганизационно-распорядительных документах оператора по защите информации.\n	GIS
91	ЗИС.8	Контроль санкционированного и исключение несанкционированного использования технологий передачи речи, в том числе регистрация событий, связанных с использованием технологий передачи речи, их анализ и реагирование на нарушения, связанные с использованием технологий передачи речи	Требования к реализации ЗИС.8: Оператором должны осуществляться контроль санкционированного и исключение несанкционированного использования технологий передачи речи в информационной системе, в том числе регистрация событий, связанных с использованием технологий передачи речи, их анализ и реагирование на нарушения, связанные с использованием технологий передачи речи. При контроле использования технологий передачи речи должно быть обеспечено:\nопределение перечня технологий (сервисов) передачи речи разрешенных и (или) запрещенных для использования в информационной системе;\nопределение субъектов доступа (категорий пользователей), которым разрешены разработка, приобретение или внедрение технологий передачи речи в соответствии с установленными ролями;\nреализация  параметров  настройки,  исключающих  возможность  удаленной\nконфигурации устройств передачи речи;\nрегистрация и анализ событий, связанных с разработкой, приобретением и внедрением технологий передачи речи;\nисключение возможности использования запрещенной технологии передачи речи в информационной системе, а также разработки, приобретения и внедрения технологий передачи речи субъектам доступа (пользователям), которым не разрешено ее использование.\nТехнология передачи речи включает, в том числе, передачу речи через Интернет (в частности VoIP).\nПравила и процедуры контроля использования технологий передачи речи регламентируются в организационно-распорядительных документах оператора по защите информации.\n	GIS
108	ЗИС.25	Использование в информационной системе или ее сегментах различных типов общесистемного, прикладного и специального программного обеспечения (создание гетерогенной среды)	Требования к реализации ЗИС.25: Проектировщиком при создании информационной должны применяться различные типы общесистемного, прикладного и специального программного обеспечения (создание гетерогенной среды).\nГетерогенная среда создается путем применения различных типов информационных технологий с целью ограничения возможностей потенциальных нарушителей по реализации угроз безопасности информации (по несанкционированному доступу к информации, внедрению вредоносного программного обеспечения (компьютерных вирусов) и по организации вторжений (проведению\nкомпьютерных атак)).\nСоздание гетерогенной среды может достигаться в частности применением на серверах информационной системы UNIX-подобных операционных систем, отличных от операционных систем, применяемых на автоматизированных рабочих местах типа Windows и (или) применением в смежных сетевых сегментах информационной системы разных типов сетевого общесистемного, прикладного и (или) специального программного обеспечения.\nПри создании гетерогенной среды необходимо учитывать повышение сложности в управлении конфигурацией информационной системы и возможность увеличения ошибок конфигурации и возможных уязвимостей.\n	GIS
107	ЗИС.24	Прекращение сетевых соединений по их завершении или по истечении заданного оператором временного интервала неактивности сетевого соединения	Требования к реализации ЗИС.24: В информационной системе должно осуществляться завершение сетевых соединений (например, открепление пары порт/адрес (ТСР/IP)) по их завершении и (или) по истечении заданного оператором временного интервала неактивности сетевого соединения.	GIS
64	ОДТ.3	Контроль безотказного функционирования технических средств, обнаружение и локализация отказов функционирования, принятие мер по восстановлению отказавших средств и их тестирование	Требования к реализации ОДТ.3: Оператором должен осуществляться контроль безотказного функционирования технических средств, обнаружение и локализация\nотказов функционирования, принятие мер по восстановлению отказавших средств и их тестирование.\nКонтроль безотказного функционирования проводится в отношении серверного и телекоммуникационного оборудования, каналов связи, средств обеспечения функционирования информационной системы путем периодической проверки работоспособности в соответствии с эксплуатационной документацией (в том числе путем посылки тестовых сообщений и принятия "ответов", визуального контроля, контроля трафика, контроля "поведения" системы или иными методами).\nПри обнаружении отказов функционирования осуществляется их локализация и принятие мер по восстановлению отказавших средств в соответствии с ОЦЛ.3, их тестирование в соответствии с эксплуатационной документацией, а также регистрация событий, связанных с отказами функционирования, в соответствующих журналах.\n	GIS
71	ЗСВ.3	Регистрация событий безопасности в виртуальной инфраструктуре	Требования к реализации ЗСВ.3: В информационной системе должна обеспечиваться регистрация событий безопасности в виртуальной инфраструктуре в соответствии с РСБ.1, РСБ.2, РСБ.3, РСБ.4 и РСБ.5.\nПри реализации мер по регистрации событий безопасности в виртуальной инфраструктуре дополнительно к событиям, установленным в РСБ.1, должны подлежать регистрации следующие события:\nзапуск (завершение) работы компонентов виртуальной инфраструктуры; доступ субъектов доступа к компонентам виртуальной инфраструктуры;\nизменения в составе и конфигурации компонентов виртуальной инфраструктуры во время их запуска, функционирования и аппаратного отключения;\nизменения правил разграничения доступа к компонентам виртуальной инфраструктуры.\nПри регистрации запуска (завершения) работы компонентов виртуальной инфраструктуры состав и содержание информации, подлежащей регистрации, должны включать дату и время запуска (завершения) работы гипервизора и виртуальных машин, хостовой операционной системы, программ и процессов в виртуальных машинах, результат запуска (завершения) работы указанных компонентов виртуальной инфраструктуры (успешная или неуспешная), идентификатор пользователя, предъявленный при попытке запуска (завершения) работы указанных компонентов виртуальной инфраструктуры.\nПри регистрации входа (выхода) субъектов доступа в компоненты виртуальной инфраструктуры состав и содержание информации, подлежащей регистрации, должны включать дату и время доступа субъектов доступа к гипервизору и виртуальной машине, к хостовой операционной системе, результат попытки доступа субъектов доступа к указанным компонентам виртуальной инфраструктуры (успешная или неуспешная), идентификатор пользователя, предъявленный при попытке доступа субъектов доступа к указанным компонентам виртуальной инфраструктуры.\nПри изменении в составе и конфигурации компонентов виртуальной инфраструктуры во время запуска, функционирования и в период её аппаратного отключения состав и содержание информации, подлежащей регистрации, должны включать дату и время изменения в составе и конфигурации виртуальных машин, виртуального аппаратного обеспечения, виртуализированного программного обеспечения, виртуального аппаратного обеспечения в гипервизоре и в виртуальных машинах, в хостовой операционной системе, виртуальном сетевом оборудовании, результат попытки изменения в составе и конфигурации указанных компонентов виртуальной инфраструктуры (успешная или неуспешная), идентификатор пользователя, предъявленный при попытке изменения в составе и конфигурации указанных компонентов виртуальной инфраструктуры.\nПри изменении правил разграничения доступа к компонентам виртуальной инфраструктуры состав и содержание информации, подлежащей регистрации, должны включать дату и время изменения правил разграничения доступа к виртуальному и физическому аппаратному обеспечению, к файлам-образам виртуализированного программного обеспечения и виртуальных машин, к файлам-образам, используемым для обеспечения работы виртуальных файловых систем, к виртуальному сетевому оборудованию, к защищаемой информации, хранимой и обрабатываемой в гипервизоре и виртуальных машинах, в хостовой операционной системе, результат попытки изменения правил разграничения доступа к указанным компонентам виртуальной инфраструктуры (успешная или неуспешная), идентификатор пользователя, предъявленный при попытке изменения правил разграничения доступа к указанным компонентам виртуальной инфраструктуры.\n	GIS
106	ЗИС.23	Защита периметра (физических и (или) логических границ) информационной системы при ее взаимодействии с иными информационными системами и информационно-телекоммуникацио нными сетями	Требования к реализации ЗИС.23: В информационной системе должна осуществляться защита периметра (физических и (или) логических границ) информационной системы при ее взаимодействии с иными информационными системами и информационно-телекоммуникационными сетями, предусматривающая:\nуправление (контроль) входящими в информационную систему и исходящими из информационной системы информационными потоками на физической и (или) логической границе информационной системы (сегментов информационной системы);\nобеспечение взаимодействия информационной системы и (или) ее сегментов с иными информационными системами и сетями только через сетевые интерфейсы, которые обеспечивают управление (контроль) информационными потоками с использованием средств защиты информации (управляемые (контролируемые) сетевые интерфейсы), установленных на физическом и (или) логическом периметре информационной системы или ее отдельных сегментов (маршрутизаторов, межсетевых экранов, коммутаторов, прокси-серверов, шлюзов безопасности, средств построения виртуальных частных сетей и иных средств защиты информации).\nПравила и процедуры защиты периметра информационной системы регламентируются в организационно-распорядительных документах оператора по защите информации.\n	GIS
80	ЗТС.2	Организация контролируемой зоны, в пределах которой постоянно размещаются стационарные технические средства, обрабатывающие информацию, и средства защиты информации, а также средства обеспечения функционирования	Требования к реализации ЗТС.2: Оператором должна обеспечиваться контролируемая зона, в пределах которой постоянно размещаются стационарные технические средства, обрабатывающие информацию, и средства защиты информации, а также средства обеспечения функционирования.\nКонтролируемая зона включает пространство (территорию, здание, часть здания), в котором исключено неконтролируемое пребывание работников (сотрудников) оператора и лиц, не имеющих постоянного допуска на объекты информационной системы (не являющихся работниками оператора), а также транспортных, технических и иных материальных средств.\nГраницами контролируемой зоны могут являться периметр охраняемой территории, ограждающие конструкции охраняемого здания или охраняемой части здания, если оно размещено на неохраняемой территории. Границы контролируемой зоны устанавливаются в организационно-распорядительных документах по защите информации.\nДля одной информационной системы (ее сегментов) может быть организовано несколько контролируемых зон.\n	GIS
11	УПД.4	Разделение обязанностей полномочий (ролей), администраторов и лиц, обеспечивающих функционирование информационной системы	Требования к реализации УПД.4: Оператором должно быть обеспечено разделение полномочий (ролей) пользователей, администраторов и лиц, обеспечивающих функционирование информационной системы, в соответствии с их должностными\tобязанностями\t(функциями),\tфиксирование\tв организационно-распорядительных документах по защите информации (документирование) полномочий (ролей) пользователей, администраторов и лиц, обеспечивающих функционирование информационной системы, и санкционирование доступа к объектам доступа в соответствии с разделением полномочий (ролей).\nДоступ к объектам доступа с учетом разделения полномочий (ролей) обеспечивается в соответствии с УПД.2.\n	GIS
40	РСБ.4	Реагирование на сбои при регистрации событий безопасности, в том числе аппаратные и программные ошибки, сбои в механизмах сбора информации и достижение предела или переполнения объема (емкости) памяти	Требования к реализации РСБ.4: В информационной системе должно осуществляться реагирование на сбои при регистрации событий безопасности, в том числе аппаратные и программные ошибки, сбои в механизмах сбора информации и достижение предела или переполнения объема (емкости) памяти.\nРеагирование на сбои при регистрации событий безопасности должно предусматривать:\nпредупреждение (сигнализация, индикация) администраторов о сбоях (аппаратных и программных ошибках, сбоях в механизмах сбора информации или переполнения объема (емкости) памяти) при регистрации событий безопасности;\nреагирование на сбои при регистрации событий безопасности путем изменения администраторами параметров сбора, записи и хранения информации о событиях безопасности, в том числе отключение записи информации о событиях безопасности от части компонентов информационной системы, запись поверх устаревших хранимых записей событий безопасности.\nПравила и процедуры реагирования на сбои при регистрации событий безопасности регламентируются в организационно-распорядительных документах оператора по защите информации.\n	GIS
51	АНЗ.3	Контроль работоспособности, параметров настройки и правильности функционирования программного обеспечения и средств защиты информации	Требования к реализации АНЗ.3: Оператором должен проводиться контроль работоспособности, параметров настройки и правильности функционирования программного обеспечения и средств защиты информации.\nПри контроле работоспособности, параметров настройки и правильности функционирования программного обеспечения и средств защиты информации осуществляется:\nконтроль работоспособности (неотключения) программного обеспечения и средств защиты информации;\nпроверка правильности функционирования (тестирование на тестовых данных, приводящих к известному результату) программного обеспечения и средств защиты информации, объем и содержание которой определяется оператором;\nконтроль соответствия настроек программного обеспечения и средств защиты информации параметрам настройки, приведенным в эксплуатационной документации на систему защиты информации и средства защиты информации;\nвосстановление работоспособности (правильности функционирования) и параметров настройки программного обеспечения и средств защиты информации (при\nнеобходимости), в том числе с использованием резервных копий и (или) дистрибутивов. Контроль работоспособности,\tпараметров настройки и правильности функционирования программного обеспечения и средств\tзащиты информации проводится с периодичностью, установленной оператором\tв\nорганизационно-распорядительных документах по защите информации.\n	GIS
3	ИАФ.3	Управление идентификаторами, в том числе создание, присвоение, уничтожение идентификаторов	Требования к реализации ИАФ.3: Оператором должны быть установлены и реализованы следующие функции управления идентификаторами пользователей и устройств в информационной системе:\nопределение должностного лица (администратора) оператора, ответственного за создание, присвоение и уничтожение идентификаторов пользователей и устройств;\nформирование идентификатора, который однозначно идентифицирует пользователя и (или) устройство;\nприсвоение идентификатора пользователю и (или) устройству;\nпредотвращение повторного использования идентификатора пользователя и (или) устройства в течение установленного оператором периода времени;\nблокирование идентификатора пользователя после установленного оператором времени неиспользования.\nПравила\tи\tпроцедуры\tуправления\tидентификаторами\tрегламентируются\tв организационно-распорядительных документах оператора по защите информации.	GIS
56	ОЦЛ.3	Обеспечение возможности восстановления программного обеспечения, включая программное обеспечение средств защиты информации, при возникновении нештатных ситуаций	Требования к реализации ОЦЛ.3: Оператором должна быть предусмотрена возможность восстановления программного обеспечения, включая программное обеспечение средств защиты информации, при возникновении нештатных ситуаций.\nДля обеспечения возможности восстановления программного обеспечения в информационной системе должны быть приняты соответствующие планы по действиям персонала (администраторов безопасности, пользователей) при возникновении нештатных ситуаций.\nВозможность восстановления программного обеспечения, включая программное обеспечение средств защиты информации, при возникновении нештатных ситуаций должна предусматривать:\nвосстановление программного обеспечения, включая программное обеспечение средств защиты информации, из резервных копий (дистрибутивов) программного обеспечения;\nвосстановление и проверка работоспособности системы защиты информации, обеспечивающие необходимый уровень защищенности информации;\nвозврат информационной системы в начальное состояние (до возникновения нештатной ситуации), обеспечивающее ее штатное\nфункционирование, или восстановление отдельных функциональных возможностей информационной системы, определенных оператором, позволяющих решать задачи по обработке информации.\nОператором  применяются  компенсирующие  меры  защиты  информации  в\n \nслучаях, когда восстановление работоспособности системы защиты информации невозможно.\nПравила и процедуры восстановления (в том числе планы по действиям персонала порядок применения компенсирующих мер) отражаются в организационно-распорядительных документах оператора по защите информации.\n	GIS
111	ЗИС.28	Воспроизведение ложных и (или) скрытие истинных отдельных информационных технологий и (или) структурно-функциональных характеристик информационной системы или ее сегментов, обеспечивающее навязывание нарушителю ложного представления об истинных информационных технологиях и (или) структурно-функциональных характеристиках информационной системы	Требования к реализации ЗИС.28: Оператором должно обеспечиваться воспроизведение ложных и (или) скрытие истинных отдельных информационных технологий и (или) структурно-функциональных характеристик информационной системы или ее сегментов, обеспечивающее навязывание у нарушителя ложного представления  об  истинных  информационных  технологиях  и  (или) структурно-функциональных характеристиках информационной системы.\nВоспроизведение (визуализация) ложных и (или) скрытие (маскирование) истинных отдельных информационных технологий и (или) структурно-функциональных характеристик информационной системы или ее сегментов должны быть направлены на снижение возможности успешной реализации нарушителем угрозы безопасности\nинформации (компьютерной атаки) путем введения в заблуждение нарушителя относительно возможных способов и средств компьютерных атак на информационную систему.\nПри этом визуализация ложных и (или) маскирование истинных отдельных информационных технологий и (или) структурно-функциональных характеристик информационной системы позволяют снизить или исключить затраты на внедрение сложных средств защиты информации.\n	GIS
13	УПД.6	Ограничение неуспешных попыток входа в информационную систему (доступа к информационной системе)	Требования к реализации УПД.6: В информационной системе должно быть установлено и зафиксировано в организационно-распорядительных документах оператора по защите информации (задокументировано) ограничение количества неуспешных попыток входа в информационную систему (доступа к информационной системе) за период времени, установленный оператором, а также обеспечено блокирование устройства, с которого предпринимаются попытки доступа, и (или) учетной записи пользователя при превышении пользователем ограничения количества неуспешных попыток входа в информационную систему (доступа к информационной системе).\nОграничение количества неуспешных попыток входа в информационную систему (доступа к информационной системе)должно обеспечиваться в соответствии с ИАФ.4.\n	GIS
5	ИАФ.5	Защита обратной связи при вводе аутентификационной информации	Требования к реализации ИАФ.5: В информационной системе должна осуществляться защита аутентификационной информации в процессе ее ввода для аутентификации от возможного использования лицами, не имеющими на это полномочий.\nЗащита обратной связи "система - субъект доступа" в процессе аутентификации обеспечивается исключением отображения для пользователя действительного значения аутентификационной информации и (или) количества вводимых пользователем символов аутентификационной информации. Вводимые символы пароля могут отображаться условными знаками"*", "• " или иными знаками.	GIS
97	ЗИС.14	Использование устройств терминального доступа для обработки информации	Требования к реализации ЗИС.14: Оператором для обработки информации в информационной системе должны применяться устройства терминального доступа, обладающие  минимальными  функциональными  возможностями  по  обработке  и\nхранению информации.\nПрименение устройств терминального доступа должно быть направлено на сосредоточение основных функций по обработке и хранению информации на серверах (в центрах обработки данных), уменьшение состава мер защиты информации, реализуемых на каждой рабочей станции, и перенос их реализации на серверы.\nК таким устройствам относятся, в том числе, бездисковые рабочие станции, при использовании которых информация текущей сессии хранится в оперативной памяти или на защищенном съемном машинном носителе информации, устройства, поддерживающие технологию виртуального рабочего стола, и иные устройства.\n	GIS
27	ОПС.3	Установка (инсталляция) только разрешенного к использованию программного обеспечения и (или) его компонентов	Требования к реализации ОПС.3: Оператором должна быть обеспечена установка (инсталляция) только разрешенного к использованию в информационной системе программного обеспечения и (или) его компонентов.\nУстановка (инсталляция) в информационной системе программного обеспечения (вида, типа, класса программного обеспечения) и (или) его компонентов осуществляется с учетом перечня программного обеспечения и (или) его компонентов, разрешенных оператором к установке ("белый список"), и (или) перечнем программного обеспечения и (или) его компонентов, запрещенных оператором к установке ("черный список"). Указанные перечни программного обеспечения и (или) его компонентов разрабатываются оператором для информационной системы в целом или для всех ее сегментов  или  устройств  в  отдельности  и  фиксируются  в организационно-распорядительной документации оператора по защите информации (документируются).\nУстановка (инсталляция) в информационной системе программного обеспечения и (или) его компонентов должна осуществляться только от имени администратора в соответствии с УПД.5.\nОператором должен обеспечиваться периодический контроль установленного (инсталлированного) в информационной системе программного обеспечения на предмет соответствия его перечню программного обеспечения, разрешенному к установке в информационной системе в соответствии с АНЗ.4, а также на предмет отсутствия программного обеспечения, запрещенного оператором к установке.\n	GIS
82	ЗТС.4	Размещение устройств вывода (отображения) информации, исключающее ее несанкционированный просмотр	Требования к реализации ЗТС.4: Оператором должно осуществляться размещение устройств вывода (отображения) информации, исключающее ее несанкционированный просмотр.\nВ качестве устройств вывода (отображения) информации в информационной системе следует рассматривать экраны мониторов автоматизированных рабочих мест пользователей, мониторы консолей управления технических средств (серверов, телекоммуникационного оборудования и иных технических средств), видеопанели, видеостены и другие средства визуального отображения защищаемой информации, печатающие устройства (принтеры, плоттеры и иные устройства), аудиоустройства, многофункциональные устройства.\nРазмещение устройств вывода (отображения, печати) информации должно исключать возможность несанкционированного просмотра выводимой информации, как из-за пределов контролируемой зоны, так и в пределах контролируемой зоны. Не следует размещать устройства вывода (отображения, печати) информации напротив оконных проемов, входных дверей, технологических отверстий, в коридорах, холлах и иных местах, доступных для несанкционированного просмотра.\n	GIS
58	ОЦЛ.5	Контроль содержания информации, передаваемой из информационной системы (контейнерный, основанный на свойствах объекта доступа, и контентный, основанный на поиске запрещенной к передаче информации с использованием сигнатур, масок и иных методов), и исключение неправомерной передачи информации из информационной системы	Требования к реализации ОЦЛ.5: В информационной системе должен осуществляться контроль содержания информации, передаваемой из информационной системы (контейнерный, основанный на свойствах объекта доступа, и контентный, основанный на поиске запрещенной к передаче информации с использованием сигнатур, масок и иных методов), и исключение неправомерной передачи информации из информационной системы.\nКонтроль содержания информации, передаваемой из информационной системы, должен предусматривать:\nвыявление фактов неправомерной передачи защищаемой информации из информационной системы через различные типы сетевых соединений, включая сети связи общего пользования и реагирование на них;\nвыявление фактов неправомерной записи защищаемой информации на неучтенные съемные машинные носители информации и реагирование на них;\nвыявление фактов неправомерного вывода на печать документов, содержащих защищаемую информацию и реагирование на них;\nвыявление фактов неправомерного копирования защищаемой информации в прикладное программное обеспечение из буфера обмена и реагирование на них;\nконтроль хранения защищаемой информации на серверах и автоматизированных рабочих местах;\nвыявление фактов хранения информации на общих сетевых ресурсах (общие папки, системы документооборота, базы данных, почтовые архивы и иные ресурсы).\nКонтроль содержания информации, передаваемой из информационной системы, осуществляется по цифровым отпечаткам информации, по регулярным выражениям и (или) по атрибутам безопасности (меткам безопасности) файлов, а также с помощью\n \nиных методов.\nПравила и процедуры контроля содержания передаваемой информации регламентируются в организационно-распорядительных документах оператора по защите информации.\n	GIS
38	РСБ.2	Определение состава и содержания информации о событиях безопасности, подлежащих регистрации	Требования к реализации РСБ.2: В информационной системе должны быть определены состав и содержание информации о событиях безопасности, подлежащих регистрации.\nСостав и содержание информации о событиях безопасности, включаемой в записи регистрации о событиях безопасности, должны, как минимум, обеспечить возможность идентификации типа события безопасности, даты и времени события безопасности,  идентификационной  информации  источника  события  безопасности,\nрезультат события безопасности (успешно или неуспешно), субъект доступа (пользователь и (или) процесс), связанный с данным событием безопасности.\nПри регистрации входа (выхода) субъектов доступа в информационную систему и загрузки (останова) операционной системы состав и содержание информации должны, как минимум, включать дату и время входа (выхода) в систему (из системы) или загрузки (останова) операционной системы, результат попытки входа (успешная или неуспешная), результат попытки загрузки (останова) операционной системы (успешная или неуспешная), идентификатор, предъявленный при попытке доступа.\nПри регистрации подключения машинных носителей информации и вывода информации на носители информации состав и содержание регистрационных записей должны, как минимум, включать дату и время подключения машинных носителей информации и вывода информации на носители информации, логическое имя (номер) подключаемого машинного носителя информации, идентификатор субъекта доступа, осуществляющего вывод информации на носитель информации.\nПри регистрации запуска (завершения) программ и процессов (заданий, задач), связанных с обработкой защищаемой информации состав и содержание регистрационных записей должны, как минимум, включать дату и время запуска, имя (идентификатор) программы (процесса, задания), идентификатор субъекта доступа (устройства), запросившего программу (процесс, задание), результат запуска (успешный, неуспешный).\nПри регистрации попыток доступа программных средств (программ, процессов, задач, заданий) к защищаемым файлам состав и содержание регистрационных записей должны, как минимум, включать дату и время попытки доступа к защищаемому файлу с указанием ее результата (успешная, неуспешная), идентификатор субъекта доступа (устройства), спецификацию защищаемого файла (логическое имя, тип).\nПри регистрации попыток доступа программных средств к защищаемым объектам доступа (техническим средствам, узлам сети, линиям (каналам) связи, внешним устройствам, программам, томам, каталогам, записям, полям записей) состав и содержание информации должны, как минимум, включать дату и время попытки доступа к защищаемому объекту с указанием ее результата (успешная, неуспешная), идентификатор субъекта доступа (устройства), спецификацию защищаемого объекта доступа (логическое имя (номер).\nПри регистрации попыток удаленного доступа к информационной системе состав и содержание информации должны, как минимум, включать дату и время попытки удаленного доступа с указанием ее результата (успешная, неуспешная), идентификатор субъекта доступа (устройства), используемый протокол доступа, используемый интерфейс доступа и (или) иную информацию о попытках удаленного доступа к информационной системе.\nСостав и содержание информации о событиях безопасности, подлежащих регистрации, отражаются в организационно-распорядительных документах оператора по защите информации.\n	GIS
1	ИАФ.1	Идентификация и аутентификация пользователей, являющихся работниками оператора	Требования к реализации ИАФ.1: В информационной системе должна обеспечиваться идентификация и аутентификация пользователей, являющихся работниками оператора.\nПри доступе в информационную систему должна осуществляться идентификация и аутентификация пользователей, являющихся работниками оператора (внутренних пользователей), и процессов, запускаемых от имени этих пользователей, а также процессов, запускаемых от имени системных учетных записей.\nК внутренним пользователям в целях настоящего документа, относятся должностные лица оператора (пользователи, администраторы), выполняющие свои должностные обязанности (функции) с использованием информации, информационных технологий и технических средств информационной системы в соответствии с должностными регламентами (инструкциями) утвержденными оператором и которым в информационной системе присвоены учетные записи.\nВ качестве внутренних пользователей дополнительно рассматриваются должностные лица обладателя информации, заказчика, уполномоченного лица и (или) оператора иной информационной системы, а также лица, привлекаемые на договорной основе для обеспечения функционирования информационной системы (ремонт, гарантийное обслуживание, регламентные и иные работы) в соответствии с организационно-распорядительными документами оператора и которым в информационной системе также присвоены учетные записи.\nПользователи информационной системы должны однозначно идентифицироваться и аутентифицироваться для всех видов доступа, кроме тех видов доступа, которые определяются как действия, разрешенные до идентификации и аутентификации в соответствии с мерой защиты информации УПД.11.\nАутентификация пользователя осуществляется с использованием паролей, аппаратных средств, биометрических характеристик, иных средств или в случае многофакторной (двухфакторной) аутентификации - определенной комбинации указанных средств.\nВ информационной системе должна быть обеспечена возможность однозначного сопоставления идентификатора пользователя с запускаемыми от его имени процессами.\nПравила и процедуры идентификации и аутентификации пользователей регламентируются в организационно-распорядительных документах по защите информации.	GIS
23	УПД.16	Управление взаимодействием с информационными системами сторонних организаций (внешние информационные системы)	Требования к реализации УПД.16: Оператором должно быть обеспечено управление взаимодействием с внешними информационными системами, включающими информационные системы и вычислительные ресурсы (мощности) уполномоченных лиц, информационные системы, с которыми установлено информационное взаимодействие на основании заключенного договора (соглашения), а также с иными информационными системами, информационное взаимодействие с которыми необходимо для функционирования информационной системы.\nУправление взаимодействием с внешними информационными системами должно включать:\nпредоставление доступа к информационной системе только авторизованным (уполномоченным) пользователям в соответствии с УПД.2;\n \nопределение типов прикладного программного обеспечения информационной системы, к которым разрешен доступ авторизованным (уполномоченным) пользователям из внешних информационных систем;\nопределение системных учетных записей, используемых в рамках данного взаимодействия;\nопределение порядка предоставления доступа к информационной системе авторизованными (уполномоченным) пользователями из внешних информационных систем;\nопределение порядка обработки, хранения и передачи информации с использованием внешних информационных систем.\nУправление взаимодействием с внешними информационными системами в целях межведомственного электронного взаимодействия, исполнения государственных и муниципальных функций, формирования базовых государственных информационных ресурсов осуществляется в том числе с использованием единой системы идентификации и аутентификации, созданной в соответствии с постановлением Правительства Российской Федерации от 28 ноября 2011 г. N 977.\nПравила и процедуры управления взаимодействием с внешними информационными системами регламентируются в организационно-распорядительных документах оператора по защите информации.\n	GIS
21	УПД.14	Регламентация и контроль использования в информационной системе технологий беспроводного доступа	Требования к реализации УПД.14: Оператором должны обеспечиваться регламентация и контроль использования в информационной системе технологий беспроводного доступа пользователей к объектам доступа (стандарты коротковолновой радиосвязи, спутниковой и пакетной радиосвязи), направленные на защиту информации в информационной системе.\nРегламентация и контроль использования технологий беспроводного доступа должны включать:\nограничение на использование технологий беспроводного доступа (беспроводной передачи данных, беспроводного подключения оборудования к сети, беспроводного подключения устройств к средству вычислительной техники) в соответствии с задачами (функциями) информационной системы, для решения которых такой доступ необходим, и предоставление беспроводного доступа в соответствии с УПД.2;\nпредоставление технологий беспроводного доступа только тем пользователям, которым он необходим для выполнения установленных должностных обязанностей (функций);\nмониторинг и контроль применения технологий беспроводного доступа на предмет выявления несанкционированного использования технологий беспроводного доступа к объектам доступа информационной системы;\nконтроль беспроводного доступа пользователей (процессов запускаемых от имени пользователей) к объектам доступа информационной системы до начала информационного взаимодействия с информационной системой.\nПравила и процедуры применения технологий беспроводного доступа регламентируются в организационно-распорядительных документах оператора по защите информации.\n	GIS
17	УПД.10	Блокирование сеанса доступа в информационную систему после установленного времени бездействия (неактивности) пользователя или по его запросу	Требования к реализации УПД.10: В информационной системе должно обеспечиваться блокирование сеанса доступа пользователя после установленного оператором времени его бездействия (неактивности) в информационной системе или по запросу пользователя.\nБлокирование сеанса доступа пользователя в информационную систему обеспечивает временное приостановление работы пользователя со средством вычислительной техники, с которого осуществляется доступ к информационной системе (без выхода из информационной системы).\nДля заблокированного сеанса должно осуществляться блокирование любых действий по доступу к информации и устройствам отображения, кроме необходимых для разблокирования сеанса.\nБлокирование сеанса доступа пользователя в информационную систему должно сохраняться до прохождения им повторной идентификации и аутентификации в соответствии с ИАФ.1.\nПравила и процедуры блокирования сеансов доступа регламентируются в организационно-распорядительных документах оператора по защите информации.\n	GIS
19	УПД.12	Поддержка и сохранение атрибутов безопасности (меток безопасности), связанных с информацией в процессе ее хранения и обработки	Требования к реализации УПД.12: В информационной системе должны обеспечиваться поддержка (обновление, назначение, изменение) и сохранение атрибутов безопасности (меток безопасности), установленных оператором, связанных с информацией в процессе ее хранения и обработки.\nАтрибуты безопасности (метки безопасности) представляют собой свойства (характеристики) объектов и (или) субъектов доступа, которые используются для контроля доступа субъектов к объектам доступа и управления информационными потоками.\nПравила и процедуры поддержки и сохранения атрибутов безопасности регламентируются в организационно-распорядительных документах оператора по защите информации.\n	GIS
46	АВЗ.2	Обновление базы данных признаков вредоносных компьютерных программ (вирусов)	Требования к реализации АВЗ.2: Оператором должно быть обеспечено обновление базы данных признаков вредоносных компьютерных программ (вирусов).\nОбновление базы данных признаков вредоносных компьютерных программ (вирусов) должно предусматривать:\nполучение уведомлений о необходимости обновлений и непосредственном обновлении базы данных признаков вредоносных компьютерных программ (вирусов);\nполучение из доверенных источников и установку обновлений базы данных признаков вредоносных компьютерных программ (вирусов);\nконтроль целостности обновлений базы данных признаков вредоносных компьютерных программ (вирусов).\nПравила и процедуры обновления базы данных признаков вредоносных компьютерных\tпрограмм\t(вирусов)\tрегламентируются\tв организационно-распорядительных документах оператора по защите информации.\n	GIS
32	ЗНИ.4	Исключение возможности несанкционированного ознакомления с содержанием информации, хранящейся на машинных носителях, и (или) использования носителей информации в иных информационных системах	Требования к реализации ЗНИ.4: Оператором должно обеспечиваться исключение возможности несанкционированного ознакомления с содержанием информации, хранящейся на машинных носителях, и (или) использования носителей информации в иных информационных системах.\nИсключение возможности несанкционированного ознакомления с содержанием информации, хранящейся на машинных носителях, и (или) использования носителей информации в иных информационных системах должно предусматривать:\nопределение типов машинных носителей информации, подлежащих хранению в помещениях, специально предназначенных для хранения машинных носителей информации (хранилище машинных носителей информации);\nфизический контроль и хранение машинных носителей информации в помещениях, специально предназначенных для хранения машинных носителей информации (хранилище машинных носителей информации);\nзащита машинных носителей информации до уничтожения (стирания) с них данных и остаточной информации (информации, которую можно восстановить после удаления с помощью нештатных средств и методов) с использованием средств стирания данных и остаточной информации.\nПравила и процедуры управления, направленные на исключение несанкционированного ознакомления с содержанием информации, хранящейся на машинных носителях, и (или) использования носителей информации в иных информационных системах, регламентируются в организационно-распорядительных документах оператора по защите информации.\n	GIS
31	ЗНИ.3	Контроль перемещения машинных носителей информации за пределы контролируемой зоны	Требования к реализации ЗНИ.3: Оператором должен обеспечиваться контроль перемещения используемых в информационной системе машинных носителей информации за пределы контролируемой зоны. При контроле перемещения машинных носителей информации должны осуществляться:\nопределение должностных лиц, имеющих права на перемещение машинных носителей информации за пределы контролируемой зоны;\nпредоставление права на перемещение машинных носителей информации за пределы контролируемой зоны только тем лицам, которым оно необходимо для выполнения своих должностных обязанностей (функции);\nучет перемещаемых машинных носителей информации в соответствии с ЗНИ.1; периодическая проверка наличия машинных носителей информации.\nПравила и процедуры контроля перемещения машинных носителей информации регламентируются в организационно-распорядительных документах оператора по защите информации.\n	GIS
36	ЗНИ.8	Уничтожение (стирание) информации на машинных носителях при их передаче между пользователями, в сторонние организации для ремонта или утилизации, а также контроль уничтожения (стирания)	Требования к реализации ЗНИ.8: Оператором должно обеспечиваться уничтожение (стирание) информации на машинных носителях при их передаче между пользователями, в сторонние организации для ремонта или утилизации, а также контроль уничтожения (стирания) информации.\nУничтожение (стирание) информации на машинных носителях должно исключать возможность восстановления защищаемой информации при передаче машинных носителей между пользователями, в сторонние организации для ремонта или утилизации.\nУничтожению (стиранию) подлежит информация, хранящаяся на цифровых и нецифровых, съемных и несъемных машинных носителях информации.\nПроцедуры уничтожения (стирания) информации на машинных носителях, а также контроля уничтожения (стирания) информации должны быть разработаны оператором и включены в организационно-распорядительные документы по защите информации.\n	GIS
34	ЗНИ.6	Контроль ввода (вывода) информации на машинные носители информации	Требования к реализации ЗНИ.6: В информационной системе должен осуществляться контроль ввода (вывода) информации на машинные носители информации.\nКонтроль ввода (вывода) информации на машинные носители информации должен предусматривать:\nопределение оператором типов носителей информации, ввод (вывод) информации на которые подлежит контролю;\nопределение оператором категорий пользователей, которым предоставлены полномочия по вводу (выводу) информации на машинные носители в соответствии с УПД.2;\nзапрет действий по вводу (выводу) информации для пользователей, не имеющих полномочий на ввод (вывод) информации на машинные носители информации, и на носители информации, на которые запрещен ввод (вывод) информации;\nрегистрация действий пользователей и событий по вводу (выводу) информации\nна машинные носители информации в соответствии с РСБ.3.\nПравила и процедуры контроля ввода (вывода) информации на машинные носители информации регламентируются в организационно-распорядительных документах оператора по защите информации.\n	GIS
29	ЗНИ.1	Учет машинных носителей информации	Требования к реализации ЗНИ.1: Оператором должен быть обеспечен учет машинных носителей информации, используемых в информационной системе для хранения и обработки информации.\nУчету подлежат:\nсъемные машинные носители информации (флэш-накопители, внешние накопители на жестких дисках и иные устройства);\nпортативные\tвычислительные\tустройства,\tимеющие\tвстроенные\tносители информации (ноутбуки, нетбуки, планшеты, сотовые телефоны, цифровые камеры, звукозаписывающие устройства и иные аналогичные по функциональности устройства); машинные носители информации, встроенные в корпус средств вычислительной\nтехники (накопители на жестких дисках).\nУчет машинных носителей информации включает присвоение регистрационных (учетных) номеров носителям. В качестве регистрационных номеров могут использоваться идентификационные (серийные) номера машинных носителей, присвоенных производителями этих машинных носителей информации, номера инвентарного учета, в том числе инвентарные номера технических средств, имеющих встроенные носители информации, и иные номера.\nУчет съемных машинных носителей информации ведется в журналах учета машинных носителей информации.\nУчет встроенных в портативные или стационарные технические средства машинных  носителей  информации  может  вестись  в  журналах материально-технического учета в составе соответствующих технических средств. При использовании в составе одного технического средства информационной системы нескольких встроенных машинных носителей информации, конструктивно объединенных в единый ресурс для хранения информации, допускается присвоение регистрационного номера техническому средству в целом.\nРегистрационные или иные номера подлежат занесению в журналы учета машинных носителей информации или журналы материально-технического учета с указанием пользователя или группы пользователей, которым разрешен доступ к машинным носителям информации.\nРаздельному учету в журналах учета подлежат съемные (в том числе портативные) перезаписываемые машинные носители информации (флэш- накопители, съемные жесткие диски).\n	GIS
\.


--
-- TOC entry 3546 (class 0 OID 74049)
-- Dependencies: 234
-- Data for Name: basic_defensive_measures_to_data_security_tools; Type: TABLE DATA; Schema: defensive_measures_schema; Owner: savenkova
--

COPY defensive_measures_schema.basic_defensive_measures_to_data_security_tools (measure_id, security_tool_id) FROM stdin;
1	6
1	12
1	15
1	16
2	4
2	6
2	12
2	15
2	16
3	6
3	12
3	15
4	6
4	12
4	15
4	19
5	7
5	16
6	12
6	15
6	25
7	6
7	10
7	12
7	23
8	6
8	12
8	16
9	6
9	12
9	13
9	14
9	16
10	3
10	4
10	5
10	6
10	8
10	10
10	12
10	16
10	18
10	21
11	6
11	12
11	16
11	22
12	6
12	12
12	16
13	6
13	12
13	16
13	25
14	6
15	19
16	12
16	21
17	6
17	12
17	19
17	21
18	6
18	10
18	12
19	19
19	21
20	7
20	12
20	16
20	18
21	12
21	16
22	12
23	21
24	1
24	12
24	13
24	16
25	1
25	6
25	12
25	26
26	15
26	26
27	15
29	12
30	12
31	12
32	12
33	6
33	12
34	12
35	6
35	12
36	12
37	6
37	10
37	12
37	20
37	21
37	22
37	25
38	6
38	10
38	12
38	20
38	21
38	22
38	25
39	6
39	10
39	12
39	20
39	21
39	22
39	25
40	12
40	25
41	6
41	10
41	12
41	20
41	21
41	22
41	25
41	26
41	28
42	21
43	12
44	12
45	12
45	23
45	29
45	30
45	33
46	12
46	23
46	29
46	30
46	33
47	9
47	10
47	12
47	16
47	17
47	24
47	32
48	9
48	10
48	12
48	16
48	17
48	24
48	32
49	20
49	23
49	25
49	26
50	6
50	20
51	6
51	12
51	13
51	14
51	15
51	16
51	20
51	23
51	25
51	26
51	29
52	12
52	20
52	26
53	6
53	12
53	20
54	6
54	11
54	12
54	13
54	18
54	23
54	26
56	6
56	12
56	18
56	26
57	16
57	29
58	5
58	12
58	13
58	14
59	6
59	12
60	9
60	20
60	21
60	25
61	9
61	21
61	25
62	12
62	13
62	14
62	16
63	6
63	10
63	12
63	13
63	14
63	16
64	12
64	21
64	25
64	27
65	13
65	14
65	16
66	6
66	10
66	16
68	12
68	13
68	14
68	16
69	14
69	34
70	14
71	14
71	28
72	14
73	14
74	14
75	13
75	14
76	34
77	34
78	13
78	14
79	2
79	4
79	5
79	34
82	12
82	31
84	6
84	10
84	12
84	16
85	27
86	2
86	3
86	4
86	5
86	14
86	16
86	18
87	4
87	5
88	12
90	25
90	31
91	12
93	2
93	4
93	5
94	2
94	4
94	5
94	12
94	16
94	18
97	19
98	12
99	18
99	19
100	6
100	12
100	13
100	14
100	16
102	12
103	4
103	5
103	16
103	18
104	12
105	12
105	21
105	27
106	12
106	16
107	4
107	5
107	12
107	16
109	15
112	6
112	10
112	12
112	13
112	14
113	12
113	18
113	25
557	44
557	33
557	32
579	44
580	29
587	44
589	44
592	29
592	45
592	32
593	29
593	45
595	28
595	29
596	35
596	32
597	28
597	29
598	28
598	36
599	36
599	37
600	36
602	29
604	29
604	30
604	38
604	39
604	40
604	33
605	38
605	39
605	40
606	30
606	38
606	39
606	40
606	33
607	46
608	29
608	30
608	38
608	39
608	40
556	6
556	12
556	15
556	16
446	6
446	12
446	15
446	16
556	14
556	34
613	41
613	33
614	33
610	28
651	38
648	41
614	41
653	39
611	46
615	27
642	35
610	35
637	39
650	38
610	32
648	33
642	42
610	36
653	44
656	44
658	44
658	36
666	35
669	27
670	44
673	31
676	28
676	35
676	36
677	28
677	35
677	36
678	28
678	35
678	36
679	36
680	36
681	28
681	35
681	36
685	44
688	29
690	42
691	29
697	43
703	47
704	47
705	47
706	47
510	14
510	34
557	4
557	6
557	12
557	15
557	16
447	4
447	6
447	12
447	15
447	16
558	6
558	12
558	15
448	6
448	12
448	15
559	6
559	12
559	15
559	19
449	6
449	12
449	15
449	19
560	12
560	15
560	25
451	12
451	15
451	25
560	7
560	16
450	7
450	16
564	6
564	12
564	16
452	6
452	12
452	16
565	6
565	12
565	13
565	14
565	16
453	6
453	12
453	13
453	14
453	16
511	14
566	1
566	12
566	13
566	16
468	1
468	12
468	13
468	16
566	14
514	14
567	6
567	12
567	16
567	22
455	6
455	12
455	16
455	22
568	6
568	12
568	16
456	6
456	12
456	16
569	6
569	12
569	16
569	25
457	6
457	12
457	16
457	25
570	6
458	6
571	19
459	19
572	12
572	21
460	12
460	21
573	6
573	12
573	19
573	21
461	6
461	12
461	19
461	21
574	6
574	10
574	12
462	6
462	10
462	12
575	19
575	21
463	19
463	21
576	7
576	12
576	16
576	18
464	7
464	12
464	16
464	18
577	21
467	21
579	1
579	6
579	12
579	26
469	1
469	6
469	12
469	26
580	15
580	26
470	15
470	26
583	12
473	12
584	12
474	12
585	12
475	12
586	12
476	12
587	6
587	12
477	6
477	12
588	12
478	12
589	6
589	12
479	6
479	12
590	12
480	12
591	6
591	10
591	12
591	20
591	21
591	22
591	25
481	6
481	10
481	12
481	20
481	21
481	22
481	25
482	6
482	10
482	12
482	20
482	21
482	22
482	25
592	12
592	20
592	26
495	12
495	20
495	26
593	20
593	23
593	25
593	26
492	20
492	23
492	25
492	26
594	21
486	21
595	6
595	10
595	12
595	20
595	21
595	22
595	25
483	6
483	10
483	12
483	20
483	21
483	22
483	25
595	14
512	14
512	28
597	12
487	12
598	6
598	10
598	12
598	20
598	21
598	22
598	25
598	26
485	6
485	10
485	12
485	20
485	21
485	22
485	25
485	26
485	28
599	12
599	25
484	12
484	25
600	12
494	6
494	12
494	13
494	14
494	15
494	16
494	20
494	23
494	25
494	26
494	29
496	6
496	12
496	20
604	12
604	23
488	12
488	23
488	29
488	30
488	33
604	34
518	34
605	12
605	23
605	29
605	30
605	33
607	12
607	23
607	29
607	30
607	33
489	12
489	23
489	29
489	30
489	33
610	9
610	10
610	12
610	16
610	17
610	24
490	9
490	10
490	12
490	16
490	17
490	24
490	32
611	9
611	10
611	12
611	16
611	17
611	24
611	32
491	9
491	10
491	12
491	16
491	17
491	24
491	32
613	6
613	11
613	12
613	13
613	18
613	23
613	26
497	6
497	11
497	12
497	13
497	18
497	23
497	26
613	14
516	13
516	14
615	6
615	12
502	6
502	12
616	9
616	20
616	21
616	25
503	9
503	20
503	21
503	25
617	9
617	21
617	25
504	9
504	21
504	25
501	5
501	12
501	13
501	14
620	12
620	13
620	14
620	16
505	12
505	13
505	14
505	16
621	6
621	10
621	12
621	13
621	14
621	16
506	6
506	10
506	12
506	13
506	14
506	16
621	34
517	34
622	12
622	21
622	25
622	27
507	12
507	21
507	25
507	27
623	13
623	14
623	16
508	13
508	14
508	16
623	34
624	6
624	10
624	16
509	6
509	10
509	16
625	6
625	12
625	18
625	26
499	6
499	12
499	18
499	26
627	12
627	13
627	14
627	16
629	2
629	4
629	5
629	34
520	2
520	4
520	5
520	34
632	12
632	31
523	12
523	31
634	12
636	6
636	10
636	12
636	16
525	6
525	10
525	12
525	16
637	12
637	16
638	6
638	12
638	13
638	14
638	16
639	6
639	12
639	13
639	14
639	16
541	6
541	12
541	13
541	14
541	16
519	13
519	14
640	12
640	16
641	3
641	4
641	5
641	6
641	8
641	10
641	12
641	16
641	18
641	21
454	3
454	4
454	5
454	6
454	8
454	10
454	12
454	16
454	18
454	21
641	14
513	14
645	15
646	27
526	27
647	12
543	12
648	12
539	12
651	16
651	29
500	16
500	29
654	2
654	3
654	4
654	5
654	14
654	16
654	18
527	2
527	3
527	4
527	5
527	14
527	16
527	18
655	4
655	5
528	4
528	5
656	12
529	12
658	25
658	31
531	25
531	31
659	12
532	12
661	2
661	4
661	5
534	2
534	4
534	5
662	2
662	4
662	5
662	12
662	16
662	18
535	2
535	4
535	5
535	12
535	16
535	18
665	19
538	19
666	18
666	19
540	18
540	19
667	4
667	5
667	16
667	18
544	4
544	5
544	16
544	18
668	12
669	12
669	21
670	3
670	4
670	5
670	6
670	8
670	10
670	12
670	16
670	18
670	21
672	6
672	10
672	12
672	13
672	14
673	12
673	18
673	25
674	14
515	14
676	6
676	10
676	12
676	20
676	21
676	22
676	25
676	26
681	12
685	15
471	15
685	6
685	20
493	6
493	20
688	6
688	20
689	6
689	11
689	12
689	13
689	18
689	23
689	26
690	6
690	20
699	6
699	10
699	12
699	13
699	14
699	16
700	6
700	10
700	16
\.


--
-- TOC entry 3551 (class 0 OID 74064)
-- Dependencies: 239
-- Data for Name: data_security_tools; Type: TABLE DATA; Schema: defensive_measures_schema; Owner: savenkova
--

COPY defensive_measures_schema.data_security_tools (id, vendor, name) FROM stdin;
1	Инфотекс	VipNet SafeBoot
2	Инфотекс	ViPNet L2-10G
3	Инфотекс	ПАК ViPNet Coordinator IG 4
4	Инфотекс	ViPNet Coordinator HW 4
5	Инфотекс	ViPNet xFirewall 5
6	Инфотекс	ViPNet SafePoint
7	Инфотекс	ViPNet  4
8	Инфотекс	ViPNet Personal Firewall 4.5
9	Инфотекс	ViPNet IDS HS
10	Инфотекс	ViPNet EndPoint Protection
11	Инфотекс	ViPNet HashCalc
12	Код безопасности	Secret Net Studio 8.10 / Secret Net LSP
13	Код безопасности	ПАК "Соболь"
14	Код безопасности	vGate R2
15	Код безопасности	СКЗИ «Континент АП» (ver 3.7.7 исполнение 1)
16	Код безопасности	АПКШ Континент 3.9
17	Код безопасности	программный комплекс «Континент-СОВ». Версия 4
18	Код безопасности	комплекс безопасности «Континент». Версия 4
19	Код безопасности	Континент TLS-сервер. Версия 2
20	Positive Technologies	MaxPatrol 8
21	Positive Technologies	PT Application Firewall
22	Positive Technologies	PT ISIM
23	Positive Technologies	PT MultiScanner
24	Positive Technologies	PT Network Attack Discovery
25	Positive Technologies	MaxPatrol SIEM
26	Positive Technologies	PT Industrial Security Incident Manager
27	Лаборатория Касперского	Kaspersky DDoS Protection
29	Лаборатория Касперского	Kaspersky Security
30	Лаборатория Касперского	Kaspersky Endpoint Security для Windows / Kaspersky Endpoint Security для Linux (исполнение Байкал)
32	Лаборатория Касперского	Kaspersky Industrial CyberSecurity for Networks
33	Лаборатория Касперского	Kaspersky Industrial CyberSecurity for Nodes
34	Лаборатория Касперского	Kaspersky Security для виртуальных сред 6.1 Защита без агента
28	Лаборатория Касперского	Kaspersky Unified Monitoring and Analysis Platform
31	Лаборатория Касперского	Kaspersky Endpoint Security для Android
35	Лаборатория Касперского	Kaspersky Anti Targeted Attack
40	Лаборатория Касперского	Kaspersky Scan Engine
42	Лаборатория Касперского	Kaspersky Sandbox
43	Лаборатория Касперского	Kaspersky Cybersecurity Trainings
41	Лаборатория Касперского	Kaspersky Security для виртуальных и облачных сред Enterprise
39	Лаборатория Касперского	Kaspersky Web Traffic Security
38	Лаборатория Касперского	Kaspersky Secure Mail Gateway
37	Лаборатория Касперского	Kaspersky Incident Response
36	Лаборатория Касперского	Kaspersky Endpoint Detection and Response
44	Лаборатория Касперского	Kaspersky Endpoint Security
45	Лаборатория Касперского	Kaspersky Systems Management
46	Лаборатория Касперского	Штатный функционал всех решений "Лаборатории Касперского"
47	Лаборатория Касперского	Kaspersky Automated Security Awareness Platform
\.


--
-- TOC entry 3553 (class 0 OID 74068)
-- Dependencies: 241
-- Data for Name: defensive_measures_to_security_class; Type: TABLE DATA; Schema: defensive_measures_schema; Owner: savenkova
--

COPY defensive_measures_schema.defensive_measures_to_security_class (measure_id, security_class) FROM stdin;
1	1
1	2
1	3
1	4
2	1
2	2
3	1
3	2
3	3
3	4
4	1
4	2
4	3
4	4
5	1
5	2
5	3
5	4
6	1
6	2
6	3
6	4
8	1
8	2
8	3
8	4
9	1
9	2
9	3
9	4
10	1
10	2
11	1
11	2
11	3
12	1
12	2
12	3
13	1
13	2
13	3
13	4
16	1
17	1
17	2
17	3
18	1
18	2
18	3
18	4
20	1
20	2
20	3
20	4
21	1
21	2
21	3
21	4
22	1
22	2
22	3
22	4
23	1
23	2
23	3
23	4
24	1
24	2
25	1
26	1
26	2
27	1
27	2
27	3
27	4
29	1
29	2
29	3
29	4
30	1
30	2
30	3
30	4
33	1
33	2
36	1
36	2
36	3
36	4
37	1
37	2
37	3
37	4
38	1
38	2
38	3
38	4
39	1
39	2
39	3
39	4
40	1
40	2
40	3
40	4
41	1
41	2
41	3
41	4
42	1
42	2
42	3
42	4
43	1
43	2
43	3
43	4
45	1
45	2
45	3
45	4
46	1
46	2
46	3
46	4
47	1
47	2
48	1
48	2
49	1
49	2
49	3
50	1
50	2
50	3
50	4
51	1
51	2
51	3
52	1
52	2
52	3
53	1
53	2
53	3
54	1
54	2
56	1
56	2
56	3
56	4
57	1
57	2
59	1
62	1
63	1
64	1
64	2
65	1
65	2
66	1
66	2
68	1
68	2
69	1
69	2
69	3
69	4
70	1
70	2
70	3
70	4
71	1
71	2
71	3
72	1
72	2
74	1
74	2
75	1
75	2
76	1
76	2
77	1
77	2
77	3
78	1
78	2
80	1
80	2
80	3
80	4
81	1
81	2
81	3
81	4
82	1
82	2
82	3
82	4
83	1
84	1
84	2
86	1
86	2
86	3
86	4
88	1
88	2
88	3
88	4
90	1
90	2
91	1
91	2
92	1
92	2
94	1
94	2
95	1
95	2
96	1
96	2
98	1
98	2
100	1
100	2
103	1
103	2
103	3
104	1
105	1
105	2
106	1
106	2
107	1
107	2
113	1
113	2
113	3
446	1
446	2
446	3
446	4
447	1
447	2
448	1
448	2
448	3
448	4
449	1
449	2
449	3
449	4
450	1
450	2
450	3
450	4
451	1
451	2
451	3
451	4
452	1
452	2
452	3
452	4
453	1
453	2
453	3
453	4
454	1
454	2
454	3
454	4
455	1
455	2
455	3
455	4
456	1
456	2
456	3
456	4
457	1
457	2
457	3
457	4
461	1
461	2
461	3
462	1
462	2
462	3
464	1
464	2
464	3
464	4
465	1
465	2
465	3
465	4
466	1
466	2
466	3
466	4
467	1
467	2
467	3
467	4
468	1
468	2
470	1
470	2
471	1
473	1
473	2
474	1
474	2
480	1
480	2
480	3
481	1
481	2
481	3
481	4
482	1
482	2
482	3
482	4
483	1
483	2
483	3
483	4
485	1
485	2
487	1
487	2
487	3
487	4
488	1
488	2
488	3
488	4
489	1
489	2
489	3
489	4
490	1
490	2
491	1
491	2
492	1
492	2
492	3
493	1
493	2
493	3
493	4
494	1
494	2
494	3
495	1
495	2
495	3
496	1
496	2
497	1
497	2
500	1
500	2
507	1
508	1
508	2
509	1
509	2
510	1
510	2
510	3
510	4
511	1
511	2
511	3
511	4
512	1
512	2
512	3
515	1
515	2
516	1
516	2
517	1
517	2
518	1
518	2
518	3
519	1
519	2
519	3
522	1
522	2
522	3
522	4
523	1
523	2
523	3
523	4
525	1
527	1
527	2
527	3
527	4
535	1
535	2
539	1
539	2
541	1
541	2
544	1
544	2
544	3
545	1
545	2
546	1
546	2
547	1
547	2
548	1
548	2
549	1
549	2
550	1
550	2
551	1
551	2
551	3
552	1
552	2
552	3
553	1
553	2
553	3
554	1
554	2
554	3
555	1
555	2
555	3
556	1
556	2
556	3
557	1
557	2
557	3
558	1
558	2
558	3
559	1
559	2
559	3
560	1
560	2
560	3
562	1
562	2
562	3
563	1
563	2
563	3
564	1
564	2
564	3
565	1
565	2
565	3
566	1
566	2
567	1
567	2
567	3
568	1
568	2
568	3
569	1
569	2
569	3
572	1
573	1
573	2
573	3
574	1
574	2
574	3
576	1
576	2
576	3
577	1
577	2
577	3
578	1
578	2
579	1
580	1
580	2
582	1
582	2
582	3
583	1
583	2
583	3
584	1
584	2
584	3
587	1
587	2
587	3
588	1
589	1
589	2
589	3
590	1
590	2
590	3
591	1
591	2
591	3
592	1
592	2
592	3
593	1
593	2
593	3
594	1
594	2
594	3
595	1
595	2
595	3
596	1
597	1
597	2
597	3
598	1
598	2
598	3
599	1
599	2
599	3
600	1
601	1
601	2
601	3
603	1
603	2
603	3
604	1
604	2
604	3
605	1
605	2
605	3
606	1
607	1
607	2
607	3
608	1
609	1
609	2
610	1
610	2
611	1
611	2
612	1
612	2
612	3
613	1
613	2
613	3
615	1
616	1
616	2
617	1
617	2
619	1
619	2
619	3
620	1
620	2
621	1
621	2
622	1
622	2
623	1
623	2
623	3
624	1
624	2
624	3
625	1
625	2
625	3
627	1
627	2
627	3
628	1
628	2
628	3
630	1
630	2
630	3
631	1
631	2
631	3
632	1
632	2
632	3
633	1
633	2
633	3
635	1
635	2
635	3
636	1
636	2
636	3
637	1
637	2
637	3
638	1
638	2
638	3
639	1
639	2
640	1
640	2
640	3
641	1
641	2
641	3
643	1
643	2
643	3
648	1
648	2
651	1
651	2
654	1
654	2
654	3
655	1
655	2
655	3
656	1
656	2
656	3
662	1
662	2
667	1
667	2
667	3
668	1
669	1
669	2
669	3
670	1
670	2
670	3
673	1
673	2
673	3
674	1
674	2
674	3
675	1
675	2
675	3
676	1
676	2
676	3
677	1
677	2
677	3
678	1
678	2
678	3
679	1
679	2
679	3
680	1
680	2
680	3
681	1
681	2
681	3
682	1
682	2
682	3
684	1
684	2
684	3
685	1
685	2
685	3
687	1
687	2
687	3
688	1
688	2
688	3
689	1
689	2
689	3
690	1
690	2
690	3
691	1
691	2
691	3
692	1
692	2
692	3
693	1
693	2
693	3
694	1
694	2
694	3
695	1
695	2
695	3
696	1
696	2
696	3
697	1
697	2
697	3
698	1
698	2
699	1
699	2
700	1
700	2
700	3
701	1
701	2
701	3
702	1
702	2
702	3
703	1
703	2
703	3
704	1
704	2
704	3
705	1
705	2
706	1
706	2
706	3
\.


--
-- TOC entry 3554 (class 0 OID 74071)
-- Dependencies: 242
-- Data for Name: gis_security_class; Type: TABLE DATA; Schema: defensive_measures_schema; Owner: savenkova
--

COPY defensive_measures_schema.gis_security_class (id, region_scale, significance, security_class) FROM stdin;
1	FEDERAL	FIRST	1
7	OBJECT	FIRST	1
5	REGIONAL	SECOND	2
3	FEDERAL	THIRD	3
2	FEDERAL	SECOND	2
6	REGIONAL	THIRD	3
4	REGIONAL	FIRST	1
9	OBJECT	THIRD	3
8	OBJECT	SECOND	2
\.


--
-- TOC entry 3555 (class 0 OID 74074)
-- Dependencies: 243
-- Data for Name: ispdn_security_class; Type: TABLE DATA; Schema: defensive_measures_schema; Owner: savenkova
--

COPY defensive_measures_schema.ispdn_security_class (id, pd_category, own_worker_yes_no, subjects_count, threat_type, security_class) FROM stdin;
4	SPECIAL	NO	LESS100	FIRST	1
3	SPECIAL	NO	MORE100	THIRD	2
5	SPECIAL	NO	LESS100	SECOND	2
1	SPECIAL	NO	MORE100	FIRST	1
2	SPECIAL	NO	MORE100	SECOND	1
6	SPECIAL	NO	LESS100	THIRD	3
7	SPECIAL	YES	MORE100	FIRST	1
8	SPECIAL	YES	MORE100	SECOND	2
9	SPECIAL	YES	MORE100	THIRD	3
10	SPECIAL	YES	LESS100	FIRST	1
11	SPECIAL	YES	LESS100	SECOND	2
12	SPECIAL	YES	LESS100	THIRD	3
13	BIOMETRICAL	NO	MORE100	FIRST	1
14	BIOMETRICAL	NO	MORE100	SECOND	2
15	BIOMETRICAL	NO	MORE100	THIRD	3
16	BIOMETRICAL	NO	LESS100	FIRST	1
17	BIOMETRICAL	NO	LESS100	SECOND	2
18	BIOMETRICAL	NO	LESS100	THIRD	3
19	BIOMETRICAL	YES	MORE100	FIRST	1
20	BIOMETRICAL	YES	MORE100	SECOND	2
21	BIOMETRICAL	YES	MORE100	THIRD	3
22	BIOMETRICAL	YES	LESS100	FIRST	1
23	BIOMETRICAL	YES	LESS100	SECOND	2
24	BIOMETRICAL	YES	LESS100	THIRD	3
25	OTHER	NO	MORE100	FIRST	1
26	OTHER	NO	MORE100	SECOND	2
27	OTHER	NO	MORE100	THIRD	3
28	OTHER	NO	LESS100	FIRST	1
29	OTHER	NO	LESS100	SECOND	3
30	OTHER	NO	LESS100	THIRD	4
31	OTHER	YES	MORE100	FIRST	1
32	OTHER	YES	MORE100	SECOND	3
33	OTHER	YES	MORE100	THIRD	4
34	OTHER	YES	LESS100	FIRST	1
35	OTHER	YES	LESS100	SECOND	3
36	OTHER	YES	LESS100	THIRD	4
37	SOCIAL	NO	MORE100	FIRST	2
38	SOCIAL	NO	MORE100	SECOND	2
39	SOCIAL	NO	MORE100	THIRD	4
40	SOCIAL	NO	LESS100	FIRST	2
41	SOCIAL	NO	LESS100	SECOND	3
42	SOCIAL	NO	LESS100	THIRD	4
43	SOCIAL	YES	MORE100	FIRST	2
44	SOCIAL	YES	MORE100	SECOND	3
45	SOCIAL	YES	MORE100	THIRD	4
46	SOCIAL	YES	LESS100	FIRST	2
47	SOCIAL	YES	LESS100	SECOND	3
48	SOCIAL	YES	LESS100	THIRD	4
\.


--
-- TOC entry 3559 (class 0 OID 74084)
-- Dependencies: 247
-- Data for Name: offenders; Type: TABLE DATA; Schema: offenders_schema; Owner: savenkova
--

COPY offenders_schema.offenders (id, name, category) FROM stdin;
13	Лица, привлекаемые для установки, настройки, испытаний, пусконаладочных и иных видов работ	Внутренний
11	Авторизованные пользователи систем и сетей	Внутренний
9	Отдельные физические лица (хакеры)	Внешний
7	Конкурирующие организации	Внешний
2	Разработчики программных, программно-аппаратных средств	Внутренний
5	Террористические, экстремистские группировки	Внешний
1	Специальные службы иностранных государств	Внешний
3	Лица, обеспечивающие поставку программных, программно-аппаратных средств, обеспечивающих систем	Внешний
4	Поставщики услуг связи, вычислительных услуг	Внутренний
6	Преступные группы (криминальные структуры)	Внешний
12	Бывшие (уволенные) работники (пользователи)	Внешний
8	Системные администраторы и администраторы безопасности	Внутренний
10	Лица, обеспечивающие функционирование систем и сетей или обеспечивающих систем оператора (администрация, охрана, уборщики и т. д.)	Внутренний
\.


--
-- TOC entry 3561 (class 0 OID 74090)
-- Dependencies: 249
-- Data for Name: offenders_power_levels; Type: TABLE DATA; Schema: offenders_schema; Owner: savenkova
--

COPY offenders_schema.offenders_power_levels (id, level_code, level_name) FROM stdin;
1	Н1	Нарушитель, обладающий базовыми возможностями 
2	Н2	Нарушитель, обладающий базовыми повышенными возможностями
3	Н3	Нарушитель, обладающий средними возможностями
4	Н4	Нарушитель, обладающий высокими возможностями
\.


--
-- TOC entry 3563 (class 0 OID 74094)
-- Dependencies: 251
-- Data for Name: offenders_power_levels_to_offenders; Type: TABLE DATA; Schema: offenders_schema; Owner: savenkova
--

COPY offenders_schema.offenders_power_levels_to_offenders (power_level_id, offender_id) FROM stdin;
1	9
1	3
1	10
1	11
1	12
2	6
2	7
2	4
2	13
2	8
3	5
3	2
4	1
1	6
1	7
1	4
1	13
1	8
1	5
1	2
1	1
2	5
2	2
2	1
3	1
\.


--
-- TOC entry 3564 (class 0 OID 74097)
-- Dependencies: 252
-- Data for Name: offenders_reasons; Type: TABLE DATA; Schema: offenders_schema; Owner: savenkova
--

COPY offenders_schema.offenders_reasons (id, offender, reason) FROM stdin;
3	3	ценят свою репутацию и действуют в рамках договорных обязательств; преднамеренное создание уязвимостей или саботаж могут привести к серьезным правовым и финансовым последствиям
7	7	не имеют существенного конкурентного интереса к данным ${customerName} и дорожат репутацией; незаконное получение информации чревато крупными рисками и ответственностью
12	12	после увольнения теряют учётные записи и пропуска; связаны соглашениями о неразглашении (NDA), а любые попытки неправомерного доступа влекут правовую ответственность
10	10	как правило, не обладают достаточными техническими компетенциями и широкими правами доступа; не заинтересованы в умышленных нарушениях, т. к. дорожат работой
8	8	хотя и обладают высоким уровнем доступа, как правило, подчиняются внутренним регламентам, разделению полномочий и контролю; ценят свою работу и репутацию, не заинтересованы в нарушениях
2	2	дорожат своей деловой репутацией и не заинтересованы в возникновении уязвимостей, которые могли бы нанести ущерб их клиентам или подорвать доверие к их продукции
13	13	действуют на основании договоров или поручений, их работа регламентирована и контролируется; на время выполнения работ предоставляются ограниченные по объёму и времени доступы. Нарушение требований безопасности может привести к расторжению договора, финансовым санкциям и репутационным потерям
11	11	имеют чётко разграниченные права и подконтрольны средствам внутреннего мониторинга; не заинтересованы в нарушениях, поскольку это влечёт дисциплинарную и/или правовую ответственность
9	9	не видит потенциальной выгоды или не обладает достаточными навыками для успешного взлома систем ${customerName}; реализованы меры защиты (мониторинг, блокировка подозрительных действий)
6	6	ориентированы на прямую финансовую выгоду и обычно выбирают иные объекты для атак; информация ${customerName} не имеет для них существенной материальной ценности
1	1	не обладают достаточной мотивацией для нарушения свойств безопасности информации в ${customerName}, так как защищаемая информация не затрагивает интересов других государств
5	5	чаще нацелены на политические, идеологические или социальные цели, не связанные непосредственно с информацией ${customerName}; отсутствует конкретный интерес к этим данным
4	4	сосредоточены на качестве и стабильности услуг; уязвимости и сбои наносят вред их репутации и конкурентоспособности, возможны штрафные санкции и судебные иски
\.


--
-- TOC entry 3549 (class 0 OID 74058)
-- Dependencies: 237
-- Data for Name: data_replacements; Type: TABLE DATA; Schema: report_generation_data_schema; Owner: savenkova
--

COPY report_generation_data_schema.data_replacements (id, system_category, placeholder, value) FROM stdin;
22	1	OVERALL_CATEGORY_KEY_BASE	ПДн
25	1	OVERALL_CATEGORY_KEY_FULL	персональных данных
26	2	OVERALL_CATEGORY_KEY_FULL	информации
19	1	OVERALL_CATEGORY_KEY	ПДн
11	3	PURPOSE_4_1_3	В документе не рассматриваются методические подходы по оценке угроз безопасности информации, обрабатываемой в КИИ, связанных с нарушением безопасности шифровальных (криптографических) средств защиты, а также угроз, связанных с техническими каналами утечки информации.
15	3	PURPOSE_4_1_5	информации, обрабатываемой в критической информационной инфраструктуре, нормативно-правовых актов и методических документов, регулирующих такую защиту;
7	1	PURPOSE_4_1_3	В документе не рассматриваются методические подходы по оценке угроз безопасности ПДн, связанных с нарушением безопасности шифровальных (криптографических) средств защиты ПДн, а также угроз, связанных с техническими каналами утечки ПДн.
18	3	PURPOSE_4_1_6	которые могут повлиять на состав или актуальность угроз безопасности информации;
3	2	PURPOSE_4_1_1	Модель угроз определяет перечень угроз безопасности данных, актуальных для информационно-телекоммуникационной сети ${customerName}, в рамках которой развернута ГИС.
6	3	PURPOSE_4_1_2	Модель угроз содержит краткое описание архитектуры КИИ, характеристику источников угроз безопасности данных, в том числе модель нарушителя, и описание всех угроз безопасности данных, актуальных для КИИ.
4	2	PURPOSE_4_1_2	Модель угроз содержит краткое описание архитектуры ГИС, характеристику источников угроз безопасности данных, в том числе модель нарушителя, и описание всех угроз безопасности данных, актуальных для ГИС.
1	1	PURPOSE_4_1_1	Модель угроз определяет перечень угроз безопасности ПДн, актуальных для информационно-телекоммуникационной сети ${customerName}, в рамках которой развернуты ИСПДн.
5	3	PURPOSE_4_1_1	Модель угроз определяет перечень угроз безопасности данных, актуальных для информационно-телекоммуникационной сети ${customerName}, в рамках которой развернута критическая информационная инфраструктура (КИИ).
9	2	PURPOSE_4_1_3	В документе не рассматриваются методические подходы по оценке угроз безопасности информации, обрабатываемой в ГИС, связанных с нарушением безопасности шифровальных (криптографических) средств защиты, а также угроз, связанных с техническими каналами утечки информации.
17	2	PURPOSE_4_1_6	которые могут повлиять на состав или актуальность угроз безопасности информации;
24	3	OVERALL_CATEGORY_KEY_BASE	информация
13	1	PURPOSE_4_1_5	ПДн, нормативно-правовых актов и методических документов, регулирующих защиту ПДн;
16	1	PURPOSE_4_1_6	которые могут повлиять на состав или актуальность угроз безопасности ПДн;
14	2	PURPOSE_4_1_5	информации, обрабатываемой в государственных информационных системах, нормативно-правовых актов и методических документов, регулирующих такую защиту;
21	3	OVERALL_CATEGORY_KEY	информации
23	2	OVERALL_CATEGORY_KEY_BASE	информация
27	3	OVERALL_CATEGORY_KEY_FULL	информации
2	1	PURPOSE_4_1_2	Модель угроз содержит краткое описание архитектуры ИСПДн, характеристику источников угроз безопасности ПДн, в том числе модель нарушителя, и описание всех угроз безопасности ПДн, актуальных для ИСПДн.
20	2	OVERALL_CATEGORY_KEY	информации
8	1	PURPOSE_4_1_4	Угрозы безопасности ПДн, содержащиеся в настоящей Модели угроз, могут уточняться и дополняться по мере выявления новых источников угроз, развития способов и средств реализации угроз безопасности ПДн
10	2	PURPOSE_4_1_4	Угрозы безопасности информации, содержащиеся в настоящей Модели угроз, могут уточняться и дополняться по мере выявления новых источников угроз, развития способов и средств реализации угроз безопасности информации
12	3	PURPOSE_4_1_4	Угрозы безопасности информации, содержащиеся в настоящей Модели угроз, могут уточняться и дополняться по мере выявления новых источников угроз, развития способов и средств реализации угроз безопасности информации
\.


--
-- TOC entry 3566 (class 0 OID 74103)
-- Dependencies: 254
-- Data for Name: report_request_history; Type: TABLE DATA; Schema: report_generation_data_schema; Owner: savenkova
--

COPY report_generation_data_schema.report_request_history (id, created_at, payload, system_category) FROM stdin;
34	2025-04-29 02:52:27.660192+00	{"networkTable": [{"userCount": 1, "systemName": "1", "systemPurpose": "1", "systemPosition": "1", "systemPriority": "MINIMAL", "userCategories": "1"}], "influenceObjects": [{"applies": true, "objectName": "Программное обеспечение"}, {"applies": true, "objectName": "Грид-система"}], "generalInformation": {"customerName": "ООО \\"Медиум\\"", "ispdnCategory": "OTHER", "ispdnOwnWorker": "YES", "systemCategory": "ISPDN", "ispdnThreatType": "FIRST", "ispdnSubjectCount": "MORE100"}, "risksAndConsequences": [{"riskId": 3, "consequenceIds": [132]}], "actualChosenThreatsIds": [147, 221, 81, 8, 197, 74, 222, 220, 216, 169, 83, 86, 152, 214, 47, 205, 110, 10, 213, 1, 183, 215, 207, 203, 166, 46, 219, 165, 201, 218], "threatsExecutionMethodsIds": [3, 7], "violatorsInformationChosenIds": [2, 7]}	ISPDN
40	2025-05-22 02:16:46.518007+00	{"networkTable": [{"userCount": 173, "systemName": "Tessa", "systemPurpose": "ЭДО", "systemPosition": "ЦОД1", "systemPriority": "MEDIUM", "userCategories": "все подразделения"}, {"userCount": 141, "systemName": "Контур.Диадок", "systemPurpose": "ЭДО", "systemPosition": "ЦОД1", "systemPriority": "MINIMAL", "userCategories": "все подразделения"}], "influenceObjects": [{"applies": true, "objectName": "Облачная система"}], "generalInformation": {"customerName": "\\"111\\"", "gisSystemScale": "REGIONAL", "systemCategory": "GIS", "gisSignificance": "SECOND"}, "risksAndConsequences": [{"riskId": 1, "consequenceIds": [101, 106]}, {"riskId": 2, "consequenceIds": [109]}], "actualChosenThreatsIds": [21, 40, 43, 52, 58, 96, 164], "threatsExecutionMethodsIds": [2, 8, 11], "violatorsInformationChosenIds": [6]}	GIS
41	2025-05-22 02:18:52.165988+00	{"networkTable": [], "influenceObjects": [{"applies": true, "objectName": "Облачная система"}], "generalInformation": {"customerName": "\\"Меркурий\\"", "gisSystemScale": "OBJECT", "systemCategory": "GIS", "gisSignificance": "THIRD"}, "risksAndConsequences": [{"riskId": 2, "consequenceIds": [111, 116]}], "actualChosenThreatsIds": [20, 21, 40, 43, 52, 55, 56, 58, 66, 70, 96, 134, 138, 141, 164], "threatsExecutionMethodsIds": [6], "violatorsInformationChosenIds": [2, 3]}	GIS
42	2025-05-22 02:19:43.432647+00	{"networkTable": [], "influenceObjects": [{"applies": true, "objectName": "Облачная система"}, {"applies": true, "objectName": "Объекты файловой системы"}, {"applies": true, "objectName": "Грид-система"}], "generalInformation": {"kiiLevel": "LEVEL1", "customerName": "АО \\"Донэнерго\\"", "systemCategory": "KII", "kiiSignificanceArea": "DEFENSE", "kiiSignificanceCategory": "3"}, "risksAndConsequences": [{"riskId": 2, "consequenceIds": [158, 163]}, {"riskId": 3, "consequenceIds": []}], "actualChosenThreatsIds": [1, 10, 12, 15, 20, 28, 43, 47, 51, 55, 58, 67, 70, 73, 74, 75, 80, 84, 85, 86, 88, 91, 96, 110, 121, 134, 135, 138, 141, 147, 149, 164, 179, 217], "threatsExecutionMethodsIds": [5, 9, 3], "violatorsInformationChosenIds": [11, 2]}	KII
43	2025-05-22 02:37:36.842416+00	{"networkTable": [], "influenceObjects": [{"applies": true, "objectName": "Облачная система"}], "generalInformation": {"customerName": "\\"111\\"", "gisSystemScale": "REGIONAL", "systemCategory": "GIS", "gisSignificance": "SECOND"}, "risksAndConsequences": [{"riskId": 1, "consequenceIds": [97, 103]}, {"riskId": 2, "consequenceIds": [107, 110]}], "actualChosenThreatsIds": [20, 43, 55, 58, 96, 141, 164], "threatsExecutionMethodsIds": [], "violatorsInformationChosenIds": [11]}	GIS
44	2025-05-22 02:43:20.429742+00	{"networkTable": [], "influenceObjects": [{"applies": true, "objectName": "Облачная система"}], "generalInformation": {"customerName": "\\"111\\"", "gisSystemScale": "REGIONAL", "systemCategory": "GIS", "gisSignificance": "SECOND"}, "risksAndConsequences": [{"riskId": 1, "consequenceIds": [97, 103]}, {"riskId": 2, "consequenceIds": [107, 110]}], "actualChosenThreatsIds": [20, 43, 55, 58, 96, 141, 164], "threatsExecutionMethodsIds": [], "violatorsInformationChosenIds": [11]}	GIS
45	2025-05-22 02:51:28.011555+00	{"networkTable": [], "influenceObjects": [{"applies": true, "objectName": "Аппаратное обеспечение"}, {"applies": true, "objectName": "Системное ПО"}, {"applies": true, "objectName": "Программное обеспечение"}, {"applies": true, "objectName": "Информационная система"}], "generalInformation": {"customerName": "\\"111\\"", "ispdnCategory": "SPECIAL", "ispdnOwnWorker": "NO", "systemCategory": "ISPDN", "ispdnThreatType": "SECOND", "ispdnSubjectCount": "LESS100"}, "risksAndConsequences": [{"riskId": 1, "consequenceIds": [97, 103]}, {"riskId": 2, "consequenceIds": [107, 110]}], "actualChosenThreatsIds": [3, 6, 7, 8, 10, 12, 14, 22, 23, 25, 27, 28, 30, 31, 33, 34, 36, 37, 38, 46, 50, 51, 52, 54, 55, 56, 57, 59, 60, 61, 63, 64, 65, 67, 68, 71, 73, 74, 77, 83, 85, 86, 87, 88, 89, 90, 91, 93, 94, 95, 96, 100, 102, 105, 107, 108, 109, 112, 113, 114, 115, 117, 118, 119, 120, 121, 122, 124, 126, 133, 134, 135, 136, 138, 140, 141, 143, 144, 145, 146, 149, 152, 153, 155, 156, 157, 158, 160, 162, 163, 165, 166, 169, 174, 175, 176, 177, 178, 180, 182, 183, 185, 187, 188, 191, 192, 203, 205, 207, 208, 209, 211, 212, 214, 217, 218, 219, 220, 221], "threatsExecutionMethodsIds": [], "violatorsInformationChosenIds": [11, 13, 9]}	ISPDN
46	2025-05-22 02:52:44.311556+00	{"networkTable": [], "influenceObjects": [{"applies": true, "objectName": "Аппаратное обеспечение"}, {"applies": true, "objectName": "Системное ПО"}, {"applies": true, "objectName": "Программное обеспечение"}, {"applies": true, "objectName": "Информационная система"}], "generalInformation": {"customerName": "\\"111\\"", "gisSystemScale": "REGIONAL", "systemCategory": "GIS", "gisSignificance": "SECOND"}, "risksAndConsequences": [{"riskId": 1, "consequenceIds": [97, 103]}, {"riskId": 2, "consequenceIds": [107, 110]}], "actualChosenThreatsIds": [3, 6, 7, 8, 10, 12, 14, 22, 23, 25, 27, 28, 30, 31, 33, 34, 36, 37, 38, 46, 50, 51, 52, 54, 55, 56, 57, 59, 60, 61, 63, 64, 65, 67, 68, 71, 73, 74, 77, 83, 85, 86, 87, 88, 89, 90, 91, 93, 94, 95, 96, 100, 102, 105, 107, 108, 109, 112, 113, 114, 115, 117, 118, 119, 120, 121, 122, 124, 126, 133, 134, 135, 136, 138, 140, 141, 143, 144, 145, 146, 149, 152, 153, 155, 156, 157, 158, 160, 162, 163, 165, 166, 169, 174, 175, 176, 177, 178, 180, 182, 183, 185, 187, 188, 191, 192, 203, 205, 207, 208, 209, 211, 212, 214, 217, 218, 219, 220, 221], "threatsExecutionMethodsIds": [], "violatorsInformationChosenIds": [11, 13, 9]}	GIS
47	2025-05-22 03:02:32.729141+00	{"networkTable": [{"userCount": 1, "systemName": "1", "systemPurpose": "1", "systemPosition": "1", "systemPriority": "HIGH", "userCategories": "1"}], "influenceObjects": [{"applies": true, "objectName": "Аппаратное обеспечение"}, {"applies": true, "objectName": "Системное ПО"}, {"applies": true, "objectName": "Программное обеспечение"}, {"applies": true, "objectName": "Информационная система"}], "generalInformation": {"customerName": "\\"111\\"", "gisSystemScale": "REGIONAL", "systemCategory": "GIS", "gisSignificance": "SECOND"}, "risksAndConsequences": [{"riskId": 2, "consequenceIds": []}, {"riskId": 3, "consequenceIds": [131, 133]}], "actualChosenThreatsIds": [3, 6, 7, 8, 10, 12, 14, 22, 23, 25, 27, 28, 30, 31, 33, 34, 36, 37, 38, 46, 50, 51, 52, 54, 55, 56, 57, 59, 60, 61, 63, 64, 65, 67, 68, 71, 73, 74, 77, 83, 85, 86, 87, 88, 89, 90, 91, 93, 94, 95, 96, 100, 102, 105, 107, 108, 109, 112, 113, 114, 115, 117, 118, 119, 120, 121, 122, 124, 126, 133, 134, 135, 136, 138, 140, 141, 143, 144, 145, 146, 149, 152, 153, 155, 156, 157, 158, 160, 162, 163, 165, 166, 169, 174, 175, 176, 177, 178, 180, 182, 183, 185, 187, 188, 191, 192, 203, 205, 207, 208, 209, 211, 212, 214, 217, 218, 219, 220, 221], "threatsExecutionMethodsIds": [10, 5], "violatorsInformationChosenIds": [13, 11, 9]}	GIS
48	2025-05-24 04:00:57.501688+00	{"networkTable": [{"userCount": 12, "systemName": "1", "systemPurpose": "1", "systemPosition": "12", "systemPriority": "HIGH", "userCategories": "1"}], "influenceObjects": [{"applies": true, "objectName": "Мобильное устройство"}], "generalInformation": {"customerName": "21", "gisSystemScale": "FEDERAL", "systemCategory": "GIS", "gisSignificance": "THIRD"}, "risksAndConsequences": [{"riskId": 2, "consequenceIds": [109]}, {"riskId": 3, "consequenceIds": []}], "actualChosenThreatsIds": [199, 196, 202, 200, 184, 208, 194], "threatsExecutionMethodsIds": [], "violatorsInformationChosenIds": [2, 3]}	GIS
49	2025-05-24 04:02:30.890832+00	{"networkTable": [], "influenceObjects": [{"applies": true, "objectName": "Облачная система"}], "generalInformation": {"customerName": "1", "gisSystemScale": "OBJECT", "systemCategory": "GIS", "gisSignificance": "SECOND"}, "risksAndConsequences": [{"riskId": 2, "consequenceIds": [109]}], "actualChosenThreatsIds": [20, 43, 55, 58, 70, 96, 134, 138, 141, 164], "threatsExecutionMethodsIds": [], "violatorsInformationChosenIds": [2]}	GIS
50	2025-05-24 05:38:55.004136+00	{"networkTable": [], "influenceObjects": [{"applies": true, "objectName": "Аппаратное обеспечение"}, {"applies": true, "objectName": "Системное ПО"}, {"applies": true, "objectName": "Программное обеспечение"}, {"applies": true, "objectName": "Информационная система"}], "generalInformation": {"customerName": "111", "gisSystemScale": "REGIONAL", "systemCategory": "GIS", "gisSignificance": "SECOND"}, "risksAndConsequences": [], "actualChosenThreatsIds": [], "threatsExecutionMethodsIds": [], "violatorsInformationChosenIds": [13, 9, 11]}	GIS
\.


--
-- TOC entry 3557 (class 0 OID 74078)
-- Dependencies: 245
-- Data for Name: main_techniques; Type: TABLE DATA; Schema: tactics_techniques_schema; Owner: savenkova
--

COPY tactics_techniques_schema.main_techniques (id, technique_number, technique_description) FROM stdin;
1	1	Сбор информации из публичных источников: официальный сайт (сайты) организации, СМИ, социальные сети, фотобанки, сайты поставщиков и вендоров, материалы конференций
2	2	Сбор информации о подключенных к публичным системам и сетям устройствах и их службах при помощи поисковых систем, включая сбор конфигурационной информации компонентов систем и сетей, программного обеспечения сервисов и приложений.
3	3	Пассивный сбор (прослушивание) информации о подключенных к сети устройствах с целью идентификации сетевых служб, типов и версий ПО этих служб и в некоторых случаях - идентификационной информации пользователей
4	4	Направленное сканирование при помощи специализированного программного обеспечения подключенных к сети устройств с целью идентификации сетевых сервисов, типов и версий программного обеспечения этих сервисов, а также с целью получения конфигурационной информации компонентов систем и сетей, программного обеспечения сервисов и приложений.
5	5	Сбор информации о пользователях, устройствах, приложениях, а также сбор конфигурационной информации компонентов систем и сетей, программного обеспечения сервисов и приложений путем поиска и эксплуатации уязвимостей подключенных к сети устройств.
6	6	Сбор информации о пользователях, устройствах, приложениях, авторизуемых сервисами вычислительной сети, путем перебора.
7	7	Сбор информации, предоставляемой DNS сервисами, включая DNS Hijacking
8	8	Сбор информации о пользователе при посещении им веб-сайта, в том числе с использованием уязвимостей программы браузера и надстраиваемых модулей браузера
9	9	Сбор информации о пользователях, устройствах, приложениях путем поиска информации в памяти, файлах, каталогах, базах данных, прошивках устройств, репозиториях исходных кодов ПО, включая поиск паролей в исходном и хэшированном виде, криптографических ключей.
10	10	Кража цифровых сертификатов, включая кражу физических токенов, либо неавторизованное выписывание новых сертификатов (возможно после компрометации инфраструктуры доменного регистратора или аккаунта администратора зоны на стороне жертвы)
11	11	Сбор информации о пользователях, устройствах, приложениях, внутренней информации о компонентах систем и сетей путем применения социальной инженерии, в том числе фишинга
12	12	Сбор личной идентификационной информации (идентификаторы пользователей, устройств, информация об идентификации пользователей сервисами, приложениями, средствами удаленного доступа), в том числе сбор украденных личных данных сотрудников и подрядчиков на случай, если сотрудники/подрядчики используют одни и те же пароли на работе и за ее пределами
13	13	Сбор информации через получение доступа к системам физической безопасности и видеонаблюдения
14	14	Сбор информации через получение контроля над личными устройствами сотрудников (смартфонами, планшетами, ноутбуками) для скрытой прослушки и видеофиксации
15	15	Поиск и покупка баз данных идентификационной информации, скомпрометированых паролей и ключей на специализированных нелегальных площадках
16	16	Сбор информации через получение доступа к базам данных результатов проведенных инвентаризаций, реестрам установленного оборудования и ПО, данным проведенных аудитов безопасности, в том числе через получение доступа к таким данным через компрометацию подрядчиков и партнеров
17	17	Пассивный сбор и анализ данных телеметрии для получения информации о технологическом процессе, технологических установках, системах и ПО на предприятиях в автоматизированных системах управления производственными и технологическими процессами, в том числе на критически важных объектах
18	18	Сбор и анализ данных о прошивках устройств, количестве и подключении этих устройств, используемых промышленных протоколах для получения информации о технологическом процессе, технологических установках, системах и ПО на предприятиях в автоматизированных системах управления производственными и технологическими процессами, в том числе на критически важных объектах
19	19	Сбор и анализ специфических для отрасли или типа предприятия характеристик технологического процесса для получения информации о технологических установках, системах и ПО на предприятиях в автоматизированных системах управления производственными и технологическими процессами, в том числе на критически важных объектах
20	20	Техники конкурентной разведки и промышленного шпионажа для сбора информации о технологическом процессе, технологических установках, системах и ПО на предприятиях в автоматизированных системах управления производственными и технологическими процессами, в том числе на критически важных объектах
21	1	Использование внешних сервисов организации в сетях публичного доступа (Интернет)
22	2	Использование устройств, датчиков, систем, расположенных на периметре или вне периметра физической защиты объекта, для получения первичного доступа к системам и компонентам внутри этого периметра.
23	3	Эксплуатация уязвимостей сетевого оборудования и средств защиты вычислительных сетей для получения доступа к компонентам систем и сетей при удаленной атаке.
24	4	Использование ошибок конфигурации сетевого оборудования и средств защиты, в том числе слабых паролей и паролей по умолчанию, для получения доступа к компонентам систем и сетей при удаленной атаке
25	5	Эксплуатация уязвимостей компонентов систем и сетей при удаленной или локальной атаке.
26	6	Использование недокументированных возможностей программного обеспечения сервисов, приложений, оборудования, включая использование отладочных интерфейсов, программных, программно-аппаратных закладок
27	7	Использование в системе внешних носителей информации, которые могли подключаться к другим системам и быть заражены вредоносным программным обеспечением. В том числе дарение, подмена или подлог носителей информации и внешних устройств, содержащих вредоносное программное обеспечение или предназначенных для реализации вредоносных функций.
28	8	Использование методов социальной инженерии, в том числе фишинга, для получения прав доступа к компонентам системы
29	9	Несанкционированное подключение внешних устройств.
30	10	Несанкционированный доступ путем подбора учетных данных сотрудника или легитимного пользователя (методами прямого перебора, словарных атак, паролей производителей по умолчанию, использования одинаковых паролей для разных учетных записей, применения "радужных" таблиц или другими)
31	11	Несанкционированный доступ путем компрометации учетных данных сотрудника организации, в том числе через компрометацию многократно используемого в различных системах пароля (для личных или служебных нужд)
32	12	Использование доступа к системам и сетям, предоставленного сторонним организациям, в том числе через взлом инфраструктуры этих организаций, компрометацию личного оборудования сотрудников сторонних организаций, используемого для доступа.
33	13	Реализация атаки типа "человек посередине" для осуществления доступа, например, NTLM/SMB Relaying атаки
34	14	Доступ путем эксплуатации недостатков систем биометрической аутентификации.
35	1	Автоматический запуск скриптов и исполняемых файлов в системе с использованием пользовательских или системных учетных данных, в том числе с использованием методов социальной инженерии
36	2	Активация и выполнение вредоносного кода, внедренного в виде закладок в легитимное программное и программное-аппаратное обеспечение систем и сетей
37	3	Автоматическая загрузка вредоносного кода с удаленного сайта или ресурса с последующим запуском на выполнение
38	4	Копирование и запуск скриптов и исполняемых файлов через средства удаленного управления операционной системой и сервисами
39	5	Эксплуатация уязвимостей типа удаленное исполнение программного кода (RCE, Remotecodeexecution)
40	6	Автоматическое создание вредоносных скриптов при помощи доступного инструментария от имени пользователя в системе с использованием его учетных данных
41	7	Подмена файлов легитимных программ и библиотек непосредственно в системе.
42	8	Подмена легитимных программ и библиотек, а также легитимных обновлений программного обеспечения, поставляемых производителем удаленно через сети связи, в репозиториях поставщика или при передаче через сети связи.
43	9	Подмена ссылок на легитимные программы и библиотеки, а также на легитимные обновления программного обеспечения, поставляемые производителем удаленно через сети связи, подмена информации о таких обновлениях, включая атаки на инфраструктурные сервисы поставщика (такие как DNS hijacking), атаки на третьесторонние ресурсы, атаки на электронную почту и другие средства обмена сообщениями.
44	10	Подмена дистрибутивов (установочных комплектов) программ на носителях информации или общих сетевых ресурсах
45	11	Компрометация сертификата, используемого для цифровой подписи образа ПО, включая кражу этого сертификата у производителя ПО или покупку краденого сертификата на нелегальных площадках в сетях связи (т.н. "дарквеб") и подделку сертификата с помощью эксплуатации уязвимостей ПО, реализующего функции генерирования криптографических ключей, хранения и управления цифровыми сертификатами
46	12	Компрометация средств создания программного кода приложений в инфраструктуре разработчика этих приложений (компиляторов, линковщиков, средств управления разработкой) для последующего автоматизированного внесения изменений в этот код, устанавливаемый авторизованным пользователем на целевые для нарушителя системы
47	13	Компрометация средств сборки, конфигурирования и разворачивания программного кода, а также средств создания узкоспециализированного кода (к примеру, кода промышленных контроллеров) в инфраструктуре целевой системы для автоматизированного внесения изменений в этот код, устанавливаемый авторизованным пользователем на целевые для нарушителя системы
48	14	Планирование запуска вредоносных программ при старте операционной системы путем эксплуатации стандартных механизмов, в том числе путем правки ключей реестра, отвечающих за автоматический запуск программ, запуска вредоносных программ как сервисов и т.п.
49	15	Планирование запуска вредоносных программ через планировщиков задач в операционной системе, а также с использованием механизмов планирования выполнения в удаленной системе через удаленный вызов процедур. Выполнение в контексте планировщика в ряде случаев позволяет авторизовать вредоносное программное обеспечение и повысить доступные ему привилегии
50	16	Запуск вредоносных программ при помощи легитимных, подписанных цифровой подписью утилит установки приложений и средств запуска скриптов (т.н. техника проксирования запуска), а также через средства запуска кода элементов управления ActiveX, компонентов фильтров (кодеков) и компонентов библиотек DLL.
51	1	Несанкционированное создание учетных записей или кража существующих учетных данных
52	2	Использование штатных средств удаленного доступа и управления операционной системы
53	3	Скрытая установка и запуск средств удаленного доступа и управления операционной системы.Внесение изменений в конфигурацию и состав программных и программно-аппаратных средств атакуемой системы или сети, вследствие чего становится возможен многократный запуск вредоносного кода
54	4	Маскирование подключенных устройств под легитимные (например, нанесение корпоративного логотипа, инвентарного номера, телефона службы поддержки)
55	5	Внесение соответствующих записей в реестр, автозагрузку, планировщики заданий, обеспечивающих запуск вредоносного программного обеспечения при перезагрузке системы или сети
56	6	Компрометация прошивок устройств с использованием уязвимостей или программно-аппаратных закладок, к примеру, внедрение новых функций в BIOS (UEFI), компрометация прошивок жестких дисков
57	7	Резервное копирование вредоносного кода в областях, редко подвергаемых проверке, в том числе заражение резервных копий данных, сохранение образов в неразмеченных областях жестких дисков и сменных носителей
128	12	Шифрование выводимой информации, использование стеганографии для сокрытия факта вывода информации
58	1	Удаленное управление через стандартные протоколы (например, RDP, SSH), а также использование инфраструктуры провайдеров средств удаленного администрирования. Пример: использование средств удаленного управления RMS/teamviewer для создания канала связи и управления скомпрометированной системой со стороны злоумышленников
59	2	Использование штатных средств удаленного доступа и управления операционной системы
60	3	Коммуникация с внешними серверами управления через хорошо известные порты на этих серверах, разрешенные на межсетевом экране (SMTP/25, HTTP/80, HTTPS/443 и др.)
61	4	Коммуникация с внешними серверами управления через нестандартные порты на этих серверах, что в некоторых случаях позволяет эксплуатировать уязвимости средств сетевой фильтрации для обхода этих средств
62	5	Управление через съемные носители, в частности, передача команд управления между скомпрометированными изолированной системой и подключенной к Интернет системой через носители информации, используемые на обеих системах
63	6	Проксирование трафика управления для маскировки подозрительной сетевой активности, обхода правил на межсетевом экране и сокрытия адресов инфраструктуры нарушителей, дублирование каналов связи, обфускация и разделение трафика управления во избежание обнаружения. Примеры: 1) использование скомпрометированных систем в той же сети, для которых правилами МЭ разрешен доступ в Интернет, в качестве прокси серверов; 2) использование инфраструктуры сети TOR для проксирования запросов к серверам управления; 3) использование одного коммуникационного протокола для запроса, и другого - для ответа на запрос
64	7	Туннелирование трафика управления через VPN
65	8	Туннелирование трафика управления в поля заполнения и данных служебных протоколов, к примеру, туннелирование трафика управления в поля данных и заполнения протоколов DNS, ICMP или другие
66	9	Управление через подключенные устройства, реализующие дополнительный канал связи с внешними системами или между скомпрометированными системами в сети
67	10	Использование средств обфускации, шифрования, стеганографии для сокрытия трафика управления
68	11	Передача команд управления через нестандартно интерпретируемые типовые операции, к примеру, путем выполнения копирования файла по разрешенному протоколу (FTP или подобному), путем управления разделяемыми сетевыми ресурсами по протоколу SMB и т.п.
69	12	Передача команд управления через публикацию на внешнем легитимном сервисе, таком как веб-сайт, облачный ресурс, ресурс в социальной сети и т.п.
70	13	Динамическое изменение адресов серверов управления, идентификаторов внешних сервисов, на которых публикуются команды управления, и т.п. по известному алгоритму во избежание обнаружения
71	1	Получение данных для аутентификации и авторизации от имени привилегированной учетной записи путем поиска этих данных в папках и файлах, поиска в памяти или перехвата в сетевом трафике. Данные для авторизации включают пароли, хэш-суммы паролей, токены, идентификаторы сессии, криптографические ключи, но не ограничиваются ими
72	2	Подбор пароля или другой информации для аутентификации от имени привилегированной учетной записи
73	3	Эксплуатация уязвимостей ПО к повышению привилегий. Пример: эксплуатация уязвимости драйвера службы печати, позволяющей выполнить код с привилегиями системной учетной записи, через доступ к этому драйверу из приложения, запущенного от имени непривилегированного пользователя
74	4	Эксплуатация уязвимостей механизма имперсонации (запуска операций в системе от имени другой учетной записи). Пример: эксплуатация уязвимости штатного механизма имперсонации, реализуемого операционной системой
75	5	Манипуляции с идентификатором сессии, токеном доступа или иным параметром, определяющим права и полномочия пользователя в системе таким образом, что новый или измененный идентификатор/токен/параметр дает возможность выполнения ранее недоступных пользователю операций. Пример: кража и подделка cookie сессии для получения авторизованного доступа к вебинтерфейсу управления сетевого устройства
76	6	Обход политики ограничения пользовательских учетных записей в выполнении групп операций, требующих привилегированного режима. Пример: обход UserAccountControl в операционной системе Windows
77	7	Использование уязвимостей конфигурации системы, служб и приложений, в том числе предварительно сконфигурированных профилей привилегированных пользователей, автоматически запускаемых от имени привилегированных пользователей скриптов, приложений и экземпляров окружения, позволяющих вредоносному ПО выполняться с повышенными привилегиями. Примеры: 1) использование профилей PowerShell для закрепления вредоносного ПО в системе и выполнения этого ПО с повышенными привилегиями; 2) конфигурация команды перехода в привилегированный режим sudo, при которой успешный результат выполнения этой команды на некоторое время кэшируется, что при определенных обстоятельствах может быть использовано вредоносным кодом для выполнения привилегированных операций в течение этого времени; 3) параметры исполнения файлов (ImageFileExecutionOptions, IFEO), позволяющие переключать исполнение файлов в режим отладки, выполняя вредоносные приложения под видом отладчиков и средств мониторинга, что позволяет им отключать системные приложения и средства защиты
78	8	Эксплуатация уязвимостей, связанных с отдельным, и вероятно менее строгим контролем доступа к некоторым ресурсам (например, к файловой системе) для непривилегированных учетных записей. Пример: подмена на диске бинарных файлов или скриптов, предназначенных для исполнения в привилегированном контексте, приложением, исполняющимся в непривилегированном контексте
79	9	Эксплуатация уязвимостей средств ограничения среды исполнения (виртуальные машины, песочницы и т.п.) для исполнения кода вне этой среды. Пример: эксплуатация уязвимости обработки буфера данных в рамках песочницы, реализуемой браузером для ограничения работы мобильного кода (Javascript), с последующим выполнением кода в контексте процесса браузера
80	1	Использование нарушителем или вредоносной платформой штатных инструментов администрирования, утилит и сервисов операционной системы, сторонних утилит, в том числе двойного назначения. Пример: использование популярной утилиты PsExec для ОС Windows как администраторами, так и нарушителями
81	2	Очистка/затирание истории команд и журналов регистрации, перенаправление записей в журналы регистрации, переполнение истории команд и журналов регистрации, затруднение доступа к журналам регистрации для авторизованных пользователей
82	3	Удаление файлов, переписывание файлов произвольными данными, форматирование съемных носителей
83	4	Отключение средств защиты от угроз информационной безопасности, в том числе средств антивирусной защиты, механизмов аудита, консолей оператора мониторинга и средств защиты других типов
84	5	Отключение систем и средств мониторинга и защиты от угроз промышленной, физической, пожарной, экологической, радиационной безопасности, иных видов безопасности автоматизированной системы управления технологическими процессами и управляемого (контролируемого) объекта и (или) процесса
85	6	Подделка данных вывода средств защиты от угроз информационной безопасности
86	7	Подделка данных телеметрии, данных вывода автоматизированных систем управления, данных систем и средств мониторинга и защиты от угроз промышленной, физической, пожарной, экологической, радиационной безопасности, иных видов безопасности автоматизированной системы управления технологическими процессами и управляемого (контролируемого) объекта и (или) процесса, данных видеонаблюдения и других визуально или автоматически интерпретируемых данных
87	8	Выполнение атаки отказа в обслуживании на основные и резервные каналы связи, которые могут использоваться для доставки сообщений о неработоспособности систем или их компонентов или о других признаках атаки
88	9	Подписание кода, включая использование скомпрометированных сертификатов авторитетных производителей ПО для подписания вредоносных программных модулей.
89	10	Внедрение вредоносного кода в доверенные процессы операционной системы и другие объекты, которые не подвергаются анализу на наличие такого кода, для предотвращения обнаружения
90	11	Модификация модулей и конфигурации вредоносного программного обеспечения для затруднения его обнаружения в системе. Пример: внесение изменений в модули и конфигурацию вредоносного ПО для удаления индикаторов компрометации этим ВПО после обнаружения его в других системах
91	12	Манипуляции именами и параметрами запуска процессов и приложений для обеспечения скрытности. Примеры: 1) сокрытие окна приложения через параметры запуска процесса в ОС Windows; 2) выбор для вредоносного приложения имени файла (процесса), похожего на имя известного и/или системного приложения или совпадающего с ним
92	13	Создание скрытых файлов, скрытых учетных записей
93	14	Установление ложных доверенных отношений, в том числе установка корневых сертификатов для успешной валидации вредоносных программных модулей и авторизации внешних сервисов
94	15	Внедрение вредоносного кода выборочным/целевым образом на наиболее важные системы или системы, удовлетворяющие определенным критериям, во избежание преждевременной компрометации информации об используемых при атаке уязвимостях и обнаружения факта атаки
95	16	Искусственное временное ограничение распространения или активации вредоносного кода внутри сети, во избежание преждевременного обнаружения факта атаки. Пример: распространение вредоносного ПО единовременно по всем интересующим злоумышленникам системам и единовременный запуск его на выполнение по команде, вплоть до выполнения которой компрометацию системы обнаружить сложно
96	17	Обфускация, шифрование, упаковка с защитой паролем или сокрытие стеганографическими методами программного кода вредоносного ПО, данных и команд управляющего трафика, в том числе при хранении этого кода и данных в атакуемой системе, при хранении на сетевом ресурсе или при передаче по сети
97	18	Использование средств виртуализации для сокрытия вредоносного кода или вредоносной активности от средств обнаружения в операционной системе
98	19	Туннелирование трафика управления через VPN
99	20	Туннелирование трафика управления в поля заполнения и данных служебных протоколов, к примеру, туннелирование трафика управления в поля данных и заполнения протоколов DNS, ICMP или другие
100	21	Изменение конфигурации сети, включая изменение конфигурации сетевых устройств, организацию прокси-соединений, изменение таблиц маршрутизации, сброс и модификацию паролей доступа к интерфейсам управления сетевыми устройствами
101	22	Подмена и компрометация прошивок, в том числе прошивок BIOS, жестких дисков
102	23	Подмена файлов легитимных программ и библиотек непосредственно в системе.
103	24	Подмена легитимных программ и библиотек, а также легитимных обновлений программного обеспечения, поставляемых производителем удаленно через сети связи, в репозиториях поставщика или при передаче через сети связи.
104	25	Подмена ссылок на легитимные программы и библиотеки, а также на легитимные обновления программного обеспечения, поставляемые производителем удаленно через сети связи, информации о таких обновлениях, включая атаки на инфраструктурные сервисы поставщика (такие как DNS hijacking), атаки на третьесторонние ресурсы, атаки на электронную почту и другие средства обмена сообщениями.
105	26	Подмена дистрибутивов (установочных комплектов) программ на носителях информации или общих сетевых ресурсах.
106	27	Компрометация сертификата, используемого для цифровой подписи образа ПО, включая кражу этого сертификата у производителя ПО или покупку краденого сертификата на нелегальных площадках в сетях связи (т.н. "дарквеб") и подделку сертификата с помощью эксплуатации уязвимостей ПО, реализующего функции генерирования криптографических ключей, хранения и управления цифровыми сертификатами
107	28	Компрометация средств создания программного кода приложений в инфраструктуре разработчика этих приложений (компиляторов, линковщиков, средств управления разработкой) для последующего автоматизированного внесения изменений в этот код, устанавливаемый авторизованным пользователем на целевые для нарушителя системы
108	29	Компрометация средств сборки, конфигурирования и разворачивания программного кода, а также средств создания узкоспециализированного кода (к примеру, кода промышленных контроллеров), в инфраструктуре целевой системы, для автоматизированного внесения изменений в этот код, устанавливаемый авторизованным пользователем на целевые для нарушителя системы
109	1	Эксплуатация уязвимостей для повышения привилегий в системе или сети для удаленного выполнения программного кода для распространения доступа
110	2	Использование средств и интерфейсов удаленного управления для получения доступа к смежным системам и сетям
111	3	Использование механизмов дистанционной установки программного обеспечения и конфигурирования. Пример: распространение вредоносного кода групповыми политиками ActiveDirectory, обычно используемыми для автоматического управления легитимным программным обеспечением
112	4	Удаленное копирование файлов, включая модули вредоносного программного обеспечения и легитимные программные средства, которые позволяют злоумышленнику получать доступ к смежным системам и сетям
113	5	Изменение конфигурации сети, включая изменение конфигурации сетевых устройств, организацию прокси-соединений, изменение таблиц маршрутизации, сброс и модификацию паролей доступа к интерфейсам управления сетевыми устройствами
114	6	Копирование вредоносного кода на съемные носители
115	7	Размещение вредоносных программных модулей на разделяемых сетевых ресурсах в сети
116	8	Использование доверенных отношений скомпрометированной системы и пользователей этой системы с другими системами и пользователями для распространения вредоносного программного обеспечения или для доступа к системам и информации в других системах и сетях. Пример: отсылка сообщений корпоративной электронной почты от имени коллег и прочих доверенных лиц
117	1	Доступ к системе для сбора информации и вывод информации через стандартные протоколы управления (например, RDP, SSH), а также использование инфраструктуры провайдеров средств удаленного администрирования. Пример: использование средств удаленного управления RMS/teamviewer для создания канала связи и управления скомпрометированной системой со стороны злоумышленников
118	2	Доступ к системе для сбора информации и вывод информации через использование штатных средств удаленного доступа и управления операционной системы
119	3	Вывод информации на хорошо известные порты на внешних серверах, разрешенные на межсетевом экране (SMTP/25, HTTP/80, HTTPS/443 и др.)
120	4	Вывод информации на нестандартные порты на внешних серверах, что в некоторых случаях позволяет эксплуатировать уязвимости средств сетевой фильтрации для обхода этих средств
121	5	Отправка данных по известным протоколам управления и передачи данных
122	6	Отправка данных по собственным протоколам
123	7	Проксирование трафика передачи данных для маскировки подозрительной сетевой активности, обхода правил на межсетевом экране и сокрытия адресов инфраструктуры нарушителей, дублирование каналов связи, обфускация и разделение трафика передачи данных во избежание обнаружения. Примеры: 1) использование скомпрометированных систем в той же сети, для которых правилами МЭ разрешен доступ в Интернет в качестве прокси серверов; 2) использование инфраструктуры сети TOR для проксирования запросов к серверам управления; 3) использование одного коммуникационного протокола для запроса, и другого - для ответа на запрос
124	8	Туннелирование трафика передачи данных через VPN
125	9	Туннелирование трафика управления в поля заполнения и данных служебных протоколов, к примеру, туннелирование трафика управления в поля данных и заполнения протоколов DNS, ICMP или другие
126	10	Вывод информации через съемные носители, в частности, передача данных между скомпрометированными изолированной системой и подключенной к Интернет системой через носители информации, используемые на обеих системах
127	11	Отправка данных через альтернативную среду передачи данных. Пример: вывод конфиденциальной информации через субтитры видеоряда, демонстрируемого на веб-сайте
129	13	Вывод информации через предоставление доступа к файловым хранилищам и базам данных в инфраструктуре скомпрометированной системы или сети, в том числе путем создания новых учетных записей или передачи данных для аутентификации и авторизации имеющихся учетных записей
130	14	Вывод информации путем размещения сообщений или файлов на публичных ресурсах, доступных для анонимного нарушителя (форумы, файлообменные сервисы, фотобанки, облачные сервисы, социальные сети)
131	1	Несанкционированный доступ к информации в памяти системы, файловой системе, базах данных, репозиториях, в программных модулях и прошивках
132	2	Несанкционированное воздействие на системное программное обеспечение, его конфигурацию и параметры доступа
133	3	Несанкционированное воздействие на программные модули прикладного программного обеспечения
134	4	Несанкционированное воздействие на программный код, конфигурацию и параметры доступа прикладного программного обеспечения
135	5	Несанкционированное воздействие на программный код, конфигурацию и параметры доступа системного программного обеспечения
136	6	Несанкционированное воздействие на программный код, конфигурацию и параметры доступа прошивки устройства
137	7	Подмена информации (например, платежных реквизитов) в памяти или информации, хранимой в виде файлов, информации в базах данных и репозиториях, информации на неразмеченных областях дисков и сменных носителей
138	8	Уничтожение информации, включая информацию, хранимую в виде файлов, информацию в базах данных и репозиториях, информацию на неразмеченных областях дисков и сменных носителей
139	9	Добавление информации (например, дефейсинг корпоративного портала, публикация ложной новости)
140	10	Организация отказа в обслуживании одной или нескольких систем, компонентов системы или сети
141	11	Нецелевое использование ресурсов системы. Примеры: 1) организация майнинговой платформы; 2) организация платформы для осуществления атак отказа в обслуживании на смежные системы и сети.
142	12	Несанкционированное воздействие на автоматизированные системы управления с целью вызова отказа или нарушения функций управления, в том числе на АСУ критически важных объектов, потенциально опасных объектов, объектов, представляющих повышенную опасность для жизни и здоровья людей и для окружающей природной среды, в том числе опасных производственных объектов. Примеры: 1) воздействие на автоматизированные системы управления объектов транспорта; 2) удаленное воздействие на цифровые системы и первичное оборудование объектов электроэнергетики; 3) воздействие на системы управления технологическим процессом нефтехимического объекта
143	13	Несанкционированное воздействие на автоматизированные системы управления с целью вызова отказа или поломки оборудования, в том числе АСУ критически важных объектов, потенциально опасных объектов, объектов, представляющих повышенную опасность для жизни и здоровья людей и для окружающей природной среды, в том числе опасных производственных объектов
144	14	Отключение систем и средств мониторинга и защиты от угроз промышленной, физической, пожарной, экологической, радиационной безопасности, иных видов безопасности, в том числе критически важных объектов, потенциально опасных объектов, объектов, представляющих повышенную опасность для жизни и здоровья людей и для окружающей природной среды, в том числе опасных производственных объектов
145	15	Воздействие на информационные ресурсы через системы распознавания визуальных, звуковых образов, системы геопозиционирования и ориентации, датчики вибрации, прочие датчики и системы преобразования сигналов физического мира в цифровое представление с целью полного или частичного вывода системы из строя или несанкционированного управления системой. Примеры: 1) нанесение нелегитимной разметки дорожного полотна с целью вызова сбоя системы автоматического управления автомобилем; 2) использование специальных символов в идентификационном знаке физического объекта, распознаваемом камерами видеонаблюдения
\.


--
-- TOC entry 3569 (class 0 OID 74111)
-- Dependencies: 257
-- Data for Name: tactics; Type: TABLE DATA; Schema: tactics_techniques_schema; Owner: savenkova
--

COPY tactics_techniques_schema.tactics (id, tactic_name, tactical_task) FROM stdin;
1	Сбор информации о системах и сетях	Тактическая задача: нарушитель стремится получить любую техническую информацию, которая может оказаться полезной в ходе реализации угроз безопасности информации
2	Получение первоначального доступа к компонентам систем и сетей	Тактическая задача: нарушитель, находясь вне инфраструктуры сети или системы, стремится получить доступ к любому узлу в инфраструктуре и использовать его как плацдарм для дальнейших действий
3	Внедрение и исполнение вредоносного программного обеспечения в системах и сетях	Тактическая задача: получив доступ к узлу сети или системы, нарушитель стремится внедрить в его программную среду инструментальные средства, необходимые ему для дальнейших действий
4	Закрепление (сохранение доступа) в системе или сети	Тактическая задача: получив доступ к узлу сети с помощью некоторой последовательности действий, нарушитель стремится упростить себе повторное получение доступа к этому узлу, если он ему впоследствии понадобится (например, устанавливает средства удаленного управления узлом, изменяет настройки средств защиты и другие действия)
5	Управление вредоносным программным обеспечением и (или) компонентами, к которым ранее был получен доступ	Тактическая задача: внедрив вредоносное программное обеспечение или обеспечив постоянное присутствие на узле сети, нарушитель стремится автоматизировать управление внедренными инструментальными средствами, организовав взаимодействия скомпрометированным узлом и сервером управления, который может быть размещен в сети Интернет или в инфраструктуре организации
6	Повышение привилегий по доступу к компонентам систем и сетей	Тактическая задача: получив первоначальный доступ к узлу с привилегиями, недостаточными для совершения нужных ему действий, нарушитель стремится повысить полученные привилегии и получить контроль над узлом
7	Сокрытие действий и применяемых при этом средств от обнаружения	Тактическая задача: нарушитель стремится затруднить применение мер защиты информации, которые способны помешать его действиям или обнаружить их
8	Получение доступа (распространение доступа) к другим компонентам систем и сетей или смежным системам и сетям	Тактическая задача: получив доступ к некоторым узлам инфраструктуры, нарушитель стремится получить доступ к другим узлам. Подобное распространение доступа может быть нецеленаправленным: так, еще не зная, к каким именно компонентам инфраструктуры требуется получить доступ для того, чтобы вызвать нужные ему негативные последствия, нарушитель может стремиться получить контроль над как можно большей частью инфраструктуры систем и сетей
9	Сбор и вывод из системы или сети информации, необходимой для дальнейших действий при реализации угроз безопасности информации или реализации новых угроз	Тактическая задача: в ходе реализации угроз безопасности информации, нарушителю может потребоваться получить и вывести за пределы инфраструктуры большие объемы информации, избежав при этом обнаружения или противодействия
10	Несанкционированный доступ и (или) воздействие на информационные ресурсы или компоненты систем и сетей, приводящие к негативным последствиям	Тактическая задача: достижение нарушителем конечной цели, приводящее к реализации моделируемой угрозы и причинению недопустимых негативных последствий
\.


--
-- TOC entry 3571 (class 0 OID 74117)
-- Dependencies: 259
-- Data for Name: tactics_to_techniques; Type: TABLE DATA; Schema: tactics_techniques_schema; Owner: savenkova
--

COPY tactics_techniques_schema.tactics_to_techniques (tactic_id, technique_id) FROM stdin;
1	1
1	2
1	3
1	4
1	5
1	6
1	7
1	8
1	9
1	10
1	11
1	12
1	13
1	14
1	15
1	16
1	17
1	18
1	19
1	20
2	21
2	22
2	23
2	24
2	25
2	26
2	27
2	28
2	29
2	30
2	31
2	32
2	33
2	34
3	35
3	36
3	37
3	38
3	39
3	40
3	41
3	42
3	43
3	44
3	45
3	46
3	47
3	48
3	49
3	50
4	51
4	52
4	53
4	54
4	55
4	56
4	57
5	58
5	59
5	60
5	61
5	62
5	63
5	64
5	65
5	66
5	67
5	68
5	69
5	70
6	71
6	72
6	73
6	74
6	75
6	76
6	77
6	78
6	79
7	80
7	81
7	82
7	83
7	84
7	85
7	86
7	87
7	88
7	89
7	90
7	91
7	92
7	93
7	94
7	95
7	96
7	97
7	98
7	99
7	100
7	101
7	102
7	103
7	104
7	105
7	106
7	107
7	108
8	109
8	110
8	111
8	112
8	113
8	114
8	115
8	116
9	117
9	118
9	119
9	120
9	121
9	122
9	123
9	124
9	125
9	126
9	127
9	128
9	129
9	130
10	131
10	132
10	133
10	134
10	135
10	136
10	137
10	138
10	139
10	140
10	141
10	142
10	143
10	144
10	145
\.


--
-- TOC entry 3547 (class 0 OID 74052)
-- Dependencies: 235
-- Data for Name: consequences; Type: TABLE DATA; Schema: threat_and_sec_schema; Owner: savenkova
--

COPY threat_and_sec_schema.consequences (id, risk_id, title, description, system_category) FROM stdin;
96	1	Нарушение прав и свобод гражданина, закрепленных в Конституции Российской Федерации и федеральных законах	Нарушение требований федерального законодательства о защите информации (например, ФЗ № 149 ФЗ «Об информации, информационных технологиях и о защите информации»).	2
97	1	Финансовый, иной материальный ущерб физическому лицу	Кража или мошенническое использование личных данных гражданина (фишинговые атаки, оформление кредитов, банковских счетов и др.).	2
98	1	Нарушение (утечка) конфиденциальной информации	Утрата доверия к государственным органам или организациям, эксплуатирующим ГИС, а также репутационные потери для оператора системы.	2
100	1	Угроза жизни или здоровью	Использование информации из ГИС (например, адресов) злоумышленниками для преследования, угроз	2
101	1	Унижение достоинства личности	Публикация или передача через ГИС компрометирующих данных	2
102	1	Нарушение неприкосновенности частной жизни	Несанкционированный доступ к сведениям о семейном положении, личных предпочтениях, социальном статусе	2
103	1	Нарушение свободы, личной неприкосновенности	Использование данных ГИС для вмешательства в частную жизнь (например, слежки, ограничений передвижения)	2
104	1	Нарушение личной, семейной тайны, утрата чести и доброго имени	Разглашение информации о семейных обстоятельствах, вызывающее общественное осуждение	2
105	1	Нарушение тайны переписки, телефонных переговоров, иных сообщений	Несанкционированный доступ к средствам связи, интегрированным с ГИС	2
106	1	«Травля» гражданина в сети «Интернет»	Использование информации из ГИС (ФИО, фото, контактов) для кибербуллинга, атак в соцсетях	2
107	2	Нарушение законодательства Российской Федерации	Административная, уголовная, гражданско-правовая, дисциплинарная ответственность за несоблюдение требований Федерального закона от 27.07.2006 № 149 ФЗ «Об информации, информационных технологиях и о защите информации», а также иных нормативно-правовых актов, регулирующих защиту информации в ГИС.	2
108	2	Необходимость дополнительных (незапланированных) затрат на выплаты компенсаций	Санкции за нарушение требований законодательства в области защиты информации в государственных информационных системах (например, штрафы, компенсации морального вреда пострадавшим гражданам), а также расходы, связанные с судебными разбирательствами и возможной необходимостью восстановления репутации.	2
109	2	Необходимость дополнительных (незапланированных) затрат на закупку товаров, работ или услуг (в том числе закупка программного обеспечения, технических средств, вышедших из строя, замена, настройка, ремонт указанных средств)	Выведение из строя технических средств, программного обеспечения ${customerName}	2
110	2	Необходимость дополнительных (незапланированных) затрат на восстановление деятельности	Выведение из строя технических средств, программного обеспечения ${customerName}	2
111	2	Нарушение штатного режима функционирования автоматизированной системы управления	Неспособность своевременного выполнения задач, решаемых ГИС ${customerName}	2
112	2	Простой информационной системы или сети	Неспособность своевременного выполнения задач, решаемых ГИС ${customerName}	2
113	2	Невозможность решения задач (реализации функций) или снижение эффективности решения задач (реализации функций)	Неспособность своевременного выполнения задач, решаемых ГИС ${customerName}	2
114	2	Нарушение деловой репутации	Потеря конкурентоспособности, уменьшение количества контрагентов	2
115	2	Публикация недостоверной информации на официальном сайте	Потеря доверия и уменьшение количества контрагентов	2
116	2	Использование официального сайта для распространения и управления вредоносным программным обеспечением	Распространение вредоносного ПО	2
117	2	Рассылка информационных сообщений с использованием вычислительных мощностей оператора и (или) от его имени	Распространение вредоносного ПО. Потеря доверия контрагентов	2
118	2	Потеря (хищение) денежных средств	Финансовые потери вследствие неправомерного доступа к ресурсам ГИС.	2
119	2	Недополучение ожидаемой (прогнозируемой) прибыли	Снижение доходов из-за ограниченного функционирования ГИС.	2
120	2	Потеря конкурентного преимущества	Раскрытие сведений, обеспечивающих технологическое или организационное преимущество.	2
121	2	Утечка конфиденциальной информации	Нарушение установленного порядка доступа к защищаемой информации.	2
122	2	Принятие неправильных решений	Использование недостоверной информации, полученной из ГИС.	2
123	2	Необходимость изменения внутренних процедур	Адаптация процессов с учётом инцидента и требований регуляторов.	2
124	2	Неспособность выполнения договорных обязательств	Нарушение сроков или условий исполнения в результате сбоев в работе ГИС.	2
125	2	Причинение имущественного ущерба	Прямой или косвенный ущерб имуществу вследствие нарушения работы ГИС.	2
126	2	Утрата доверия	Снижение доверия со стороны граждан, пользователей и партнёров.	2
127	2	Дискредитация работников	Подрыв деловой репутации сотрудников, ответственных за сопровождение или безопасность ГИС.	2
128	2	Снижение авторитета	Ухудшение оценки со стороны регулирующих органов, партнёров и пользователей.	2
129	2	Невозможность заключения договоров, соглашений	Ограничение в межведомственном взаимодействии и контрактной деятельности.	2
130	2	Потеря клиентов, поставщиков	Прекращение взаимодействия со стороны участников информационного обмена.	2
131	3	Причинение ущерба жизни и здоровью людей	Использование данных из ГИС для вмешательства в процессы, затрагивающие безопасность граждан.	2
132	3	Нарушение функционирования объектов жизнеобеспечения	Искажение или недоступность данных в ГИС, задействованных в управлении объектами жизнеобеспечения.	2
133	3	Нарушение транспортной инфраструктуры	Воздействие на ГИС, обеспечивающие планирование и управление транспортными системами.	2
134	3	Нарушение функционирования госорганов	Нарушение работы ГИС, используемых в деятельности органов государственной власти.	2
135	3	Нарушение работы сети связи	Сбои в функционировании ГИС, интегрированных с системами связи и передачи данных.	2
136	3	Нарушение международных договоров РФ	Несоблюдение международных обязательств в сфере защиты информации, обрабатываемой в ГИС.	2
137	3	Прекращение деятельности организаций	Приостановка предоставления государственных или муниципальных услуг в результате сбоев в работе ГИС.	2
138	3	Нарушение межгосударственного сотрудничества	Нарушение работы ГИС, обеспечивающих информационный обмен с иностранными государствами и организациями.	2
139	3	Ущерб экономике государства	Финансовые потери в результате нарушения функционирования экономически значимых ГИС.	2
140	3	Раскрытие государственной тайны	Утечка сведений, составляющих государственную тайну, при наличии их обработки в составе ГИС.	2
141	3	Нарушение безопасности государства	Несанкционированный доступ к информации в ГИС, критически важной для безопасности и устойчивости управления.	2
142	3	Утечка конфиденциальной информации	Нарушение режима доступа к служебной и иной охраняемой информации, обрабатываемой в ГИС.	2
143	1	Нарушение прав и свобод гражданина, закрепленных в Конституции Российской Федерации и федеральных законах	Нарушение требований федерального законодательства о безопасности КИИ (например, ФЗ № 187-ФЗ «О безопасности критической информационной инфраструктуры Российской Федерации»), а также иных нормативно-правовых актов в области защиты информации.	3
144	1	Финансовый, иной материальный ущерб физическому лицу	Кража или мошенническое использование личных данных гражданина (фишинговые атаки, оформление кредитов, банковских счетов и др.).	3
145	1	Нарушение (утечка) конфиденциальной информации	Утрата доверия к государственным органам или организациям, эксплуатирующим объекты КИИ, а также репутационные потери для оператора системы.	3
146	1	Разглашение конфиденциальной информации	Возможные судебные иски и необходимость компенсации морального и материального ущерба, связанного с утечкой или разглашением информации.	3
147	1	Угроза жизни или здоровью	Использование утёкших сведений о гражданах (адреса, маршруты, медицинские данные) злоумышленниками для преследования или физического воздействия	3
148	1	Унижение достоинства личности	Публикация или распространение полученных через КИИ сведений, порочащих личность	3
149	1	Нарушение неприкосновенности частной жизни	Доступ к сведениям о семейном положении, медицинских или социальных услугах, полученных через КИИ	3
150	1	Нарушение свободы, личной неприкосновенности	Использование информации, полученной из КИИ, для незаконных ограничений в передвижении или доступа к услугам	3
151	1	Нарушение личной, семейной тайны, утрата чести и доброго имени	Несанкционированное раскрытие семейных обстоятельств, места проживания, состава семьи, с возможным общественным резонансом	3
152	1	Нарушение тайны переписки, телефонных переговоров, иных сообщений	При наличии интеграции КИИ с системами связи — перехват или доступ к сообщениям, передаваемым через защищаемую инфраструктуру	3
153	1	«Травля» гражданина в сети «Интернет»	Использование сведений, полученных из КИИ, для кибербуллинга, создания фейковых страниц, целенаправленных атак в интернете	3
154	2	Нарушение законодательства Российской Федерации	Административная, уголовная, гражданско-правовая, а также дисциплинарная ответственность за несоблюдение требований Федерального закона от 26.07.2017 № 187 ФЗ «О безопасности критической информационной инфраструктуры Российской Федерации», а также иных нормативно-правовых актов, регулирующих защиту информации в КИИ.	3
155	2	Необходимость дополнительных (незапланированных) затрат на выплаты компенсаций	Санкции за нарушение требований законодательства в области защиты информации (например, штрафы, компенсации ущерба пострадавшим лицам), а также расходы, связанные с судебными разбирательствами и возможной необходимостью восстановления репутации юридического лица.	3
156	2	Необходимость дополнительных (незапланированных) затрат на закупку товаров, работ или услуг (в том числе закупка программного обеспечения, технических средств, вышедших из строя, замена, настройка, ремонт указанных средств)	Выведение из строя технических средств, программного обеспечения ${customerName}	3
157	2	Необходимость дополнительных (незапланированных) затрат на восстановление деятельности	Выведение из строя технических средств, программного обеспечения ${customerName}	3
158	2	Нарушение штатного режима функционирования автоматизированной системы управления	Неспособность своевременного выполнения задач, решаемых КИИ ${customerName}	3
159	2	Простой информационной системы или сети	Неспособность своевременного выполнения задач, решаемых КИИ ${customerName}	3
160	2	Невозможность решения задач (реализации функций) или снижение эффективности решения задач (реализации функций)	Неспособность своевременного выполнения задач, решаемых КИИ ${customerName}	3
161	2	Нарушение деловой репутации	Потеря конкурентоспособности, уменьшение количества контрагентов	3
162	2	Публикация недостоверной информации на официальном сайте	Потеря доверия и уменьшение количества контрагентов	3
163	2	Использование официального сайта для распространения и управления вредоносным программным обеспечением	Распространение вредоносного ПО	3
164	2	Рассылка информационных сообщений с использованием вычислительных мощностей оператора и (или) от его имени	Распространение вредоносного ПО. Потеря доверия контрагентов	3
165	2	Потеря (хищение) денежных средств	Финансовые потери вследствие неправомерного использования ресурсов КИИ.	3
166	2	Недополучение ожидаемой (прогнозируемой) прибыли	Снижение доходов из-за сбоев или снижения доступности критических сервисов.	3
167	2	Потеря конкурентного преимущества	Утечка технологической или стратегической информации, обеспечивающей преимущества организации.	3
168	2	Утечка конфиденциальной информации	Нарушение установленных требований по защите информации, подлежащей охране.	3
169	2	Принятие неправильных решений	Использование искажённых данных из КИИ при управлении производственными, технологическими или управленческими процессами.	3
170	2	Необходимость изменения внутренних процедур	Перестройка процессов в связи с выявленными уязвимостями или нарушениями требований ИБ.	3
171	2	Неспособность выполнения договорных обязательств	Нарушение сроков или условий исполнения обязательств вследствие инцидента в КИИ.	3
172	2	Причинение имущественного ущерба	Повреждение или утрата имущества в результате нарушения функционирования объектов КИИ.	3
173	2	Утрата доверия	Снижение доверия со стороны контрагентов, надзорных органов и потребителей услуг.	3
58	1	Нарушение тайны переписки, телефонных переговоров, иных сообщений	Перехват личных сообщений и разговоров с целью давления или последующего разглашения	1
95	3	Утечка конфиденциальной информации\t	Несанкционированный доступ к чувствительным персональным данным (например, медицинским, финансовым), влияющим на безопасность.	1
91	3	Нарушение межгосударственного сотрудничества	Утечка ПДн иностранных граждан, обработка которых осуществляется в рамках международных соглашений или взаимодействия.	1
68	2	Публикация недостоверной информации на официальном сайте	Потеря доверия и уменьшение количества контрагентов	1
83	2	Потеря клиентов, поставщиков	Прекращение сотрудничества вследствие снижения доверия к обработке персональных данных в ИСПДн.	1
51	1	Нарушение конфиденциальности (утечка) ПДн	Компенсацию убытков и морального вреда за утечку ПДн.	1
80	2	Дискредитация работников	Нарушение деловой репутации сотрудников в результате утечки их персональных данных.	1
87	3	Нарушение функционирования госорганов	Нарушение работы органов власти, использующих ИСПДн для оказания государственных и муниципальных услуг.	1
84	3	Причинение ущерба жизни и здоровью людей	Использование утёкших персональных данных для преследования, шантажа или иных противоправных действий, угрожающих безопасности граждан.	1
54	1	Унижение достоинства личности	Публикация компрометирующих данных, порочащих честь и достоинство субъекта ПДн	1
174	2	Дискредитация работников	Нарушение деловой репутации сотрудников, допустивших нарушения или ошибки в работе КИИ.	3
175	2	Снижение авторитета	Потеря деловой и профессиональной репутации организации, ответственной за эксплуатацию КИИ.	3
176	2	Невозможность заключения договоров, соглашений	Отказ в заключении контрактов и соглашений из-за несоблюдения требований к защите КИИ.	3
177	2	Потеря клиентов, поставщиков	Прекращение взаимодействия с ключевыми участниками технологических или бизнес-процессов.	3
178	3	Причинение ущерба жизни и здоровью людей	Нарушение функционирования КИИ, управляющих медицинскими, транспортными, энергетическими или другими критическими системами.	3
179	3	Нарушение функционирования объектов жизнеобеспечения	Блокировка или искажение данных, обрабатываемых в КИИ, обеспечивающих энергоснабжение, водоснабжение, связь и др.	3
61	2	Необходимость дополнительных (незапланированных) затрат на выплаты компенсаций	Санкции за нарушение требований ФЗ от 26.07.2006 № 152-ФЗ «О персональных данных»	1
63	2	Необходимость дополнительных (незапланированных) затрат на восстановление деятельности	Выведение из строя технических средств, программного обеспечения ${customerName}	1
59	1	«Травля» гражданина в сети «Интернет»	Использование ПДн для целенаправленных атак, распространения ложной информации, создания фейковых аккаунтов	1
57	1	Нарушение личной, семейной тайны, утрата чести и доброго имени	Разглашение информации о родственниках, отношениях, частной переписке, вызывающее общественное осуждение	1
74	2	Утечка конфиденциальной информации	Нарушение режима конфиденциальности персональных данных.	1
79	2	Утрата доверия	Снижение уровня доверия со стороны клиентов, партнёров и регулирующих органов.	1
77	2	Неспособность выполнения договорных обязательств	Нарушение условий контрактов в связи с ограничением доступа к ПДн.	1
76	2	Необходимость изменения внутренних процедур	Перестройка бизнес-процессов и усиление контроля за обработкой ПДн.	1
75	2	Принятие неправильных решений	Использование искажённых или недостоверных ПДн при управленческих процессах.	1
72	2	Недополучение ожидаемой (прогнозируемой) прибыли	Снижение доходов из-за сбоев в работе ИСПДн или утраты клиентской базы.	1
86	3	Нарушение транспортной инфраструктуры	Компрометация ПДн, используемых в системах управления транспортными потоками (например, водители, пропуска, учёт персонала).	1
60	2	Нарушение законодательства Российской Федерации	Административная, уголовная, гражданско-правовая, дисциплинарная ответственность за нарушение требований ФЗ от 26.07.2006 № 152-ФЗ «О персональных данных»	1
73	2	Потеря конкурентного преимущества	Раскрытие информации, обеспечивающей рыночные позиции организации.	1
70	2	Рассылка информационных сообщений с использованием вычислительных мощностей оператора и (или) от его имени	Распространение вредоносного ПО. Потеря доверия контрагентов	1
93	3	Раскрытие государственной тайны	Утечка ПДн сотрудников органов госвласти, доступ к которым может косвенно привести к раскрытию сведений ограниченного доступа.	1
56	1	Нарушение свободы, личной неприкосновенности	Использование данных для ограничений передвижения, принудительных действий, нарушающих личную свободу	1
66	2	Невозможность решения задач (реализации функций) или снижение эффективности решения задач (реализации функций)	Неспособность своевременного выполнения задач, решаемых ИСПДн ${customerName}	1
89	3	Нарушение международных договоров РФ	Нарушение обязательств по трансграничной передаче ПДн или несоблюдение международных стандартов защиты персональных данных.	1
94	3	Нарушение безопасности государства	Целенаправленные атаки через уязвимости ИСПДн для получения доступа к защищаемой информации в системах органов власти.	1
82	2	Невозможность заключения договоров, соглашений	Ограничения в партнёрстве и участии в тендерах из-за недостаточного уровня защиты ПДн.	1
81	2	Снижение престижа	Ухудшение общественного и делового имиджа организации.	1
85	3	Нарушение функционирования объектов жизнеобеспечения	Искажение или удаление ПДн в системах, обеспечивающих предоставление социально значимых услуг (медицина, ЖКХ и др.).	1
90	3	Прекращение деятельности организаций	Приостановка работы организаций вследствие блокировки или утраты критически важных ПДн.	1
92	3	Ущерб экономике государства	Массовые инциденты с ИСПДн могут повлечь экономические последствия: штрафы, отток клиентов, снижение цифровой доверенности.	1
88	3	Нарушение работы сети связи	Воздействие на компоненты ИСПДн, интегрированные с телекоммуникационными системами (например, уведомления, идентификация).	1
71	2	Потеря (хищение) денежных средств	Финансовые потери в результате несанкционированного использования ПДн.	1
78	2	Причинение имущественного ущерба	Прямой или косвенный ущерб имуществу организации вследствие инцидента.	1
52	1	Разглашение ПДн граждан	Потеря доверия субъектов ПДн вследствие несанкционированного распространения их ПДн	1
69	2	Использование официального сайта для распространения и управления вредоносным программным обеспечением	Распространение вредоносного ПО	1
53	1	Угроза жизни или здоровью	Использование ПДн для шантажа, преследования, что может привести к физической опасности	1
49	1	Нарушение прав и свобод гражданина, закрепленных в Конституции Российской Федерации и федеральных законах	Нарушение требований ФЗ от 26.07.2006 № 152-ФЗ «О персональных данных»	1
62	2	Необходимость дополнительных (незапланированных) затрат на закупку товаров, работ или услуг (в том числе закупка программного обеспечения, технических средств, вышедших из строя, замена, настройка, ремонт указанных средств)	Выведение из строя технических средств, программного обеспечения ${customerName}	1
50	1	Финансовый, иной материальный ущерб физическому лицу	Кража ПДн работников с целью дальнейшего проведения фишинговых атак	1
65	2	Простой информационной системы или сети	Неспособность своевременного выполнения задач, решаемых ИСПДн ${customerName}	1
67	2	Нарушение деловой репутации	Потеря конкурентоспособности, уменьшение количества контрагентов	1
55	1	Нарушение неприкосновенности частной жизни	Несанкционированный доступ к информации о месте жительства, семейном положении, привычках и др.	1
64	2	Нарушение штатного режима функционирования автоматизированной системы управления	Неспособность своевременного выполнения задач, решаемых ИСПДн ${customerName}	1
180	3	Нарушение транспортной инфраструктуры	Воздействие на КИИ, задействованные в управлении транспортными потоками и логистикой.	3
181	3	Нарушение функционирования госорганов	Нарушение доступности или корректности работы КИИ, обеспечивающих деятельность органов власти.	3
182	3	Нарушение работы сети связи	Сбои в телекоммуникационной инфраструктуре, вызванные нарушением работы КИИ, управляющих каналами связи.	3
183	3	Нарушение международных договоров РФ	Нарушение обязательств по информационной безопасности в рамках соглашений с иностранными государствами и организациями.	3
184	3	Прекращение деятельности организаций	Приостановка функционирования предприятий вследствие разрушения технологических процессов, управляемых через КИИ.	3
185	3	Нарушение межгосударственного сотрудничества	Срыв работы межгосударственных ИТ-систем или обмена данными, контролируемого через КИИ.	3
186	3	Ущерб экономике государства	Снижение стабильности и производительности отраслей, зависящих от КИИ, влекущее финансовые потери.	3
187	3	Раскрытие государственной тайны	Получение доступа к информации, составляющей государственную тайну, через уязвимости КИИ.	3
188	3	Нарушение безопасности государства	Компрометация КИИ, задействованных в обеспечении обороны, правопорядка, управления критическими отраслями.	3
189	3	Утечка конфиденциальной информации	Несанкционированное распространение служебной или иной защищаемой информации, обрабатываемой в КИИ.	3
190	3	Причинение ущерба жизни и здоровью людей	Нарушение функционирования КИИ, управляющих медицинскими, транспортными, энергетическими или другими критическими системами.	3
191	3	Нарушение функционирования объектов жизнеобеспечения	Блокировка или искажение данных, обрабатываемых в КИИ, обеспечивающих энергоснабжение, водоснабжение, связь и др.	3
192	3	Нарушение транспортной инфраструктуры	Воздействие на КИИ, задействованные в управлении транспортными потоками и логистикой.	3
193	3	Нарушение функционирования госорганов	Нарушение доступности или корректности работы КИИ, обеспечивающих деятельность органов власти.	3
194	3	Нарушение работы сети связи	Сбои в телекоммуникационной инфраструктуре, вызванные нарушением работы КИИ, управляющих каналами связи.	3
99	1	Разглашение конфиденциальной информации	Возможные судебные иски и необходимость компенсации морального и материального ущерба, связанного с утечкой или разглашением информации.	2
\.


--
-- TOC entry 3535 (class 0 OID 16387)
-- Dependencies: 223
-- Data for Name: influence_objects; Type: TABLE DATA; Schema: threat_and_sec_schema; Owner: savenkova
--

COPY threat_and_sec_schema.influence_objects (id, name, alias) FROM stdin;
7	Информационная система	Метаданные, Защищаемые данные, База данных, Ключевая система информационной инфраструктуры, Информационные ресурсы, Инфраструктура информационных систем, 
3	Программное обеспечение	Учетные данные пользователя, Учётные данные пользователя, Программное обеспечение автоматизированной системы управления технологическими процессами, Хранящаяся на компьютере во временных файлах (программное обеспечение), Аутентификационные данные пользователя (программное обеспечение), Программное обеспечение (программы), использующее машинное обучение, Модели машинного обучения, Обучающие данные машинного обучения, Программное обеспечение (программы), реализующие технологии искусственного интеллекта, Информация
15	Технологии Big Data (хранилища больших данных)	Хранилище больших данных, Узлы хранилища больших данных
9	Сетевой узел, сетевой трафик	Сетевой трафик, Сетевой узел, Точка беспроводного доступа, Канал связи, Каналы передачи данных суперкомпьютера, Каналы связи, Каналы связи (передачи) данных 
14	Грид-система	Ресурсные центры грид-системы, Грид-система, Узлы грид-системы,
4	Сетевое ПО	Сетевое программное обеспечение, 
1	Аппаратное обеспечение	Носитель информации, Рабочая станция, Средства защиты информации, Программно-аппаратные средства со встроенными функциями защиты, Носители информации, Машинный носитель информации, Сетевое оборудование, Машинные носители информации, Телекоммуникационное устройство, Техническое средство, Средство защиты информации, Технические средства воздушного кондиционирования, Включая трубопроводные системы для циркуляции охлаждённого воздуха в ЦОД, Программируемые логические контроллеры, Аппаратное средство, Стационарные и мобильные устройства (компьютеры и ноутбуки) (аппаратное устройство), Аппаратное устройство, Средство вычислительной техники 
16	Суперкомпьютеры	Вычислительные узлы суперкомпьютера, Вычислительный узел суперкомпьютера, Система хранения данных суперкомпьютера, Система разграничения доступа хранилища больших данных,
10	Микропрограммное и аппаратное обеспечение BIOS/UEFI	Микропрограммное обеспечение, Микропрограммное обеспечение BIOS/UEFI, Микропрограммное,
5	Прикладное ПО	Прикладное программное обеспечение, Прикладное,
11	Мобильное устройство	Мобильное устройство, Мобильное устройство (аппаратное устройство), Мобильное устройство и запущенные на  нем приложения (программное обеспечение, аппаратное устройство), Данные пользователя мобильного устройства (аппаратное устройство), Мобильные устройства (аппаратное устройство, программное обеспечение)
8	Сервер	Сервер, Облачный сервер
12	Облачная система	Облачная инфраструктура, Консоль управления облачной инфраструктурой, Иммигрированная в облако
2	Системное ПО	Системное программное обеспечение, Реестр, Средства защиты информации, Системное программное обеспечение, использующее реестр, реестр, Средство защиты информации, Распределенные системы контроля, Управленческие системы и другие программные средства контроля, Система управления доступом, Встроенная в операционную систему компьютера (программное обеспечение), Системное и прикладное программное обеспечение, Распределённые системы контроля 
6	Средства виртуализации	Виртуальная машина, Образ виртуальной машины, Гипервизор, Консоль управления гипервизором, Созданная с использованием технологий виртуализации, 
13	Объекты файловой системы	Объект файловой системы, Файлы, Виртуальные устройства, Виртуальные устройства хранения, Обработки и передачи данных, Виртуальные устройства хранения данных, Виртуальные диски,
\.


--
-- TOC entry 3541 (class 0 OID 49417)
-- Dependencies: 229
-- Data for Name: risks; Type: TABLE DATA; Schema: threat_and_sec_schema; Owner: savenkova
--

COPY threat_and_sec_schema.risks (id, code, name) FROM stdin;
2	У2	Ущерб юридическому лицу
3	У3	Ущерб государству
1	У1	Ущерб физическому лицу
\.


--
-- TOC entry 3539 (class 0 OID 16535)
-- Dependencies: 227
-- Data for Name: system_categories; Type: TABLE DATA; Schema: threat_and_sec_schema; Owner: savenkova
--

COPY threat_and_sec_schema.system_categories (id, name) FROM stdin;
1	ISPDN
3	KII
2	GIS
\.


--
-- TOC entry 3543 (class 0 OID 57591)
-- Dependencies: 231
-- Data for Name: threats_execution_methods; Type: TABLE DATA; Schema: threat_and_sec_schema; Owner: savenkova
--

COPY threat_and_sec_schema.threats_execution_methods (id, name) FROM stdin;
1	СП.1 Эксплуатация уязвимостей
2	СП.2 Использование недостатков конфигурации
3	СП.3 Использование недостатков архитектуры
4	СП.4 Внедрение вредоносного программного обеспечения
5	СП.5 Внедрение программных и аппаратных закладок
6	СП.6 Использование недекларированных возможностей
7	СП.7 Прослушивание (захват) сетевого трафика
8	СП.8 Сканирование сетевой инфраструктуры
9	СП.9 Изучение информации о системе
10	СП.10 Атака типа "человек посередине"
11	СП.11 Применение скрытых каналов
14	СП.14 Атака типа "отказ в обслуживании"
15	СП.15 Шифрование данных
16	СП.16 Нарушение изоляции
18	СП.18 Использование недостатков механизмов разграничения доступа
19	СП.19 Модификация ОС (подмена системных файлов, внедрение вредоносного кода в системные процессы и ядро ОС)
20	СП.20 Автоматический сбор человеко-читаемых данных
21	СП.21 Повреждение данных
22	СП.22 Атака на Веб-приложение
23	СП.23 Модификация (подмена) прошивки (микропрограммы)
24	СП.24 Физическое воздействие
25	СП.25 Атаки на системы с распределенным реестром
26	СП.26 Воздействие через системы хранения и резервирования данных
12	СП.12 Считывание вводимой и выводимой информации
17	СП.17 Подбор (восстановление) аутентификационной информации
13	СП.13 Реализация социальной инженерии
\.


--
-- TOC entry 3536 (class 0 OID 16419)
-- Dependencies: 224
-- Data for Name: threats_info; Type: TABLE DATA; Schema: threat_and_sec_schema; Owner: savenkova
--

COPY threat_and_sec_schema.threats_info (id, name, description) FROM stdin;
87	Угроза несанкционированного использования привилегированных функций BIOS	Угроза заключается в возможности использования нарушителем потенциально опасных возможностей BIOS/UEFI.\r\nДанная угроза обусловлена наличием в BIOS/UEFI потенциально опасного функционала
1	Угроза автоматического распространения вредоносного кода в грид-системе	Угроза заключается в возможности внедрения и запуска вредоносного кода от имени доверенного процесса на любом из ресурсных центров грид-системы и его автоматического распространения на все узлы грид-системы. \r\nДанная угроза обусловлена слабостями технологии грид-вычислений – высоким уровнем автоматизации при малой администрируемости грид-системы.\r\nРеализация данной угрозы возможна при условии наличия у нарушителя привилегий легального пользователя грид-системы
2	Угроза агрегирования данных, передаваемых в грид-системе	Угроза заключается в возможности раскрытия нарушителем защищаемой информации путём выявления задействованных в её обработке узлов, сбора, анализа и обобщения данных, перехватываемых в сети передачи данных грид-системы.\r\nДанная угроза обусловлена слабостью технологии грид-вычислений – использованием незащищённых каналов сети Интернет как транспортной сети грид-системы.\r\nРеализация данной угрозы возможна при условии наличия у нарушителя:\r\nсил и средств, достаточных для компенсации чрезвычайной распределённости грид-заданий между узлами грид-системы;\r\nпривилегий, достаточных для перехвата трафика сети передачи данных между элементами (узлами) грид-системы
3	Угроза использования слабостей криптографических алгоритмов и уязвимостей в программном обеспечении их реализации	Угроза заключается в возможности выявления слабых мест в криптографических алгоритмах или уязвимостей в реализующем их программном обеспечении.\r\nДанная угроза обусловлена слабостями криптографических алгоритмов, а также ошибками в программном коде криптографических средств, их сопряжении с системой или параметрах их настройки.\r\nРеализация угрозы возможна в случае наличия у нарушителя сведений об применяемых в системе средствах шифрования, реализованных в них алгоритмах шифрования и параметрах их настройки
4	Угроза аппаратного сброса пароля BIOS	Угроза заключается в возможности сброса паролей, установленных в BIOS/UEFI без прохождения процедуры авторизации в системе путём обесточивания микросхемы BIOS (съёма аккумулятора) или установки перемычки в штатном месте на системной плате (переключение «джампера»).\r\nДанная угроза обусловлена уязвимостями некоторых системных (материнских) плат – наличием механизмов аппаратного сброса паролей, установленных в BIOS/UEFI.\r\nРеализация данной угрозы возможна при условии наличия у нарушителя физического доступа к системному блоку компьютера
5	Угроза внедрения вредоносного кода в BIOS	Угроза заключается в возможности заставить BIOS/UEFI выполнять вредоносный код при каждом запуске компьютера, внедрив его в BIOS/UEFI путём замены микросхемы BIOS/UEFI или обновления программного обеспечения BIOS/UEFI на версию, уже содержащую вредоносный код.\r\nДанная угроза обусловлена слабостями технологий контроля за обновлением программного обеспечения BIOS/UEFI и заменой чипсета BIOS/UEFI.\r\nРеализация данной угрозы возможна в ходе проведения ремонта и обслуживания компьютера
6	Угроза внедрения кода или данных	Угроза заключается в возможности внедрения нарушителем в дискредитируемую информационную систему или IoT-устройство вредоносного кода, который может быть в дальнейшем запущен «вручную» пользователями, автоматически при выполнении определённого условия (наступления определённой даты, входа пользователя в систему и т.п.) или с использованием аутентификационных данных, заданных «по умолчанию», а также в возможности несанкционированного внедрения нарушителем некоторых собственных данных для обработки в дискредитируемую информационную систему, фактически осуществив незаконное использование чужих вычислительных ресурсов, и блокирования работы устройства при выполнении определенных команд.\r\nДанная угроза обусловлена:\r\nналичием уязвимостей программного обеспечения;\r\nслабостями мер антивирусной защиты и разграничения доступа;\r\nналичием открытого Telnet-порта на IoT-устройстве (только для IoT-устройств).\r\nРеализация данной угрозы возможна:\r\nв случае работы дискредитируемого пользователя с файлами, поступающими из недоверенных источников;\r\nпри наличии у него привилегий установки программного обеспечения;\r\nв случае неизмененных владельцем учетных данных IoT-устройства (заводских пароля и логина)
7	Угроза воздействия на программы с высокими привилегиями	Угроза заключается в возможности повышения нарушителем своих привилегий в дискредитированной системе (получения привилегии дискредитированных программ) путём использования ошибок в программах и выполнения произвольного кода с их привилегиями.\r\nДанная угроза обусловлена слабостями механизма проверки входных данных и команд, а также мер по разграничению доступа.\r\nРеализация данной угрозы возможна при условиях:\r\nобладания дискредитируемой программой повышенными привилегиями в системе;\r\nосуществления дискредитируемой программой приёма входных данных от других программ или от пользователя;\r\nнарушитель имеет возможность осуществлять передачу данных к дискредитируемой программе
8	Угроза восстановления и/или повторного использования аутентификационной информации	Угроза заключается в возможности доступа к данным пользователя в результате подбора (например, путём полного перебора или перебора по словарю) аутентификационной информации дискредитируемой учётной записи пользователя в системе, а также путём перехвата и повторного использования хэша пароля, для восстановления сеанса.\r\nДанная угроза обусловлена следующими недостатками:\r\nзначительно меньшим объёмом данных хеш-кода аутентификационной информации по сравнению с ней самой (время подбора хеш-кодов меньше времени полного перебора аутентификационной информации); \r\nслабостями алгоритма расчёта хеш-кода, допускающими его повторное использование для выполнения успешной аутентификации.\r\nРеализация данной угрозы возможна с помощью специальных программных средств, а также в некоторых случаях – «вручную»
9	Угроза восстановления предыдущей уязвимой версии BIOS	Угроза заключается в возможности осуществления вынужденного перехода на использование BIOS/UEFI, содержащей уязвимости.\r\nДанная угроза обусловлена слабостями технологий контроля за обновлением программного обеспечения BIOS/UEFI.\r\nПри использовании технологии обновления BIOS/UEFI возможно возникновение следующей ситуации (условия, характеризующие ситуацию указаны в хронологическом порядке): \r\nна компьютере установлена некоторая версия BIOS/UEFI, для которой на момент её работы не известны уязвимости; \r\nв силу некоторых обстоятельств BIOS/UEFI проходит процедуру обновления, сохраняя при этом предыдущую версию BIOS/UEFI на случай «отката» системы; \r\nпубликуются данные о существовании уязвимостей в предыдущей версии BIOS/UEFI; \r\nпроисходит сбой в работе системы, в результате чего текущая (новая) версия BIOS/UEFI становится неработоспособной (например, нарушается её целостность);\r\nпользователь осуществляет штатную процедуру восстановления работоспособности системы – проводит «откат» системы к предыдущему работоспособному состоянию
10	Угроза выхода процесса за пределы виртуальной машины	Угроза заключается в возможности запуска вредоносной программой собственного гипервизора, функционирующего по уровню логического взаимодействия ниже компрометируемого гипервизора.\r\nДанная угроза обусловлена уязвимостями программного обеспечения гипервизора, реализующего функцию изолированной программной среды для функционирующих в ней программ, а также слабостями инструкций аппаратной поддержки виртуализации на уровне процессора.\r\nРеализация данной угрозы приводит не только к компрометации гипервизора, но и запущенных в созданной им виртуальной среде средств защиты, а, следовательно, к их неспособности выполнять функции безопасности в отношении вредоносных программ, функционирующих под управлением собственного гипервизора
11	Угроза деавторизации санкционированного клиента беспроводной сети	Угроза заключается в возможности автоматического разрыва соединения беспроводной точки доступа с санкционированным клиентом беспроводной сети.\r\nДанная угроза обусловлена слабостью технологий сетевого взаимодействия по беспроводным каналам передачи данных – сведения о МАС-адресах беспроводных клиентов доступны всем участникам сетевого взаимодействия.\r\nРеализация данной угрозы возможна при условии подключения нарушителем к беспроводной сети устройства, МАС-адрес которого будет полностью совпадать с МАС-адресом дискредитируемого санкционированного клиента
12	Угроза деструктивного изменения конфигурации/среды окружения программ	Угроза заключается в возможности деструктивного программного воздействия на дискредитируемое приложение путём осуществления манипуляций с используемыми им конфигурационными файлами или библиотеками.\r\nДанная угроза обусловлена слабостями мер контроля целостности конфигурационных файлов или библиотек, используемых приложениями.\r\nРеализация данной угрозы возможна в случае наличия у нарушителя прав осуществления записи в файловые объекты, связанные с конфигурацией/средой окружения программы, или возможности перенаправления запросов дискредитируемой программы от защищённых файловых объектов к ложным
13	Угроза деструктивного использования декларированного функционала BIOS	Угроза заключается в возможности неправомерного использования декларированного функционала BIOS/UEFI для нарушения целостности информации, хранимой на внешних носителях информации и в оперативном запоминающем устройстве компьютера.\r\nДанная угроза обусловлена уязвимостями программного обеспечения BIOS/UEFI, предназначенного для тестирования и обслуживания компьютера (средств проверки целостности памяти, программного обеспечения управления RAID-контроллером и т.п.).\r\nРеализации данной угрозы может способствовать возможность обновления некоторых BIOS/UEFI без прохождения аутентификации
14	Угроза длительного удержания вычислительных ресурсов пользователями	Угроза заключается в возможности ограничения нарушителем доступа конечных пользователей к вычислительному ресурсу за счёт принудительного удержания его в загруженном состоянии путём осуществления им многократного выполнения определённых деструктивных действий или эксплуатации уязвимостей программ, распределяющих вычислительные ресурсы между задачами. \r\nДанная угроза обусловлена слабостями механизмов балансировки нагрузки и распределения вычислительных ресурсов.\r\nРеализация угрозы возможна в случае, если у нарушителя имеется возможность делать запросы, которые в совокупности требуют больше времени на выполнение, чем запросы пользователя
15	Угроза доступа к защищаемым файлам с использованием обходного пути	Угроза заключается в возможности получения нарушителем доступа к скрытым/защищаемым каталогам или файлам посредством различных воздействий на файловую систему (добавление дополнительных символов в указании пути к файлу; обращение к файлам, которые явно не указаны в окне приложения). \r\nДанная угроза обусловлена слабостями механизма разграничения доступа к объектам файловой системы.\r\nРеализация данной угрозы возможна при условиях:\r\nналичие у нарушителя прав доступа к некоторым объектам файловой системы;\r\nотсутствие проверки вводимых пользователем данных;\r\nналичие у дискредитируемой программы слишком высоких привилегий доступа к файлам, обработка которых не предполагается с её помощью
16	Угроза доступа к локальным файлам сервера при помощи URL	Угроза заключается в возможности передачи нарушителем дискредитируемому браузеру запроса на доступ к файловой системе пользователя вместо URL-запроса. При этом браузер выполнит этот запрос с правами, которыми он был наделён при запуске, и передаст данные, полученные в результате выполнения этой операции, нарушителю.\r\nДанная угроза обусловлена слабостями механизма проверки вводимых пользователем запросов, который не делает различий между запросами на доступ к файловой системе и URL-запросами.\r\nРеализация данной угрозы возможна в случае наличия у нарушителя привилегий на отправку запросов браузеру, функционирующему в дискредитируемой системе
17	Угроза доступа/перехвата/изменения HTTP cookies	Угроза заключается в возможности осуществления нарушителем несанкционированного доступа к защищаемой информации (учётным записям пользователей, сертификатам и т.п.), содержащейся в cookies-файлах, во время их хранения или передачи, в режиме чтения (раскрытие конфиденциальности) или записи (внесение изменений для реализации угрозы подмены доверенного пользователя).\r\nДанная угроза обусловлена слабостями мер защиты cookies-файлов: отсутствием проверки вводимых данных со стороны сетевой службы, использующей cookies-файлы, а также отсутствием шифрования при передаче cookies-файлов.\r\nРеализация данной угрозы возможна при условиях осуществления нарушителем успешного несанкционированного доступа к cookies-файлам и отсутствии проверки целостности их значений со стороны дискредитируемого приложения
18	Угроза загрузки нештатной операционной системы	Угроза заключается в возможности подмены нарушителем загружаемой операционной системы путём несанкционированного переконфигурирования в BIOS/UEFI пути доступа к загрузчику операционной системы.\r\nДанная угроза обусловлена слабостями технологий разграничения доступа к управлению BIOS/UEFI.\r\nРеализация данной угрозы возможна при условии доступности нарушителю следующего параметра настройки BIOS/UEFI – указания источника загрузки операционной системы
19	Угроза заражения DNS-кеша	Угроза заключается в возможности перенаправления нарушителем сетевого трафика через собственный сетевой узел путём опосредованного изменения таблиц соответствия IP- и доменных имён, хранимых в DNS-сервере, за счёт генерации лавины возможных ответов на запрос DNS-сервера легальному пользователю или за счёт эксплуатации уязвимостей DNS-сервера. \r\nДанная угроза обусловлена слабостями механизмов проверки подлинности субъектов сетевого взаимодействия, а также уязвимостями DNS-сервера, позволяющими напрямую заменить DNS-кеш DNS-сервера.\r\nРеализация данной угрозы возможна в случае наличия у нарушителя привилегий, достаточных для отправки сетевых запросов к DNS-серверу
20	Угроза злоупотребления возможностями, предоставленными потребителям облачных услуг	Угроза заключается в возможности осуществления потребителем облачных услуг (нарушителем) рассылки спама, несанкционированного доступа к виртуальным машинам других потребителей облачных услуг или осуществления других деструктивных программных воздействий на различные системы с помощью арендованных ресурсов облачного сервера.\r\nДанная угроза обусловлена тем, что потребитель облачных услуг может устанавливать собственное программное обеспечение на облачный сервер.\r\nРеализация данной угрозы возможна путём установки и запуска потребителем облачных услуг вредоносного программного обеспечения на облачный сервер. Успешная реализация данной угрозы потребителем облачных услуг оказывает негативное влияние на репутацию поставщика облачных услуг
21	Угроза злоупотребления доверием потребителей облачных услуг	Угроза заключается в возможности нарушения (случайно или намеренно) защищённости информации потребителей облачных услуг внутренними нарушителями поставщика облачных услуг.\r\nДанная угроза обусловлена тем, что значительная часть функций безопасности переведена в сферу ответственности поставщика облачных услуг, а также невозможностью принятия потребителем облачных услуг мер защиты от действий сотрудников поставщика облачных услуг.\r\nРеализация данной угрозы возможна при условии того, что потребители облачных услуг не входят в состав организации, осуществляющей оказание данных облачных услуг (т.е. потребитель действительно передал поставщику собственную информацию для осуществления её обработки)
22	Угроза избыточного выделения оперативной памяти	Угроза заключается в возможности выделения значительных ресурсов оперативной памяти для обслуживания запросов вредоносных программ и соответственного снижения объёма ресурсов оперативной памяти, доступных в системе для выделения в ответ на запросы программ легальных пользователей.\r\nДанная угроза обусловлена наличием слабостей механизма контроля выделения оперативной памяти различным программам.\r\nРеализация данной угрозы возможна при условии нахождения вредоносного программного обеспечения в системе в активном состоянии
23	Угроза изменения компонентов информационной (автоматизированной) системы	Угроза заключается в возможности получения нарушителем доступа к сети, файлам, внедрения закладок и т.п. путём несанкционированного изменения состава программных или аппаратных средств информационной системы, что в дальнейшем позволит осуществлять данному нарушителю (или другому - внешнему, обнаружившему несанкционированный канал доступа в систему) несанкционированные действия в данной системе.\r\nДанная угроза обусловлена слабостями мер контроля за целостностью аппаратной конфигурации информационной системы.\r\nРеализация данной угрозы возможна при условии успешного получения нарушителем необходимых полномочий в системе и возможности подключения дополнительного периферийного оборудования
24	Угроза изменения режимов работы аппаратных элементов компьютера	Угроза заключается в возможности изменения нарушителем режимов работы аппаратных элементов компьютера путём несанкционированного переконфигурирования BIOS/UEFI, что позволяет:\r\nза счёт изменения частоты системной шины, режима передачи данных по каналам связи и т.п. повлиять на общую производительность компьютера или вызвать сбои в его работе;\r\nза счёт понижения входного напряжения, отключения систем охлаждения временно обеспечить неработоспособность компьютера;\r\nза счёт задания недопустимых параметров работы устройств (порогового значения отключения устройства при перегреве, входного напряжения и т.п.) привести к физическому выходу из строя отдельных аппаратных элементов компьютера.\r\nДанная угроза обусловлена слабостями технологий разграничения доступа к управлению BIOS/UEFI.\r\nРеализация данной угрозы возможна при условии наличия у нарушителя привилегий на изменение соответствующих параметров настройки BIOS/UEFI
25	Угроза изменения системных и глобальных переменных	Угроза заключается в возможности осуществления нарушителем опосредованного деструктивного программного воздействия на некоторые программы или систему в целом путём изменения используемых дискредитируемыми программами единых системных и глобальных переменных.\r\nДанная угроза обусловлена слабостями механизма контроля доступа к разделяемой памяти, а также уязвимостями программных модулей приложений, реализующих контроль целостности внешних переменных.\r\nРеализация данной угрозы возможна при условиях осуществления нарушителем успешного несанкционированного доступа к системным и глобальным переменным и отсутствии проверки целостности их значений со стороны дискредитируемого приложения
26	Угроза искажения XML-схемы	Угроза заключается в возможности изменения нарушителем алгоритма обработки информации приложениями, функционирующими на основе XML-схем, вплоть до приведения приложения в состояние "отказ в обслуживании", путём изменения XML-схемы, передаваемой между клиентом и сервером.\r\nДанная угроза обусловлена слабостями мер обеспечения целостности передаваемых при клиент-серверном взаимодействии данных, а также слабостями механизма сетевого взаимодействия открытых систем.\r\nРеализация данной угрозы возможна при условиях осуществления нарушителем успешного несанкционированного доступа к сетевому трафику, передаваемому между клиентом и сервером и отсутствии проверки целостности XML-схемы со стороны дискредитируемого приложения
27	Угроза искажения вводимой и выводимой на периферийные устройства информации	Угроза заключается в возможности дезинформирования пользователей или автоматических систем управления путём подмены или искажения исходных данных, поступающих от датчиков, клавиатуры или других устройств ввода информации, а также подмены или искажения информации, выводимой на принтер, дисплей оператора или на другие периферийные устройства.\r\nДанная угроза обусловлена слабостями мер антивирусной защиты и контроля достоверности входных и выходных данных, а также ошибками, допущенными в ходе проведения специальных проверок аппаратных средств вычислительной техники.\r\nРеализация данной угрозы возможна при условии наличия в дискредитируемой информационной системе вредоносного программного обеспечения (например, виртуальных драйверов устройств) или аппаратных закладок
28	Угроза использования альтернативных путей доступа к ресурсам	Угроза заключается в возможности осуществления нарушителем несанкционированного доступа к защищаемой информации в обход штатных механизмов с помощью нестандартных интерфейсов (в том числе доступа через командную строку в обход графического интерфейса).\r\nДанная угроза обусловлена слабостями мер разграничения доступа к защищаемой информации, слабостями фильтрации входных данных.\r\nРеализация данной угрозы возможна при условии наличия у нарушителя:\r\nвозможности ввода произвольных данных в адресную строку;\r\nсведений о пути к защищаемому ресурсу;\r\nвозможности изменения интерфейса ввода входных данных
29	Угроза использования вычислительных ресурсов суперкомпьютера «паразитными» процессами	Угроза заключается в возможности существенного снижения производительности вычислительного поля суперкомпьютера и эффективности выполнения на нём текущих параллельных вычислений из-за потребления вычислительных ресурсов суперкомпьютера «паразитными» процессами («процессами-потомками» предыдущих заданий или процессами, запущенными вредоносным программным обеспечением).\r\nДанная угроза обусловлена слабостями мер очистки памяти от «процессов-потомков» завершённых заданий, а также процессов, запущенных вредоносным программным обеспечением.\r\nРеализация данной угрозы возможна при условии некорректного завершения выполненных задач или наличия вредоносных процессов в памяти суперкомпьютера в активном состоянии
30	Угроза использования информации идентификации/аутентификации, заданной по умолчанию	Угроза заключается в возможности прохождения нарушителем процедуры авторизации на основе полученной из открытых источников\r\nили от информационного сервиса идентификационной и аутентификационной информации, соответствующей учётной записи «по умолчанию» дискредитируемого объекта защиты.\r\nДанная угроза обусловлена тем, что во множестве программных и программно-аппаратных средств производителями предусмотрены учётные записи «по умолчанию», предназначенные для первичного входа в систему или тем, что при прохождении на информационном сервисе процедуры регистрации механизм автоматической генерации паролей выдает одинаковые или сходные пароли пользователям с похожими логинами. Более того, на многих устройствах \r\nидентификационная и аутентификационная информация может быть возвращена к заданной «по умолчанию» после проведения аппаратного сброса параметров системы (функция Reset).\r\nРеализация данной угрозы возможна при одном из следующих условий:\r\nналичие у нарушителя сведений о производителе/модели объекта защиты и наличие в открытых источниках сведений об идентификационной и аутентификационной информации, соответствующей учётной записи «по умолчанию» для объекта защиты;\r\nуспешное завершение нарушителем процедуры выявления данной информации в ходе анализа программного кода дискредитируемого объекта защиты\r\nналичие у нарушителя сведений о логине используемом при регистрации атакуемым пользователем
31	Угроза использования механизмов авторизации для повышения привилегий	Угроза заключается в возможности получения нарушителем доступа к данным и функциям, предназначенным для учётных записей с более высокими чем у нарушителя привилегиями, за счёт ошибок в параметрах настройки средств разграничения доступа. При этом нарушитель для повышения своих привилегий не осуществляет деструктивное программное воздействие на систему, а лишь использует существующие ошибки.\r\nДанная угроза обусловлена слабостями мер разграничения доступа к программам и файлам.\r\nРеализация данной угрозы возможна в случае наличия у нарушителя каких-либо привилегий в системе
32	Угроза использования поддельных цифровых подписей BIOS	Угроза заключается в возможности установки уязвимой версии обновления BIOS/UEFI или версии, содержащей вредоносное программное обеспечение, но имеющей цифровую подпись.\r\nДанная угроза обусловлена слабостями мер по контролю за благонадёжностью центров выдачи цифровых подписей.\r\nРеализация данной угрозы возможна при условии выдачи неблагонадёжным центром сертификации цифровой подписи на версию обновления BIOS/UEFI, содержащую уязвимости, или на версию, содержащую вредоносное программное обеспечение (т.е. при осуществлении таким центром подлога), а также подмены нарушителем доверенного источника обновлений
33	Угроза использования слабостей кодирования входных данных	Угроза заключается в возможности осуществления нарушителем деструктивного информационного воздействия на дискредитируемую систему путём манипулирования значениями входных данных и формой их предоставления (альтернативные кодировки, некорректное расширение файлов и т.п.).\r\nДанная угроза обусловлена слабостями механизма контроля входных данных. \r\nРеализация данной угрозы возможна при условиях:\r\nдискредитируемая система принимает входные данные от нарушителя;\r\nнарушитель обладает возможностью управления одним или несколькими параметрами входных данных
34	Угроза использования слабостей протоколов сетевого/локального обмена данными	Угроза заключается в возможности осуществления нарушителем несанкционированного доступа к передаваемой в системе защищаемой информации за счёт деструктивного воздействия на протоколы сетевого/локального обмена данными в системе путём нарушения правил использования данных протоколов.\r\nДанная угроза обусловлена слабостями самих протоколов (заложенных в них алгоритмов), ошибками, допущенными в ходе реализации протоколов, или уязвимостями, внедряемыми автоматизированными средствами проектирования/разработки.\r\nРеализация данной угрозы возможна в случае наличия слабостей в протоколах сетевого/локального обмена данными
35	Угроза использования слабых криптографических алгоритмов BIOS	Угроза заключается в сложности проверки реальных параметров работы и алгоритмов, реализованных в криптографических средствах BIOS/UEFI. При этом доверие к криптографической защите будет ограничено доверием к производителю BIOS.\r\nДанная угроза обусловлена сложностью использования собственных криптографических алгоритмов в программном обеспечении BIOS/UEFI.\r\nВозможность реализации данной угрозы снижает достоверность оценки реального уровня защищённости системы
36	Угроза исследования механизмов работы программы	Угроза заключается в возможности проведения нарушителем обратного инжиниринга кода программы и дальнейшего исследования его структуры, функционала и состава в интересах определения алгоритма работы программы и поиска в ней уязвимостей.\r\nДанная угроза обусловлена слабостями механизма защиты кода программы от исследования.\r\nРеализация данной угрозы возможна в случаях:\r\nналичия у нарушителя доступа к исходным файлам программы;\r\nналичия у нарушителя доступа к дистрибутиву программы и отсутствия механизма защиты кода программы от исследования
37	Угроза исследования приложения через отчёты об ошибках	Угроза заключается в возможности исследования нарушителем алгоритма работы дискредитируемого приложения и его предполагаемой структуры путём анализа генерируемых этим приложением отчётов об ошибках.\r\nДанная угроза обусловлена размещением защищаемой информации (или информации, обобщение которой может раскрыть защищаемые сведения о системе) в генерируемых отчётах об ошибках.\r\nРеализация данной угрозы возможна в случае наличия у нарушителя доступа к отчётам об ошибках, генерируемых приложением, и наличия избыточности содержащихся в них данных
38	Угроза исчерпания вычислительных ресурсов хранилища больших данных	Угроза заключается в возможности временного возникновения состояния типа «отказ в обслуживании» у хранилища больших данных.\r\nДанная угроза обусловлена постоянным трудно контролируемым заполнением занятого дискового пространства за счёт данных, непрерывно поступающих из различных информационных источников, и слабостями технологий доступа и хранения информации в хранилищах больших данных.\r\nРеализация данной угрозы возможна при условии мгновенного (текущего) превышения скорости передачи данных над скоростью их сохранения (в силу недостаточности пропускной способности канала связи или скорости выделения свободного пространства и сохранения на него поступающих данных) или при условии временного отсутствия свободного места в хранилище (в силу некорректного управления хранилищем или в результате осуществления нарушителем деструктивного программного воздействия на механизм контроля за заполнением хранилища путём изменения параметров или логики его работы)
39	Угроза исчерпания запаса ключей, необходимых для обновления BIOS	Угроза заключается в возможности нарушения (невозможности осуществления) процедуры обновления BIOS/UEFI при исчерпании запаса необходимых для её проведения ключей.\r\nДанная угроза обусловлена ограниченностью набора ключей, необходимых для обновления BIOS/UEFI.\r\nРеализация данной угрозы возможна путём эксплуатации уязвимостей средств обновления набора ключей, или путём использования нарушителем программных средств перебора ключей
40	Угроза конфликта юрисдикций различных стран	Угроза заключается в возможности отказа в трансграничной передаче защищаемой информации в рамках оказания облачных услуг в соответствии с требованиями локального законодательства стран, резиденты которых участвуют в оказании облачных услуг.\r\nДанная угроза обусловлена тем, что в зависимости от особенностей законодательства различных стран, резиденты которых участвуют в оказании облачных услуг, при обеспечении информационной безопасности могут использоваться правовые меры различных юрисдикций.\r\nРеализация данной угрозы возможна при условии того, что на обеспечение информационной безопасности в ходе оказания облачных услуг накладываются правовые меры различных юрисдикций, противоречащих друг другу в ряде вопросов
41	Угроза межсайтового скриптинга	Угроза заключается в возможности внедрения нарушителем участков вредоносного кода на сайт дискредитируемой системы таким образом, что он будет выполнен на рабочей станции просматривающего этот сайт пользователя.\r\nДанная угроза обусловлена слабостями механизма проверки безопасности при обработке запросов и данных, поступающих от веб-сайта.\r\nРеализация угрозы возможна в случае, если клиентское программное обеспечение поддерживает выполнение сценариев, а нарушитель имеет возможность отправки запросов и данных в дискредитируемую систему
42	Угроза межсайтовой подделки запроса	Угроза заключается в возможности отправки нарушителем дискредитируемому пользователю ссылки на содержащий вредоносный код веб-ресурс, при переходе на который автоматически будут выполнены неправомерные вредоносные действия от имени дискредитированного пользователя.\r\nДанная угроза обусловлена уязвимостями браузеров, которые позволяют выполнять действия без подтверждения или аутентификации со стороны дискредитируемого пользователя.\r\nРеализация угрозы возможна в случае, если дискредитируемый пользователь сохраняет аутентификационную информацию с помощью браузера
43	Угроза нарушения доступности облачного сервера	Угроза заключается в возможности прекращения оказания облачных услуг всем потребителям (или группе потребителей) из-за нарушения доступности для них облачной инфраструктуры.\r\nДанная угроза обусловлена тем, что обеспечение доступности не является специфичным требованием безопасности информации для облачных технологий, и, кроме того, облачные системы реализованы в соответствии с сервис-ориентированным подходом.\r\nРеализация данной угрозы возможна при переходе одного или нескольких облачных серверов в состояние «отказ в обслуживании». Более того, способность динамически изменять объём предоставляемых потребителям облачных услуг может быть использована нарушителем для реализации угрозы. При этом успешно реализованная угроза в отношении всего лишь одного облачного сервиса позволит нарушить доступность всей облачной системы
44	Угроза нарушения изоляции пользовательских данных внутри виртуальной машины	Угроза заключается в возможности нарушения безопасности пользовательских данных программ, функционирующих внутри виртуальной машины, вредоносным программным обеспечением, функционирующим вне виртуальной машины.\r\nДанная угроза обусловлена наличием уязвимостей программного обеспечения гипервизора, обеспечивающего изолированность адресного пространства, используемого для хранения пользовательских данных программ, функционирующих внутри виртуальной машины, от несанкционированного доступа со стороны вредоносного программного обеспечения, функционирующего вне виртуальной машины.\r\nРеализация данной угрозы возможна при условии успешного преодоления вредоносным программным кодом границ виртуальной машины не только за счёт эксплуатации уязвимостей гипервизора, но и путём осуществления такого воздействия с более низких (по отношению к гипервизору) уровней функционирования системы
45	Угроза нарушения изоляции среды исполнения BIOS	Угроза заключается в возможности изменения параметров и (или) логики работы программного обеспечения BIOS/UEFI путём программного воздействия из операционной системы компьютера или путём несанкционированного доступа к каналу сетевого взаимодействия серверного сервис-процессора.\r\nДанная угроза обусловлена слабостями технологий разграничения доступа к BIOS/UEFI, его функциям администрирования и обновления, со стороны операционной системы или каналов связи.\r\nРеализация данной угрозы возможна:\r\nсо стороны операционной системы – при условии наличия BIOS/UEFI функционала обновления и (или) управления программным обеспечением BIOS/UEFI из операционной системы;\r\nсо стороны сети – при условии наличия у дискредитируемого серверного сервис-процессора достаточных привилегий для управления всей системой, включая модификацию BIOS/UEFI серверов системы, и дискредитируемого сервера
46	Угроза нарушения процедуры аутентификации субъектов виртуального информационного взаимодействия	Угроза заключается в возможности подмены субъекта виртуального информационного взаимодействия, а также в возможности возникновения состояния неспособности осуществления такого взаимодействия.\r\nДанная угроза обусловлена наличием множества различных протоколов взаимной идентификации и аутентификации виртуальных, виртуализованных и физических субъектов доступа, взаимодействующих между собой в ходе передачи данных как внутри одного уровня виртуальной инфраструктуры, так и между её уровнями.\r\nРеализация данной угрозы возможна в случае возникновения ошибок при проведении аутентификации субъектов виртуального информационного взаимодействия
47	Угроза нарушения работоспособности грид-системы при нетипичной сетевой нагрузке	Угроза заключается в возможности значительного снижения производительности грид-системы, вплоть до временного нарушения её работоспособности при появлении нетипичной сетевой нагрузки (в т.ч. вызванной распределённой DoS-атакой, активностью других пользователей в сети и др.).\r\nДанная угроза обусловлена слабостью технологий грид-вычислений – производительность грид-системы имеет сильную зависимость от загруженности каналов связи, что является следствием максимальной территориальной распределённости вычислительного модуля грид-системы среди всех типов информационных систем.\r\nРеализация данной угрозы возможна при условии недостаточного контроля за состоянием отдельных узлов грид-системы со стороны диспетчера задач грид-системы
48	Угроза нарушения технологии обработки информации путём несанкционированного внесения изменений в образы виртуальных машин	Угроза заключается в возможности осуществления деструктивного программного воздействия на дискредитируемую систему или опосредованного деструктивного программного воздействия через неё на другие системы путём осуществления несанкционированного доступа к образам виртуальных машин.\r\nДанная угроза обусловлена слабостями мер разграничения доступа к образам виртуальных машин, реализованных в программном обеспечении виртуализации.\r\nРеализация данной угрозы может привести:\r\nк нарушению конфиденциальности защищаемой информации, обрабатываемой с помощью виртуальных машин, созданных на основе несанкционированно изменённых образов;\r\nк нарушению целостности программ, установленных на виртуальных машинах;\r\nк нарушению доступности ресурсов виртуальных машин;\r\nк созданию ботнета путём внедрения вредоносного программного обеспечения в образы виртуальных машин, используемые в качестве шаблонов (эталонные образы)
49	Угроза нарушения целостности данных кеша	Угроза заключается в возможности размещения нарушителем в кеше приложения (например, браузера) или службы (например, DNS или ARP) некорректных (потенциально опасных) данных таким образом, что до обновления кеша дискредитируемое приложение (или служба) будет считать эти данные корректными. \r\nДанная угроза обусловлена слабостями в механизме контроля целостности данных в кеше.\r\nРеализация данной угрозы возможна в условиях осуществления нарушителем успешного несанкционированного доступа к данным кеша и отсутствии проверки целостности данных в кеше со стороны дискредитируемого приложения (или службы)
50	Угроза неверного определения формата входных данных, поступающих в хранилище больших данных	Угроза заключается в возможности искажения информации, сохраняемой в хранилище больших данных, или отказа в проведении сохранения при передаче в него данных в некоторых форматах.\r\nДанная угроза обусловлена слабостями технологий определения формата входных данных на основе дополнительной служебной информации (заголовки файлов и сетевых пакетов, расширения файлов и т.п.), а также технологий адаптивного выбора и применения методов обработки мультиформатной информации в хранилищах больших данных.\r\nРеализация данной угрозы возможна при условии, что дополнительная служебная информация о данных по какой-либо причине не соответствует их фактическому содержимому, или в хранилище больших данных не реализованы методы обработки данных получаемого формата
51	Угроза невозможности восстановления сессии работы на ПЭВМ при выводе из промежуточных состояний питания	Угроза заключается в возможности потери несохранённых данных, обрабатываемых в предыдущей сессии работы на компьютере, а также в возможности потери времени для возобновления работы на компьютере.\r\nДанная угроза обусловлена ошибками в реализации программно-аппаратных компонентов компьютера, связанных с обеспечением питания.\r\nРеализация данной угрозы возможна при условии невозможности выведения компьютера из промежуточных состояний питания («ждущего режима работы», «гибернации» и др.)
52	Угроза невозможности миграции образов виртуальных машин из-за несовместимости аппаратного и программного обеспечения	Угроза заключается в возможности возникновения у потребителя облачных услуг непреодолимых сложностей для смены поставщика облачных услуг из-за технических сложностей в реализации процедуры миграции образов виртуальных машин из облачной системы одного поставщика облачных услуг в систему другого.\r\nДанная угроза обусловлена тем, что каждый поставщик облачных услуг использует для реализации своей деятельности аппаратное и программное обеспечение различных производителей, часть которого может использовать специфические (для данного производителя) инструкции, протоколы, методы, схемы коммутации и другие особенности реализации своего функционала.\r\nРеализация данной угрозы возможна в случае несовместимости стандартных программных интерфейсов обмена данными (API) для реализации процедуры миграции образов виртуальных машин между различными поставщиками облачных услуг в одном или обоих направлениях.\r\nТакже данная угроза обуславливает ограничение возможности смены производителей аппаратного и программного обеспечения поставщиком облачных услуг, что может привести к нарушению целостности и доступности информации по вине поставщика облачных услуг
53	Угроза невозможности управления правами пользователей BIOS	Угроза заключается в возможности неправомерного использования пользователями декларированного функционала BIOS/UEFI, ориентированного на администраторов.\r\nДанная угроза обусловлена слабостями технологий разграничения доступа (распределения прав) к функционалу BIOS/UEFI между различными пользователями и администраторами.\r\nРеализация данной угрозы возможна при условии физического доступа к терминалу и, при необходимости, к системному блоку компьютера
54	Угроза недобросовестного исполнения обязательств поставщиками облачных услуг	Угроза заключается в возможности раскрытия или повреждения целостности поставщиком облачных услуг защищаемой информации потребителей облачных услуг, невыполнения требований к уровню качества (уровню доступности) предоставляемых потребителям облачных услуг доступа к их программам или иммигрированным в облако информационным системам.\r\nДанная угроза обусловлена невозможностью непосредственного контроля над действиями сотрудников поставщика облачных услуг со стороны их потребителей.\r\nРеализация данной угрозы возможна в случаях халатности со стороны сотрудников поставщика облачных услуг, недостаточности должностных и иных инструкций данных сотрудников, недостаточности мер по менеджменту и обеспечению безопасности облачных услуг и т.д.
55	Угроза незащищённого администрирования облачных услуг	Угроза заключается в возможности осуществления опосредованного деструктивного программного воздействия на часть или все информационные системы, функционирующие в облачной среде, путём перехвата управления над облачной инфраструктурой через механизмы удалённого администрирования.\r\nДанная угроза обусловлена недостаточностью внимания, уделяемого контролю вводимых пользователями облачных услуг данных (в том числе аутентификационных данных), а также уязвимостями небезопасных интерфейсов обмена данными (API), используемых средствами удалённого администрирования.\r\nРеализация данной угрозы возможна в случае получения нарушителем аутентификационной информации (при их вводе в общественных местах) легальных пользователей, или эксплуатации уязвимостей в средствах удалённого администрирования
56	Угроза некачественного переноса инфраструктуры в облако	Угроза заключается в возможности снижения реального уровня защищённости иммигрирующей в облако информационной системы из-за ошибок, допущенных при миграции в ходе преобразования её реальной инфраструктуры в облачную.\r\nДанная угроза обусловлена тем, что преобразование даже части инфраструктуры информационной системы в облачную зачастую требует проведения серьёзных изменений в такой инфраструктуре (например, в политиках безопасности и организации сетевого обмена данными).\r\nРеализация данной угрозы возможна в случае несовместимости программных и сетевых интерфейсов или несоответствий политик безопасности при осуществлении переноса информационной системы в облако
63	Угроза некорректного использования функционала программного и аппаратного обеспечения	Угроза заключается в возможности использования декларированных возможностей программных и аппаратных средств определённым (нестандартным, некорректным) способом с целью деструктивного воздействия на информационную систему и обрабатываемую ею информацию.\r\nДанная угроза связана со слабостями механизма обработки данных и команд, вводимых пользователями.\r\nРеализация данной угрозы возможна в случае наличия у нарушителя доступа к программным и аппаратным средствам
57	Угроза неконтролируемого копирования данных внутри хранилища больших данных	Угроза заключается в сложности контроля за всеми автоматически создаваемыми копиями информации в хранилище больших данных из-за временной несогласованности данных операций.\r\nДанная угроза обусловлена осуществлением дублирования (дву- или многократного) данных на различных вычислительных узлах, входящих в состав хранилища больших данных, с целью повышения скорости доступа к этим данным при большом количестве запросов чтения/записи. При этом данная операция является внутренней функцией и «непрозрачна» для конечных пользователей и администраторов хранилища больших данных.\r\nРеализация данной угрозы возможна при условии недостаточности мер по контролю за автоматически создаваемыми копиями информации, применяемых в хранилище больших данных
58	Угроза неконтролируемого роста числа виртуальных машин	Угроза заключается в возможности ограничения или нарушения доступности виртуальных ресурсов для конечных потребителей облачных услуг путём случайного или несанкционированного преднамеренного создания нарушителем множества виртуальных машин.\r\nДанная угроза обусловлена ограниченностью объёма дискового пространства, выделенного под виртуальную инфраструктуру, и слабостями технологий контроля процесса создания виртуальных машин.\r\nРеализация данной угрозы возможна при условии наличия у нарушителя прав на создание виртуальных машин в облачной инфраструктуре
59	Угроза неконтролируемого роста числа зарезервированных вычислительных ресурсов	Угроза заключается в возможности отказа легальным пользователям в выделении компьютерных ресурсов после осуществления нарушителем неправомерного резервирования всех свободных компьютерных ресурсов (вычислительных ресурсов и ресурсов памяти).\r\nДанная угроза обусловлена уязвимостями программного обеспечения уровня управления виртуальной инфраструктурой, реализующего функцию распределения компьютерных ресурсов между пользователями.\r\nРеализация данной угрозы возможна при условии успешного осуществления нарушителем несанкционированного доступа к программному обеспечению уровня управления виртуальной инфраструктурой, реализующему функцию распределения компьютерных ресурсов между пользователями
60	Угроза неконтролируемого уничтожения информации хранилищем больших данных	Угроза заключается в возможности удаления из хранилища некоторых обрабатываемых данных без уведомления конечного пользователя или администратора.\r\nДанная угроза обусловлена слабостями механизма автоматического удаления данных, не отвечающих определённым требованиям (предельный «срок жизни» в хранилище, конечная несогласованность с другими данными, создание копии в другом месте и т.п.).\r\nРеализация данной угрозы возможна при условии недостаточности реализованных в хранилище больших данных мер по контролю за автоматическим удалением данных
61	Угроза некорректного задания структуры данных транзакции	Угроза заключается в возможности совершения нарушителем (клиентом базы данных) подлога путём прерывания транзакции или подмены идентификатора транзакции. В первом случае происходит неполное выполнение транзакции, а во втором – пользователь форсированно завершает транзакцию, изменяя её ID, и сообщая о том, что транзакция не была проведена, тем самым провоцируя повторное проведение транзакции.\r\nДанная угроза обусловлена слабостями механизма контроля непрерывности транзакций и целостности данных, передаваемых в ходе транзакции между базой данных и её клиентом
62	Угроза некорректного использования прозрачного прокси-сервера за счёт плагинов браузера	Угроза заключается в возможности перенаправления или копирования обрабатываемых браузером данных через прозрачный прокси-сервер, подключённый к браузеру в качестве плагина.\r\nДанная угроза обусловлена слабостями механизма контроля доступа к настройкам браузера.\r\nРеализация возможна в случае успешного осуществления нарушителем включения режима использования прозрачного прокси-сервера в параметрах настройки браузера, например, в результате реализации угрозы межсайтового скриптинга
64	Угроза некорректной реализации политики лицензирования в облаке	Угроза заключается в возможности отказа потребителям облачных услуг в удалённом доступе к арендуемому программному обеспечению (т.е. происходит потеря доступности облачной услуги SaaS) по вине поставщика облачных услуг.\r\nДанная угроза обусловлена недостаточностью проработки вопроса управления политиками лицензирования использования программного обеспечения различных производителей в облаке.\r\nРеализация данной угрозы возможна при условии, что политика лицензирования использования программного обеспечения основана на ограничении количества его установок или числа его пользователей, а созданные виртуальные машины с лицензируемым программным обеспечением использованы много раз
65	Угроза неопределённости в распределении ответственности между ролями в облаке	Угроза заключается в возможности возникновения существенных разногласий между поставщиком и потребителем облачных услуг по вопросам, связанным с определением их прав и обязанностей в части обеспечения информационной безопасности.\r\nДанная угроза обусловлена отсутствием достаточного набора мер контроля за распределением ответственности между различными ролями в части владения данными, контроля доступа, поддержки облачной инфраструктуры и т. п.\r\nВозможность реализации данной угрозы повышается в случае использования облачных услуг, предоставляемых другими поставщиками (т.е. в случае использования схемы оказания облачных услуг с участием посредников)
66	Угроза неопределённости ответственности за обеспечение безопасности облака	Угроза заключается в возможности невыполнения ряда мер по защите информации как поставщиком облачных услуг, так и их потребителем.\r\nДанная угроза обусловлена отсутствием чёткого разделения ответственности в части обеспечения безопасности информации между потребителем и поставщиком облачных услуг.\r\nРеализация данной угрозы возможна при условии недостаточности документального разделения сфер ответственности между сторонами участвующими в оказании облачных услуг, а также отсутствия документального определения ответственности за несоблюдение требований безопасности
67	Угроза неправомерного ознакомления с защищаемой информацией	Угроза заключается в возможности неправомерного случайного или преднамеренного ознакомления пользователя с информацией, которая для него не предназначена, и дальнейшего её использования для достижения своих или заданных ему другими лицами (организациями) деструктивных целей.\r\nДанная угроза обусловлена уязвимостями средств контроля доступа, ошибками в параметрах конфигурации данных средств или отсутствием указанных средств.\r\nРеализация данной угрозы не подразумевает установку и использование нарушителем специального вредоносного программного обеспечения. При этом ознакомление может быть проведено путём просмотра информации с экранов мониторов других пользователей, с отпечатанных документов, путём подслушивания разговоров и др.
68	Угроза неправомерного/некорректного использования интерфейса взаимодействия с приложением	Угроза заключается в возможности осуществления нарушителем деструктивного программного воздействия на API в целях реализации функций, изначально не предусмотренных дискредитируемым приложением (например, использование функций отладки из состава API).\r\nДанная угроза обусловлена наличием слабостей в механизме проверки входных данных и команд API, используемого программным обеспечением.\r\nРеализация данной угрозы возможна в условиях наличия у нарушителя доступа к API и отсутствия у дискредитируемого приложения механизма проверки вводимых данных и команд
69	Угроза неправомерных действий в каналах связи	Угроза заключается в возможности внесения нарушителем изменений в работу сетевых протоколов путём добавления или удаления данных из информационного потока с целью оказания влияния на работу дискредитируемой системы или получения доступа к конфиденциальной информации, передаваемой по каналу связи.\r\nДанная угроза обусловлена слабостями сетевых протоколов, заключающимися в отсутствии проверки целостности и подлинности получаемых данных. \r\nРеализация данной угрозы возможна при условии осуществления нарушителем несанкционированного доступа к сетевому трафику
70	Угроза непрерывной модернизации облачной инфраструктуры	Угроза заключается в возможности занесения в облачную систему уязвимостей и слабостей вместе с добавлением нового программного или аппаратного обеспечения. При этом система, рассматриваемая как защищённая на этапе ввода её в эксплуатацию, уже не может считаться таковой после её модернизации.\r\nДанная угроза обусловлена тем, что, во-первых, поставщики облачных услуг предоставляют возможность осуществления потребителем облачных услуг выбора и (или) изменения первоначального состава программного обеспечения облачной инфраструктуры в процессе оказания таких услуг, а, во-вторых, при интенсивном подключении новых потребителей модернизация облачной инфраструктуры может проходить несколько раз в год.\r\nРеализация данной угрозы возможна в случае, если срок до следующей модернизации не превышает срока проведения оценки соответствия системы требованиям безопасности в условиях отсутствия системы менеджмента облачных услуг и обеспечения их безопасности (системы облачного менеджмента)
71	Угроза несанкционированного восстановления удалённой защищаемой информации	Угроза заключается в возможности осуществления прямого доступа (доступа с уровней архитектуры более низких по отношению к уровню операционной системы) к данным, хранящимся на машинном носителе информации, или восстановления данных по считанной с машинного носителя остаточной информации.\r\nДанная угроза обусловлена слабостями механизма удаления информации с машинных носителей – информация, удалённая с машинного носителя, в большинстве случаев может быть восстановлена.\r\nРеализация данной угрозы возможна при следующих условиях:\r\nудаление информации с машинного носителя происходило без использования способов (методов, алгоритмов) гарантированного стирания данных (например, физическое уничтожение машинного носителя информации);\r\nтехнологические особенности машинного носителя информации не приводят к гарантированному уничтожению информации при получении команды на стирание данных;\r\nинформация не хранилась в криптографически преобразованном виде
72	Угроза несанкционированного выключения или обхода механизма защиты от записи в BIOS	Угроза заключается в возможности внедрения в BIOS/UEFI вредоносного программного кода после ошибочного или злонамеренного выключения пользователем механизма защиты BIOS/UEFI от записи, а также в возможности установки неподписанного обновления в обход механизма защиты от записи в BIOS/UEFI.\r\nДанная угроза обусловлена слабостями мер по разграничению доступа к управлению механизмом защиты BIOS/UEFI от записи, а также уязвимостями механизма обновления BIOS/UEFI, приводящими к переполнению буфера.\r\nРеализация данной угрозы возможна в одном из следующих условий:\r\nвыключенном механизме защиты BIOS/UEFI от записи;\r\nуспешной эксплуатации нарушителем уязвимости механизма обновления BIOS/UEFI, приводящей к переполнению буфера
73	Угроза несанкционированного доступа к активному и (или) пассивному виртуальному и (или) физическому сетевому оборудованию из физической и (или) виртуальной сети	Угроза заключается в возможности изменения вредоносными программами алгоритма работы программного обеспечения сетевого оборудования и (или) параметров его настройки путём эксплуатации уязвимостей программного и (или) микропрограммного обеспечения указанного оборудования.\r\nДанная угроза обусловлена ограниченностью функциональных возможностей (наличием слабостей) активного и (или) пассивного виртуального и (или) физического сетевого оборудования, входящего в состав виртуальной инфраструктуры, наличием у данного оборудования фиксированного сетевого адреса.\r\nРеализация данной угрозы возможна при условии наличия уязвимостей в программном и (или) микропрограммном обеспечении сетевого оборудования
74	Угроза несанкционированного доступа к аутентификационной информации	Угроза заключается в возможности извлечения паролей, имён пользователей или других учётных данных из оперативной памяти компьютера или хищения (копирования) файлов паролей (в том числе хранящихся в открытом виде) с машинных носителей информации
75	Угроза несанкционированного доступа к виртуальным каналам передачи	Угроза заключается в возможности осуществления нарушителем несанкционированного перехвата трафика сетевых узлов, недоступных с помощью сетевых технологий, отличных от сетевых технологий виртуализации, путём некорректного использования таких технологий.\r\nДанная угроза обусловлена слабостями мер контроля потоков, межсетевого экранирования и разграничения доступа, реализованных в отношении сетевых технологий виртуализации (с помощью которых строятся виртуальные каналы передачи данных).\r\nРеализация данной угрозы возможна при наличии у нарушителя привилегий на осуществление взаимодействия с помощью сетевых технологий виртуализации
76	Угроза несанкционированного доступа к гипервизору из виртуальной машины и (или) физической сети	Угроза заключается в возможности приведения нарушителем всей (если гипервизор – один) или части (если используется несколько взаимодействующих между собой гипервизоров) виртуальной инфраструктуры в состояние «отказ в обслуживании» путём осуществления деструктивного программного воздействия на гипервизор из запущенных в созданной им виртуальной среде виртуальных машин, или осуществления воздействия на гипервизор через его подключение к физической вычислительной сети.\r\nДанная угроза обусловлена наличием множества разнообразных интерфейсов взаимодействия между гипервизором и виртуальной машиной и (или) физической сетью, уязвимостями гипервизора, а также уязвимостями программных средств и ограниченностью функциональных возможностей аппаратных средств, используемых для обеспечения его работоспособности.\r\nРеализация данной угрозы возможна в одном из следующих случаев:\r\nналичие у нарушителя привилегий, достаточных для осуществления деструктивного программного воздействия из виртуальных машин;\r\nналичие у гипервизора активного интерфейса взаимодействия с физической вычислительной сетью
77	Угроза несанкционированного доступа к данным за пределами зарезервированного адресного пространства, в том числе выделенного под виртуальное аппаратное обеспечение	Угроза заключается в возможности нарушения вредоносной программой, функционирующей внутри виртуальной машины, целостности программного кода своей и (или) других виртуальных машин, функционирующих под управлением того же гипервизора, а также изменения параметров её (их) настройки.\r\nДанная угроза обусловлена наличием слабостей программного обеспечения гипервизора, обеспечивающего изолированность адресного пространства, используемого для хранения не только защищаемой информации и программного кода обрабатывающих её программ, но и программного кода, реализующего виртуальное аппаратное обеспечение (виртуальные устройства обработки, хранения и передачи данных), от несанкционированного доступа со стороны вредоносной программы, функционирующей внутри виртуальной машины.\r\nРеализация данной угрозы возможна при условии успешного осуществления несанкционированного доступа со стороны вредоносной программы, функционирующей внутри виртуальной машины, к данным, хранящимся за пределами зарезервированного под пользовательские данные адресного пространства данной виртуальной машины
78	Угроза несанкционированного доступа к защищаемым виртуальным машинам из виртуальной и (или) физической сети	Угроза заключается в возможности осуществления нарушителем деструктивного программного воздействия на виртуальные машины из виртуальной и (или) физической сети как с помощью стандартных (не виртуальных) сетевых технологий, так и с помощью сетевых технологий виртуализации.\r\nДанная угроза обусловлена наличием у создаваемых виртуальных машин сетевых адресов и возможностью осуществления ими сетевого взаимодействия с другими субъектами.\r\nРеализация данной угрозы возможна при условии наличия у нарушителя сведений о сетевом адресе виртуальной машины, а также текущей активности виртуальной машины на момент осуществления нарушителем деструктивного программного воздействия
79	Угроза несанкционированного доступа к защищаемым виртуальным машинам со стороны других виртуальных машин	Угроза заключается в возможности осуществления деструктивного программного воздействия на защищаемые виртуальные машины со стороны других виртуальных машин с помощью различных механизмов обмена данными между виртуальными машинами, реализуемых гипервизором и активированных в системе.\r\nДанная угроза обусловлена слабостями механизма обмена данными между виртуальными машинами и уязвимостями его реализации в конкретном гипервизоре.\r\nРеализация данной угрозы возможна при условии наличия у нарушителя привилегий, достаточных для использования различных механизмов обмена данными между виртуальными машинами, реализованных в гипервизоре и активированных в системе
86	Угроза несанкционированного изменения аутентификационной информации	Угроза заключается в возможности осуществления неправомерного доступа нарушителем к аутентификационной информации других пользователей с помощью штатных средств операционной системы или специальных программных средств.\r\nДанная угроза обусловлена наличием слабостей мер разграничения доступа к информации аутентификации.\r\nРеализация данной угрозы может способствовать дальнейшему проникновению нарушителя в систему под учётной записью дискредитированного пользователя
80	Угроза несанкционированного доступа к защищаемым виртуальным устройствам из виртуальной и (или) физической сети	Угроза заключается в возможности удалённого осуществления нарушителем несанкционированного доступа к виртуальным устройствам из виртуальной и (или) физической сети с помощью различных сетевых технологий, используемых для осуществления обмена данными в системе, построенной с использованием технологий виртуализации.\r\nДанная угроза обусловлена наличием слабостей в сетевых программных интерфейсах гипервизоров, предназначенных для удалённого управления составом и конфигурацией виртуальных устройств, созданных (создаваемых) данными гипервизорами.\r\nРеализация данной угрозы возможна при условии наличия у нарушителя привилегий достаточных для осуществления обмена данными в системе, построенной с использованием технологий виртуализации
81	Угроза несанкционированного доступа к локальному компьютеру через клиента грид-системы	Угроза заключается в возможности выполнения нарушителем сетевого входа на узел грид-системы с правами одной из учётных записей, соответствующей программным процессам системы управления заданиями, с последующим получением доступа к закрытой части криптографических сертификатов, используемых для установления связи в грид-системе.\r\nДанная угроза обусловлена наличием уязвимостей в клиенте грид-системы (клиентского программного обеспечения, устанавливаемого в узлах грид-системы), эксплуатация которых позволяет нарушителю осуществлять операции чтения и записи в объектах локальной файловой системы компьютера, отправку сигналов программным процессам (включая сигналы прекращения работы), операции чтения и записи в память программных процессов, соответствующих связующему программному обеспечению и грид-заданиям, открытия сетевых соединений в локальных и внешних узлах грид-системы.\r\nРеализация данной угрозы возможна при условии внедрения вредоносного программного кода в систему управления заданиями. Фактически наличие в узле грид-системы неизвестного его владельцу программного обеспечения (клиента грид-системы), проводящего неизвестные вычисления, является «черным ящиком», через который (путём эксплуатации уязвимостей или программных закладок) нарушитель может осуществить противоправные действия по отношению к хранящейся в узле грид-системы защищаемой информации (личной информации владельца узла)
82	Угроза несанкционированного доступа к сегментам вычислительного поля	Угроза заключается в возможности осуществления несанкционированного доступа нарушителя к исходным данным, промежуточным и окончательным результатам расчётов других пользователей суперкомпьютера, а также случайное или преднамеренное деструктивное воздействие процессов решения одних задач на процессы и результаты решения других вычислительных задач.\r\nДанная угроза обусловлена слабостями механизма разграничения доступа субъектов к сегментам вычислительных полей суперкомпьютера.\r\nРеализация данной угрозы возможна при выполнении задач различных пользователей суперкомпьютера на одном вычислительном поле суперкомпьютера
83	Угроза несанкционированного доступа к системе по беспроводным каналам	Угроза заключается в возможности получения нарушителем доступа к ресурсам всей дискредитируемой информационной системы через используемые в ее составе беспроводные каналы передачи данных.\r\nДанная угроза обусловлена слабостями протоколов идентификации/аутентификации (таких как WEP, WPA и WPA2, AES), используемых для доступа к беспроводному оборудованию.\r\nРеализация данной угрозы возможна при условии наличия у нарушителя специализированного программного обеспечения, реализующего функции эксплуатации уязвимостей протоколов идентификации/аутентификации беспроводных сетей, а также нахождения в точке приема сигналов дискредитируемой беспроводной сети
84	Угроза несанкционированного доступа к системе хранения данных из виртуальной и (или) физической сети	Угроза заключается в возможности осуществления деструктивного программного воздействия на виртуальные устройства хранения данных и (или) виртуальные диски (являющиеся как сегментами виртуального дискового пространства, созданного отдельным виртуальным устройством, так и единым виртуальным дисковым пространством, созданным путём логического объединения нескольких виртуальных устройств хранения данных).\r\nДанная угроза обусловлена наличием слабостей применяемых технологий распределения информации по различным виртуальным устройствам хранения данных и (или) виртуальным дискам, а также слабостей технологии единого виртуального дискового пространства. Указанные слабости связаны с высокой сложностью алгоритмов обеспечения согласованности действий по распределению информации в рамках единого виртуального дискового пространства, а также взаимодействия с виртуальными и физическими каналами передачи данных для обеспечения работы в рамках одного дискового пространства.\r\nРеализация данной угрозы возможна при условии наличия у нарушителя специальных программных средств, способных эксплуатировать слабости технологий, использованных при построении системы хранения данных (сетевых технологий, технологий распределения информации и др.)
85	Угроза несанкционированного доступа к хранимой в виртуальном пространстве защищаемой информации	Угроза заключается в возможности нарушения конфиденциальности информации, содержащейся в распределённых файлах, содержащих защищаемую информацию, путём восстановления данных распределённых файлов из их множества отдельных фрагментов с помощью программного обеспечения и информационных технологий по обработке распределённой информации.\r\nДанная угроза обусловлена тем, что в связи с применением множества технологий виртуализации, предназначенных для работы с данными (распределение данных внутри виртуальных и логических дисков, распределение данных между такими дисками, распределение данных между физическими и виртуальными накопителями единого дискового пространства, выделение областей дискового пространства в виде отдельных дисков и др.), практически все файлы хранятся в виде множества отдельных сегментов.\r\nРеализация данной угрозы возможна при условии недостаточности или отсутствия мер по обеспечению конфиденциальности информации, хранящейся на отдельных накопителях
88	Угроза несанкционированного копирования защищаемой информации	Угроза заключается в возможности неправомерного получения нарушителем копии защищаемой информации путём проведения последовательности неправомерных действий, включающих: несанкционированный доступ к защищаемой информации, копирование найденной информации на съёмный носитель (или в другое место, доступное нарушителю вне системы).\r\nДанная угроза обусловлена слабостями механизмов разграничения доступа к защищаемой информации и контроля доступа лиц в контролируемой зоне.\r\nРеализация данной угрозы возможна в случае отсутствия криптографических мер защиты или снятия копии в момент обработки защищаемой информации в нешифрованном виде
89	Угроза несанкционированного редактирования реестра	Угроза заключается в возможности внесения нарушителем изменений в используемый дискредитируемым приложением реестр, которые влияют на функционирование отдельных сервисов приложения или приложения в целом. При этом под реестром понимается не только реестр операционной системы Microsoft Windows, а любой реестр, используемый приложением. Изменение реестра может быть как этапом при осуществлении другого деструктивного воздействия, так и основной целью.\r\nДанная угроза обусловлена слабостями механизма контроля доступа, заключающимися в присвоении реализующим его программам слишком высоких привилегий при работе с реестром.\r\nРеализация данной угрозы возможна в случае получения нарушителем прав на работу с программой редактирования реестра
90	Угроза несанкционированного создания учётной записи пользователя	Угроза заключается в возможности создания нарушителем в системе дополнительной учётной записи пользователя и её дальнейшего использования в собственных неправомерных целях (входа в систему с правами этой учётной записи и осуществления деструктивных действий по отношению к дискредитированной системе или из дискредитированной системы по отношению к другим системам).\r\nДанная угроза обусловлена слабостями механизмов разграничения доступа к защищаемой информации.\r\nРеализация данной угрозы возможна в случае наличия и прав на запуск специализированных программ для редактирования файлов, содержащих сведения о пользователях системы (при удалённом доступе) или штатных средств управления доступом из состава операционной системы (при локальном доступе)
91	Угроза несанкционированного удаления защищаемой информации	Угроза заключается в возможности причинения нарушителем экономического, информационного, морального и других видов ущерба собственнику и оператору неправомерно удаляемой информации путём осуществления деструктивного программного или физического воздействия на машинный носитель информации.\r\nДанная угроза обусловлена недостаточностью мер по обеспечению доступности защищаемой информации в системе, а равно и наличием уязвимостей в программном обеспечении, реализующим данные меры.\r\nРеализация данной угрозы возможна в случае получения нарушителем системных прав на стирание данных или физического доступа к машинному носителю информации на расстояние, достаточное для оказания эффективного деструктивного воздействия
92	Угроза несанкционированного удалённого внеполосного доступа к аппаратным средствам	Угроза заключается в возможности получения нарушителем привилегий управления системой путём использования удалённого внеполосного (по независимому вспомогательному каналу TCP/IP) доступа.\r\nДанная угроза обусловлена невозможностью контроля за механизмом, реализующего функции удалённого доступа на аппаратном уровне, на уровне операционной системы, а также независимостью от состояния питания аппаратных устройств, т.к. данный механизм предусматривает процедуру удалённого включения/выключения аппаратных устройств.\r\nРеализация данной угрозы возможна в условиях:\r\nналичия в системе аппаратного обеспечения, поддерживающего технологию удалённого внеполосного доступа;\r\nналичия подключения системы к сетям общего пользования (сети Интернет)
93	Угроза несанкционированного управления буфером	Угроза заключается в возможности осуществления нарушителем несанкционированного доступа к данным, содержащимся в буфере обмена, в интересах ознакомления с хранящейся там информацией или осуществления деструктивного программного воздействия на систему (например, переполнение буфера для выполнения произвольного вредоносного кода).\r\nДанная угроза обусловлена слабостями в механизме разграничения доступа к буферу обмена, а также слабостями в механизмах проверки вводимых данных.\r\nРеализация данной угрозы возможна в случае осуществления нарушителем успешного несанкционированного доступа к сегменту оперативной памяти дискредитируемого объекта, в котором расположен буфер обмена
94	Угроза несанкционированного управления синхронизацией и состоянием	Угроза заключается в возможности изменения нарушителем последовательности действий, выполняемых дискредитируемыми приложениями, использующими в своей работе технологии управления процессами на основе текущего времени и состояния информационной системы (например, текущих значений глобальных переменных, наличия запущенных процессов и др.), или в возможности модификации настроек и изменения режимов работы промышленных роботов, приводящих к вмешательству в производственный процесс и хищению хранящейся в памяти роботов информации (исходного кода, параметров продукции и др.).\r\nДанная угроза основана на слабостях механизма управления синхронизацией и состоянием, позволяющих нарушителю вносить изменения в его работу в определённые промежутки времени, или отсутствии механизмов аутентификации и авторизации.\r\nРеализация данной угрозы возможна при условии наличия у нарушителя возможности:\r\nконтролировать состояние дискредитируемого приложения (этапы выполнения алгоритма) или промышленных роботов;\r\nотслеживать моменты времени, когда дискредитируемое приложение временно прерывает свою работу с глобальными данными;\r\nвыполнить деструктивные действия в определённые моменты времени (например, внести изменения в файл с данными или изменить содержимое ячейки памяти)
95	Угроза несанкционированного управления указателями	Угроза заключается в возможности выполнения нарушителем произвольного вредоносного кода от имени дискредитируемого приложения или приведения дискредитируемого приложения в состояние «отказ в обслуживании» путём изменения указателей на ячейки памяти, содержащие определённые данные, используемые дискредитируемым приложением.\r\nДанная угроза связана с уязвимостями в средствах разграничения доступа к памяти и контроля целостности содержимого ячеек памяти.\r\nРеализация данной угрозы возможна при условии наличия у нарушителя привилегий на изменение указателей, используемых дискредитируемым приложением
96	Угроза несогласованности политик безопасности элементов облачной инфраструктуры	Угроза заключается в возможности осуществления нарушителем деструктивных программных воздействий как в отношении поставщиков, так и потребителей облачных услуг.\r\nДанная угроза обусловлена недостаточностью проработки вопроса управления политиками безопасности элементов облачной инфраструктуры вследствие значительной распределённости облачной инфраструктуры.\r\nРеализация данной угрозы возможна при условии использования различных политик безопасности, несогласованных между собой (например, одно средство защиты может отказать в доступе, а другое – предоставить доступ)
97	Угроза несогласованности правил доступа к большим данным	Угроза заключается в возможности предоставления ошибочного неправомерного доступа к защищаемой информации или, наоборот, возможности отказа в доступе к защищаемой информации легальным пользователям в силу ошибок, допущенных при делегировании им привилегий другими легальными пользователями хранилища больших данных.\r\nДанная угроза обусловлена недостаточностью мер по разграничению и согласованию доступа к информации различных пользователей в хранилище больших данных.\r\nРеализация данной угрозы возможна при условии использования различных политик безопасности, несогласованных между собой (например, одно средство защиты может отказать в доступе, а другое – предоставить доступ)
113	Угроза перезагрузки аппаратных и программно-аппаратных средств вычислительной техники	Угроза заключается в возможности сброса пользователем (нарушителем) состояния оперативной памяти (обнуления памяти) путём случайного или намеренного осуществления перезагрузки отдельных устройств, блоков или системы в целом.\r\nДанная угроза обусловлена свойством оперативной памяти обнулять своё состояние при выключении и перезагрузке.\r\nРеализация данной угрозы возможна как аппаратным способом (нажатием кнопки), так и программным (локально или удалённо) при выполнении следующих условий:\r\nналичие в системе открытых сессий работы пользователей;\r\nналичие у нарушителя прав в системе (или физической возможности) на осуществление форсированной перезагрузки
98	Угроза обнаружения открытых портов и идентификации привязанных к ним сетевых служб	Угроза заключается в возможности определения нарушителем состояния сетевых портов дискредитируемой системы (т.н. сканирование портов) для получения сведений о возможности установления соединения с дискредитируемой системой по данным портам, конфигурации самой системы и установленных средств защиты информации, а также других сведений, позволяющих нарушителю определить по каким портам деструктивные программные воздействия могут быть осуществлены напрямую, а по каким – только с использованием специальных техник обхода межсетевых экранов.\r\nДанная угроза связана с уязвимостями и ошибками конфигурирования средств межсетевого экранирования и фильтрации сетевого трафика, используемых в дискредитируемой системе.\r\nРеализация данной угрозы возможна при условии наличия у нарушителя подключения к дискредитируемой вычислительной сети и специализированного программного обеспечения, реализующего функции сканирования портов и анализа сетевого трафика
99	Угроза обнаружения хостов	Угроза заключается в возможности сканирования нарушителем вычислительной сети для выявления работающих сетевых узлов. \r\nДанная угроза связана со слабостями механизмов сетевого взаимодействия, предоставляющих клиентам сети открытую техническую информацию о сетевых узлах, а также с уязвимостями и ошибками конфигурирования средств межсетевого экранирования и фильтрации сетевого трафика, используемых в дискредитируемой системе.\r\nРеализация данной угрозы возможна при условии наличия у нарушителя подключения к дискредитируемой вычислительной сети и специализированного программного обеспечения, реализующего функции анализа сетевого трафика
100	Угроза обхода некорректно настроенных механизмов аутентификации	Угроза заключается в возможности получения нарушителем привилегий в системе без прохождения процедуры аутентификации за счёт выполнения действий, нарушающих условия корректной работы средств аутентификации (например, ввод данных неподдерживаемого формата).\r\nДанная угроза обусловлена в случае некорректных значений параметров конфигурации средств аутентификации и/или отсутствием контроля входных данных.\r\nРеализация данной угрозы возможна при условии наличия ошибок в заданных значениях параметров настройки механизмов аутентификации
101	Угроза общедоступности облачной инфраструктуры	Угроза заключается в возможности осуществления несанкционированного доступа к защищаемой информации одного потребителя облачных услуг со стороны другого.\r\nДанная угроза обусловлена тем, что из-за особенностей облачных технологий потребителям облачных услуг приходится совместно использовать одну и ту же облачную инфраструктуру.\r\nРеализация данной угрозы возможна в случае допущения ошибок при разделении элементов облачной инфраструктуры между потребителями облачных услуг, а также при изоляции их ресурсов и обособлении данных друг от друга
102	Угроза опосредованного управления группой программ через совместно используемые данные	Угроза заключается в возможности опосредованного изменения нарушителем алгоритма работы группы программ, использующих одновременно общие данные, через перехват управления над одной из них (ячейки оперативной памяти, глобальные переменные, файлы конфигурации и др.).\r\nДанная угроза обусловлена наличием слабостей в механизме контроля внесённых изменений в общие данные каждой из программ в группе.\r\nРеализация данной угрозы возможна в случае успешного перехвата нарушителем управления над одной из программ в группе программ, использующих общие данные
122	Угроза повышения привилегий	Угроза заключается в возможности осуществления нарушителем деструктивного программного воздействия на дискредитируемый процесс (или систему) или на другие процессы (или системы) от его (её) имени путём эксплуатации неправомерно полученных нарушителем дополнительных прав на управление дискредитированным объектом.\r\nДанная угроза обусловлена уязвимостями программного обеспечения, выполняющего функции разграничения доступа (в алгоритме или параметрах конфигурации).\r\nРеализация данной угрозы возможна при наличии у нарушителя программного обеспечения (типа «эксплойт»), специально разработанного для реализации данной угрозы в дискредитируемой системе
103	Угроза определения типов объектов защиты	Угроза заключается в возможности проведения нарушителем анализа выходных данных дискредитируемой системы с помощью метода, позволяющего определить точные значения параметров и свойств, однозначно присущих дискредитируемой системе (данный метод известен как «fingerprinting», с англ. «дактилоскопия»). Использование данного метода не наносит прямого вреда дискредитируемой системе. Однако сведения, собранные таким образом, позволяют нарушителю выявить слабые места дискредитируемой системы, которые могут быть использованы в дальнейшем при реализации других угроз.\r\nДанная угроза обусловлена ошибками в параметрах конфигурации средств межсетевого экранирования, а также с отсутствием механизмов контроля входных и выходных данных.\r\nРеализация данной угрозы возможна в случае наличия у нарушителя сведений о взаимосвязи выходных данных с конфигурацией дискредитируемой системы (документация на программные средства, стандарты передачи данных, спецификации и т.п.)
104	Угроза определения топологии вычислительной сети	Угроза заключается в возможности определения нарушителем состояния сетевых узлов дискредитируемой системы (т.н. сканирование сети) для получения сведений о топологии дискредитируемой вычислительной сети, которые могут быть использованы в дальнейшем при попытках реализации других угроз.\r\nДанная угроза связана со слабостями механизмов сетевого взаимодействия, предоставляющих клиентам сети открытую техническую информацию о сетевых узлах, а также с уязвимостями средств межсетевого экранирования (алгоритма работы и конфигурации правил фильтрации сетевого трафика).\r\nРеализация данной угрозы возможна в случае наличия у нарушителя возможности подключения к исследуемой вычислительной сети и наличием специализированного программного обеспечения, реализующего функцию анализа сетевого трафика
105	Угроза отказа в загрузке входных данных неизвестного формата хранилищем больших данных	Угроза заключается в возможности отказа хранилищем больших данных в приёме входных данных неизвестного формата от легального пользователя.\r\nДанная угроза обусловлена отсутствием в хранилище больших данных механизма самостоятельной (автоматической) адаптации к новым форматам данных.\r\nРеализация данной угрозы возможна при условии поступления запроса на загрузку в хранилище входных данных неизвестного формата
106	Угроза отказа в обслуживании системой хранения данных суперкомпьютера	Угроза заключается в возможности значительного замедления работы терминальных сессий всех пользователей суперкомпьютера, вплоть до достижения всем суперкомпьютером состояния «отказ в обслуживании» при превышении максимально достижимой нагрузки на параллельную файловую систему суперкомпьютера.\r\nДанная угроза обусловлена значительным повышением числа и объёма сохраняемых на накопитель данных для некоторых вычислительных задач.\r\nРеализация данной угрозы возможна при условии интенсивного файлового ввода-вывода в кластерной файловой подсистеме суперкомпьютера, основанной на использовании параллельной файловой системы
107	Угроза отключения контрольных датчиков	Угроза заключается в возможности обеспечения нарушителем информационной изоляции системы безопасности путём прерывания канала связи с контрольными датчиками, следящими за параметрами состояния системы, или нарушения работы самих датчиков. При этом система перестанет реагировать как на инциденты безопасности (если отключённые датчики являлись частью системы безопасности, например, датчики движения), так и на другие типы инцидентов (например, при отключении датчиков пожарной сигнализации, повышения давления в гидроагрегатах и др.).\r\nДанная угроза обусловлена слабостями мер защиты информации в автоматизированных системах управления технологическими процессами, а также наличием уязвимостей в программном обеспечении, реализующим данные меры.\r\nРеализация данной угрозы возможна при условии получения доступа (физического или программного) к линиям связи системы безопасности с контрольными датчиками или к самим датчикам
108	Угроза ошибки обновления гипервизора	Угроза заключается в возможности дискредитации нарушителем функционирующих на базе гипервизора защитных механизмов, предотвращающих несанкционированный доступ к образам виртуальных машин, из-за ошибок его обновления.\r\nДанная угроза обусловлена зависимостью функционирования каждого виртуального устройства и каждого виртуализированного субъекта доступа, а также всей виртуальной инфраструктуры (или её части, если используется более одного гипервизора) от работоспособности гипервизора.\r\nРеализация данной угрозы возможна при условии возникновения ошибок в процессе обновления гипервизора:\r\nсбоев в процессе его обновления;\r\nобновлений, в ходе которых внедряются новые ошибки в код гипервизора;\r\nобновлений, в ходе которых в гипервизор внедряется программный код, вызывающий несовместимость гипервизора со средой его функционирования;\r\nдругих инцидентов безопасности информации
109	Угроза перебора всех настроек и параметров приложения	Угроза заключается в возможности получения нарушителем доступа к дополнительному скрытому функционалу (информация о котором не была опубликована разработчиком) или приведению системы в состояние «отказ в обслуживании» при задании нарушителем некоторых параметров конфигурации программы, достигая таких значений параметров путём перебора всех возможных комбинаций.\r\nДанная угроза обусловлена уязвимостями программного обеспечения, проявляющимися при его неправильной конфигурации.\r\nРеализация данной угрозы возможна при условии наличия у нарушителя привилегий на изменение конфигурации программного обеспечения. При реализации данной угрозы, в отличии от других подобных угроз, нарушитель действует «вслепую» – простым путём перебора всевозможных комбинаций
110	Угроза перегрузки грид-системы вычислительными заданиями	Угроза заключается в возможности снижения пропускной способность ресурсных центров при отправке большого количества заданий одним пользователем (нарушителем) случайно или намеренно, что может сделать невозможной постановку заданий другими пользователями грид-системы в очередь на выполнение.\r\nДанная угроза обусловлена слабостями мер по контролю в грид-системе за количеством вычислительных заданий, запускаемых пользователями грид-системы.\r\nРеализация данной угрозы возможна при условии наличия у нарушителя прав на постановку заданий в очередь на выполнение грид-системой
111	Угроза передачи данных по скрытым каналам	Угроза заключается в возможности осуществления нарушителем неправомерного вывода защищаемой информации из системы, а также передаче управляющих команд путём её нестандартного (незаметного, скрытого) размещения в легитимно передаваемых по сети (или сохраняемых на отчуждаемые носители) открытых данных путём её маскирования под служебные протоколы, сокрытия в потоке других данных (стеганография), использования скрытых пикселей («пикселей отслеживания») и т.п.\r\nДанная угроза обусловлена недостаточностью мер защиты информации от утечки, а также контроля потоков данных.\r\nРеализация данной угрозы возможна при:\r\nналичии у нарушителя прав в дискредитируемой системе на установку специализированного программного обеспечения, реализующего функции внедрения в пакеты данных, формируемых для передачи в системе, собственной информации;\r\nдоступа к каналам передачи данных;\r\nпосещении пользователем сайтов в сети Интернет и открытия электронных писем, содержащих скрытые пиксели
112	Угроза передачи запрещённых команд на оборудование с числовым программным управлением	Угроза заключается в возможности повреждения нарушителем исполнительных механизмов, заготовки и (или) обрабатывающего инструмента оборудования с числовым программным управлением путём передачи на него команд, приводящих к перемещению обрабатывающего инструмента за допустимые пределы (т.е. команд, запрещённых для оборудования с числовым программным управлением).\r\nДанная угроза обусловлена слабостями мер по защите оборудования с числовым программным управлением от выполнения запрещённых команд.\r\nРеализация данной угрозы возможна при наличии у нарушителя привилегий на передачу команд на оборудование с числовым программным управлением или возможности изменения команд, передаваемых легальным пользователем
114	Угроза переполнения целочисленных переменных	Угроза заключается в возможности приведения нарушителем дискредитируемого приложения к сбоям в работе путём подачи на его входные интерфейсы данных неподдерживаемого формата или выполнения с его помощью операции, в результате которой будут получены данные неподдерживаемого дискредитируемым приложением формата.\r\nДанная угроза обусловлена уязвимостями программного обеспечения, связанными с недостаточной проверкой такими приложениями корректности входных данных, а также тем, что операторы любого программного обеспечения способны правильно обрабатывать только определённые типы данных (например, только целые или только положительные числа).\r\nРеализация данной угрозы возможна при условии наличия у нарушителя:\r\nсведений о номенклатуре поддерживаемых дискредитируемым приложением форматов входных (или обрабатываемых) данных;\r\nвозможности взаимодействия с входным интерфейсом дискредитируемого приложения
115	Угроза перехвата вводимой и выводимой на периферийные устройства информации	Угроза заключается в возможности осуществления нарушителем несанкционированного доступа к информации, вводимой и выводимой на периферийные устройства, путём перехвата данных, обрабатываемых контроллерами периферийных устройств.\r\nДанная угроза обусловлена недостаточностью мер защиты информации от утечки и контроля потоков данных, а также невозможностью осуществления защиты вводимой и выводимой на периферийные устройства информации с помощью криптографических средств (т.к. представление пользователям системы информации должно осуществляться в доступном для понимания виде).\r\nРеализация данной угрозы возможна при условии наличия у нарушителя привилегий на установку и запуск специализированных вредоносных программ, реализующих функции «клавиатурных шпионов» (для получения нарушителем паролей пользователей), виртуальных драйверов принтеров (перехват документов, содержащих защищаемую информацию) и др.
116	Угроза перехвата данных, передаваемых по вычислительной сети	Угроза заключается в возможности осуществления нарушителем несанкционированного доступа к сетевому трафику дискредитируемой вычислительной сети в пассивном («прослушивание» трафика) или активном (подмена пакетов, изменение их содержимого) режиме для сбора и анализа сведений (например, аутентификационной информации), которые могут быть использованы в дальнейшем для реализации других угроз, оставаясь при реализации данной угрозы невидимым (скрытным) получателем перехватываемых данных. Кроме того, нарушитель может проводить исследования других типов потоков данных, например, радиосигналов.\r\nДанная угроза обусловлена слабостями механизмов сетевого взаимодействия, предоставляющими сторонним пользователям открытые данные о дискредитируемой системе, а также ошибками конфигурации сетевого программного обеспечения.\r\nРеализация данной угрозы возможна в следующих условиях:\r\nналичие у нарушителя доступа к дискредитируемой вычислительной сети;\r\nнеспособность технологий, с помощью которых реализована передача данных, предотвратить возможность осуществления скрытного прослушивания потока данных
117	Угроза перехвата привилегированного потока	Угроза заключается в возможности осуществления нарушителем несанкционированного доступа к потоку данных, созданного приложением с дополнительными привилегиями (к привилегированному потоку данных), путём синхронного (вызов привилегированной функции, возвращающей неправильное значение) или асинхронного (создание обратных вызовов, манипулирование указателями и т.п.) деструктивного программного воздействия на него.\r\nДанная угроза обусловлена уязвимостями программного обеспечения, использующего в своей работе участки кода, исполняемого с дополнительными правами, наследуемыми создаваемыми привилегированными потоками (наличие ошибочных указателей, некорректное освобождение памяти и т.п.).\r\nРеализация данной угрозы возможна в следующих условиях:\r\nв дискредитируемом приложении существуют участки кода, требующие исполнения с правами, превышающими права обычных пользователей;\r\nнарушитель обладает привилегиями, позволяющими вносить изменения во входные данные дискредитируемого приложения
128	Угроза подмены доверенного пользователя	Угроза заключается в возможности нарушителя выдавать себя за легитимного пользователя и выполнять приём/передачу данных от его имени. Данную угрозу можно охарактеризовать как «имитация действий клиента».\r\nДанная угроза обусловлена слабостями технологий сетевого взаимодействия, зачастую не позволяющими выполнить проверку подлинности источника/получателя информации.\r\nРеализация данной угрозы возможна при наличии у нарушителя подключения к вычислительной сети, а также сведений о конфигурации сетевых устройств, типе используемого программного обеспечения и т.п.
118	Угроза перехвата привилегированного процесса	Угроза заключается в возможности получения нарушителем права управления процессом, обладающим высокими привилегиями (например, унаследованными от пользователя или группы пользователей, выполняющих роль администраторов дискредитируемой системы), для выполнения произвольного вредоносного кода с правами дискредитированного процесса.\r\nДанная угроза обусловлена уязвимостями программного обеспечения, выполняющего функции разграничения доступа (в алгоритме или параметрах конфигурации), приводящими к некорректному распределению прав доступа внутри древа наследуемых процессов.\r\nРеализация данной угрозы возможна при выполнении одного из условий:\r\nуспешного введения нарушителем некорректных данных, приводящих к переполнению буфера или к реализации некоторых типов программных инъекций;\r\nналичия у нарушителя привилегий на запуск системных утилит, предназначенных для управления процессами
119	Угроза перехвата управления гипервизором	Угроза заключается в возможности осуществления нарушителем несанкционированного доступа к информационным, программным и вычислительным ресурсам, зарезервированным и управляемым гипервизором, за счёт получения нарушителем права управления гипервизором путём эксплуатации уязвимостей консоли управления гипервизором.\r\nДанная угроза обусловлена наличием у консоли управления гипервизором программных интерфейсов взаимодействия с другими субъектами доступа (процессами, программами) и, как следствие, возможностью несанкционированного доступа к данной консоли (программа уровня виртуализации), а также недостаточностью мер по разграничению доступа к данной консоли.\r\nРеализация данной угрозы возможна при условии наличия у нарушителя прав на осуществление взаимодействия с консолью управления гипервизором
120	Угроза перехвата управления средой виртуализации	Угроза заключается в возможности осуществления нарушителем несанкционированного доступа к информационным, программным и вычислительным ресурсам, зарезервированным и управляемым всеми гипервизорами, реализующими среду виртуализации, за счёт получения нарушителем права управления этими гипервизорами путём эксплуатации уязвимостей консоли средства управления виртуальной инфраструктурой.\r\nДанная угроза обусловлена наличием у консоли средства управления виртуальной инфраструктурой, реализуемого в рамках одной из виртуальных машин, программных интерфейсов взаимодействия с другими субъектами доступа (процессами, программами) и, как следствие, возможностью несанкционированного доступа к данной консоли (программа уровня управления виртуализации), а также недостаточностью мер по разграничению доступа к данной консоли.\r\nРеализация данной угрозы возможна при условии наличия у нарушителя прав на осуществление взаимодействия с консолью средства управления виртуальной инфраструктурой
121	Угроза повреждения системного реестра	Угроза заключается в возможности нарушения доступности части функционала или всей информационной системы из-за повреждения используемого в её работе реестра вследствие некорректного завершения работы операционной системы (неконтролируемая перезагрузка, возникновения ошибок в работе драйверов устройств и т.п.), нарушения целостности файлов, содержащих в себе данные реестра, возникновения ошибок файловой системы носителя информации или вследствие осуществления нарушителем деструктивного программного воздействия на файловые объекты, содержащие реестр.\r\nДанная угроза обусловлена слабостями мер контроля доступа к файлам, содержащим данные реестра, мер резервирования и контроля целостности таких файлов, а также мер восстановления работоспособности реестра из-за сбоев в работе операционной системы.\r\nРеализация данной угрозы возможна при одном из условий:\r\nвозникновения ошибок в работе отдельных процессов или всей операционной системы;\r\nналичии у нарушителя прав доступа к реестру или файлам, содержащим в себе данные реестра
123	Угроза подбора пароля BIOS	Угроза заключается в возможности осуществления нарушителем несанкционированного доступа к настройкам BIOS/UEFI путём входа в консоль BIOS/UEFI по паролю, подобранному программно или «вручную» с помощью методов тотального перебора вариантов или подбора по словарю.\r\nДанная угроза обусловлена слабостями механизма аутентификации, реализуемого в консолях BIOS/UEFI.\r\nРеализация данной угрозы возможна в одном из следующих случаев:\r\nнарушитель может осуществить физический доступ к компьютеру и имеет возможность его перезагрузить;\r\nнарушитель обладает специальным программным средством перебора паролей BIOS/UEFI и привилегиями в системе на установку и запуск таких средств
124	Угроза подделки записей журнала регистрации событий	Угроза заключается в возможности внесения нарушителем изменений в журналы регистрации событий безопасности дискредитируемой системы (удаление компрометирующих нарушителя записей или подделка записей о не произошедших событиях) для введения в заблуждение её администраторов или сокрытия следов реализации других угроз.\r\nДанная угроза обусловлена недостаточностью мер по разграничению доступа к журналу регистрации событий безопасности.\r\nРеализация данной угрозы возможна в одном из следующих случаев:\r\nтехнология ведения журналов регистрации событий безопасности предполагает возможность их редактирования и нарушитель обладает необходимыми для этого привилегиями;\r\nтехнология ведения журналов регистрации событий безопасности не предполагает возможность их редактирования, но нарушитель обладает привилегиями, необходимыми для осуществления записи в файлы журналов, а также специальными программными средствами, способными обрабатывать файлы журналов используемого в дискредитируемой системе формата
125	Угроза подключения к беспроводной сети в обход процедуры аутентификации	Угроза заключается в возможности осуществления нарушителем перехвата трафика беспроводной сети или других неправомерных действий путём легализации нарушителем собственного подключения к беспроводной сети в полуавтоматическом режиме (например, WPS) без ввода ключа шифрования.\r\nДанная угроза обусловлена слабостями процедуры аутентификации беспроводных устройств в ходе полуавтоматического подключения.\r\nРеализация данной угрозы возможна при условии наличия у нарушителя физического доступа к беспроводной точке доступа, поддерживающей полуавтоматический режим подключения
126	Угроза подмены беспроводного клиента или точки доступа	Угроза заключается в возможности получения нарушителем аутентификационной или другой защищаемой информации, передаваемой в ходе автоматического подключения точек беспроводного доступа или клиентского программного обеспечения к доверенным субъектам сетевого взаимодействия, подменённым нарушителем.\r\nДанная угроза обусловлена слабостями механизма аутентификации субъектов сетевого взаимодействия при беспроводном доступе.\r\nРеализация данной угрозы возможна в случае размещения нарушителем клиента или точки беспроводного доступа со специально сформированными параметрами работы (такими как MAC-адрес, название, используемый стандарт передачи данных и т.п.) в зоне доступности для дискредитируемых устройств беспроводного доступа
127	Угроза подмены действия пользователя путём обмана	Угроза заключается в возможности нарушителя выполнения неправомерных действий в системе от имени другого пользователя с помощью методов социальной инженерии (обмана пользователя, навязывание ложных убеждений) или технических методов (использование прозрачных кнопок, подмена надписей на элементах управления и др.)\r\nДанная угроза обусловлена слабостями интерфейса взаимодействия с пользователем или ошибками пользователя.\r\nРеализация данной угрозы возможна при условии наличия у дискредитируемого пользователя прав на проведение нужных от него нарушителю операций
156	Угроза утраты носителей информации	Угроза заключается в возможности раскрытия информации, хранящейся на утерянном носителе (в случае отсутствия шифрования данных), или её потери (в случае отсутствия резервной копий данных).\r\nДанная угроза обусловлена слабостями мер регистрации и учёта носителей информации, а также мер резервирования защищаемых данных.\r\nРеализация данной угрозы возможна вследствие халатности сотрудников
129	Угроза подмены резервной копии программного обеспечения BIOS	Угроза заключается в возможности опосредованного внедрения нарушителем в BIOS/UEFI дискредитируемого компьютера вредоносного кода, путём ожидания или создания необходимости выполнения процедуры восстановления предыдущей версии программного обеспечения BIOS/UEFI, предварительно подменённой нарушителем.\r\nДанная угроза обусловлена недостаточностью мер разграничения доступа и контроля целостности резервных копий программного обеспечения BIOS/UEFI.\r\nРеализация данной угрозы возможна в следующих условиях:\r\nнарушитель успешно подменил резервную копию программного обеспечения BIOS/UEFI;\r\nвозникла необходимость восстановления предыдущей версии программного обеспечения BIOS/UEFI (данное условие может произойти как случайно, так и быть спровоцировано нарушителем)
130	Угроза подмены содержимого сетевых ресурсов	Угроза заключается в возможности осуществления нарушителем несанкционированного доступа к защищаемым данным пользователей сети или проведения различных мошеннических действий путём скрытной подмены содержимого хранящихся (сайты, веб-страницы) или передаваемых (электронные письма, сетевые пакеты) по сети данных.\r\nДанная угроза обусловлена слабостями технологий сетевого взаимодействия, зачастую не позволяющими выполнить проверку подлинности содержимого электронного сообщения.\r\nРеализация данной угрозы возможна при условии наличия у нарушителя прав на доступ к сетевым ресурсам и отсутствии у пользователя сети мер по обеспечению их целостности
131	Угроза подмены субъекта сетевого доступа	Угроза заключается в возможности осуществления нарушителем несанкционированного доступа к защищаемым данным пользователей сети или проведения различных мошеннических действий путём скрытной подмены в отправляемых дискредитируемым пользователем сетевых запросах сведений об отправителе сообщения. Данную угрозу можно охарактеризовать как «имитация действий сервера».\r\nДанная угроза обусловлена слабостями технологий сетевого взаимодействия, зачастую не позволяющими выполнить проверку подлинности источника информации.\r\nРеализация данной угрозы возможна при условии успешной выдачи себя нарушителем за законного отправителя (например, с помощью ложных фишинговых веб-сайтов). Ключевое отличие от «угрозы подмены содержимого сетевых ресурсов» заключается в том, что в данном случае нарушитель не изменяет оригинального содержимого электронного ресурса (веб-сайта, электронного письма), а только служебные сведения
132	Угроза получения предварительной информации об объекте защиты	Угроза заключается в возможности раскрытия нарушителем защищаемых сведений о состоянии защищённости дискредитируемой системы, её конфигурации и потенциальных уязвимостях и др., путём проведения мероприятий по сбору и анализу доступной информации о системе.\r\nДанная угроза обусловлена наличием уязвимостей в сетевом программном обеспечении, позволяющим получить сведения о конфигурации отдельных программ или системы в целом (отсутствие контроля входных данных, наличие открытых сетевых портов, неправильная настройка политик безопасности и т.п.).\r\nРеализация данной угрозы возможна при условии получения информации о дискредитируемой системе с помощью хотя бы одного из следующих способов изучения дискредитируемой системы:\r\nанализ реакций системы на сетевые (в т.ч. синтаксически неверные или нестандартные) запросы к открытым в системе сетевым сервисам, которые могут стать причиной вызова необработанных исключений с подробными сообщениями об ошибках, содержащих защищаемую информацию (о трассировке стека, о конфигурации системы, о маршруте прохождения сетевых пакетов)\r\nанализ реакций системы на строковые URI-запросы (в т.ч. неверные SQL-запросы, альтернативные пути доступа к файлам).\r\nДанная угроза отличается от угрозы перехвата данных и других угроз сбора данных тем, что нарушитель активно опрашивает дискредитируемую систему, а не просто за ней наблюдает
133	Угроза получения сведений о владельце беспроводного устройства	Угроза заключается в возможности раскрытия нарушителем сведений о географических перемещениях дискредитируемого пользователя в определённые промежутки времени, в том числе выявить место его работы, проживания и т.п. Получение таких сведений может использоваться нарушителем в дальнейшем для реализации угроз в информационных системах, доступ к которым имеет дискредитируемый пользователь.\r\nДанная угроза обусловлена слабостью защиты идентификационной информации беспроводных точек доступа при их подключении к сети Интернет.\r\nРеализация данной угрозы возможна при условии наличия у нарушителя доступа к идентификационными данным стационарных точек беспроводного доступа, с которыми в автоматическом режиме осуществляет взаимодействие беспроводное устройство дискредитируемого пользователя
134	Угроза потери доверия к поставщику облачных услуг	Угроза заключается в возможности снижения уровня защищённости и допущения дополнительных ошибок в обеспечении безопасности защищаемой в облачной системе информации из-за невосполнимого оттока у поставщика облачных услуг необходимых ресурсов в связи с потерей потребителями облачных услуг доверия к их поставщику.\r\nДанная угроза обусловлена тем, что из-за обнародования фактов об инцидентах информационной безопасности, связанных с поставщиком облачных услуг, происходит потеря доверия к такому поставщику со стороны потребителей облачных услуг, и, как следствие, возникает необходимость лавинообразного выделения поставщиком облачных услуг ресурсов (человеческих, технических, финансовых) для решения возникающих в данной ситуации задач (множественные консультации пользователей, экстренный пересмотр политик безопасности, модернизация системы защиты и др.), что не только может вызвать нехватку ресурсов для обеспечения текущего уровня защищённости информации, но и спровоцировать допуск «в спешке» новых ошибок.\r\nРеализация данной угрозы возможна в случае обнародования единичных или множественных фактов об инцидентах информационной безопасности, связанных с поставщиком облачных услуг, повлёкших значительные убытки для его клиентов
135	Угроза потери и утечки данных, обрабатываемых в облаке	Угроза заключается в возможности нарушения конфиденциальности, целостности и доступности защищаемой информации потребителей облачных услуг, обрабатываемой в облачной системе.\r\nДанная угроза обусловлена слабостями мер защиты информации, обрабатываемой в облачной системе.\r\nРеализация данной угрозы возможна в случае допущения поставщиком (некорректный выбор или настройка средств защиты) или потребителем (потеря пароля, электронного ключа, вход с небезопасной консоли) облачных услуг ошибок при обеспечении безопасности защищаемой информации
136	Угроза потери информации вследствие несогласованности работы узлов хранилища больших данных	Угроза заключается в возможности допуска ошибок при копировании защищаемой информации при распределённом хранении данных на различных узлах хранилища больших данных вследствие несогласованности их работы, влекущих за собой невозможность осуществления легальным пользователем доступа к блокам или ко всей защищаемой информации.\r\nДанная угроза обусловлена слабостями механизмов репликации данных, реализованных в узлах хранилища больших данных.\r\nРеализация данной угрозы возможна в условиях отключения или выведения из строя одного или нескольких узлов за счёт специальных программных воздействий на узлы хранилища больших данных, а также возникновения технических или программных сбоев в работе их компонентов
137	Угроза потери управления облачными ресурсами	Угроза заключается в возможности нарушения договорных обязательств со стороны поставщика облачных услуг в отношении их потребителя из-за значительной сложности построения эффективной системы управления облачными ресурсами облачной системы, особенно использующей облачные ресурсы других поставщиков облачных услуг.\r\nДанная угроза обусловлена сложностью определения логического и физического местоположения облачных ресурсов, недостаточностью мер физического контроля доступа к хранилищам данных, резервного копирования и др., а также необходимостью учёта особенностей законодательства в области защиты информации стран, резидентами которых являются поставщики облачных услуг, выполняющих роль субподрядчиков по оказанию заказанных облачных услуг.\r\nРеализация данной угрозы возможна при условии, что выполнение требований к функционалу облачной системы затрудняется (или становится невозможным) из-за правовых норм других стран, участвующих в трансграничной передаче облачного трафика
138	Угроза потери управления собственной инфраструктурой при переносе её в облако	Угроза заключается в возможности допуска ошибок в управлении инфраструктурой системы потребителя облачных услуг, иммигрированной в облако, со стороны поставщика облачных услуг из-за отсутствия у него сведений об особенностях управления конкретной системы, а также из-за отсутствия у потребителя облачных услуг, обладающего такими сведениями, возможности проводить весь комплекс работ по управлению инфраструктурой собственной системы в связи с её иммиграцией в облако.\r\nДанная угроза обусловлена невозможностью достоверной оценки потребителем облачных услуг реального уровня защищённости, обеспечиваемого поставщиком облачных услуг в отношении защищаемой информации потребителя облачных услуг, в связи с закрытостью для потребителей сведений о применяемых поставщиком облачных услуг технологиях, программных и технических решениях, а также конкретных параметрах настроек средств защиты информации.\r\nРеализация данной угрозы возможна в случаях передачи поставщику облачных услуг части функций управления системой потребителя облачных услуг (при миграции части или всей системы в облако)
139	Угроза преодоления физической защиты	Угроза заключается в возможности осуществления нарушителем практически любых деструктивных действий в отношении дискредитируемой информационной системы при получении им физического доступа к аппаратным средствам вычислительной техники системы путём преодоления системы контроля физического доступа, организованной в здании предприятия.\r\nДанная угроза обусловлена уязвимостями в системе контроля физического доступа (отсутствием замков в помещении, ошибками персонала и т.п.).\r\nРеализация данной угрозы возможна при условии успешного применения нарушителем любого из методов проникновения на объект (обман персонала, взлом замков и др.)
140	Угроза приведения системы в состояние «отказ в обслуживании»	Угроза заключается в возможности отказа дискредитированной системой в доступе легальным пользователям при лавинообразном увеличении числа сетевых соединений с данной системой или при использовании недостатков реализации сетевых протоколов.\r\nДанная угроза обусловлена тем, что для обработки каждого сетевого запроса системой потребляется часть её ресурсов, а также слабостями сетевых технологий, связанными с ограниченностью скорости обработки потоков сетевых запросов, и недостаточностью мер контроля за управлением соединениями и ошибками реализации сетевых протоколов.\r\nРеализация данной угрозы возможна при условии превышения объёма запросов над объёмами доступных для их обработки ресурсов дискредитируемой системы или наличия ошибок реализации сетевых протоколов (например, формирование IP-адреса версии 6 на основе MAC-адреса, определение доступности IP-адреса, использование функции контроля целостности PPP-интерфейса и др.)
141	Угроза привязки к поставщику облачных услуг	Угроза заключается в возможности возникновения трудно решаемых (или даже неразрешимых) проблем технического, организационного, юридического или другого характера, препятствующих осуществлению потребителем облачных услуг смены их поставщика.\r\nДанная угроза обусловлена отсутствием совместимости между форматами данных и программными интерфейсами, используемыми в облачных инфраструктурах различных поставщиков облачных услуг.\r\nРеализация данной угрозы возможна при условии использования поставщиком облачных услуг нестандартного программного обеспечения или формата образов виртуальных машин и отсутствием средств преобразования образа виртуальной машины из используемого им формата в другой (используемый другим поставщиком)
142	Угроза приостановки оказания облачных услуг вследствие технических сбоев	Угроза заключается в возможности снижения качества облачных услуг (или даже отказа в их оказании конечным потребителям) из-за возникновения технических сбоев хотя бы у одного из поставщиков облачных услуг (входящих в цепь посредников при оказании облачных услуг их конечному потребителю), а также из-за возникновения существенных задержек или потерь в каналах передачи данных, арендуемых потребителем или поставщиками облачных услуг.\r\nДанная угроза обусловлена слабостями процедуры контроля за выполнением технического обслуживания и соблюдением режимов функционирования технических средств облачной информационной системы.\r\nРеализация данной угрозы возможна при условии отсутствия механизмов резервирования средств обработки, хранения и передачи информации, входящих в состав облачной информационной системы
143	Угроза программного выведения из строя средств хранения, обработки и (или) ввода/вывода/передачи информации	Угроза заключается в возможности прерывания нарушителем технологии обработки информации в дискредитируемой системе путём осуществления деструктивного программного (локально или удалённо) воздействия на средства хранения (внешних, съёмных и внутренних накопителей), обработки (процессора, контроллера устройств и т.п.) и (или) ввода/вывода/передачи информации (клавиатуры и др.), в результате которого объект защиты перейдёт в состояние «отказ в обслуживании». При этом вывод его из этого состояния может быть невозможен путём перезагрузки системы, а потребует проведения ремонтно-восстановительных работ.\r\nДанная угроза обусловлена наличием уязвимостей микропрограммного обеспечения средств хранения, обработки и (или) ввода/вывода/передачи информации, а также невозможности длительного нахождения средств хранения, обработки и (или) ввода/вывода/передачи информации в режиме предельно допустимых значений (частота системной шины, центрального процессора, количества обращений на чтение и/или запись и другие параметры).\r\nРеализация данной угрозы возможна при наличии у нарушителя прав на отправку команды или специально сформированных входных данных на средства хранения, обработки и (или) ввода/вывода/передачи информации
144	Угроза программного сброса пароля BIOS	Угроза заключается в возможности осуществления нарушителем несанкционированного доступа к настройкам BIOS/UEFI после перезагрузки компьютера путём ввода «пустого» пароля.\r\nДанная угроза обусловлена слабостями мер разграничения доступа в операционной системе к функции сброса пароля BIOS/UEFI.\r\nРеализация данной угрозы возможна при условиях:\r\nналичия в программном обеспечении BIOS/UEFI активного интерфейса функции программного сброса пароля непосредственно из-под операционной системы;\r\nналичия у нарушителя специальных программных средств, реализующих сброс пароля, а также прав в операционной системе для установки и запуска данных средств
145	Угроза пропуска проверки целостности программного обеспечения	Угроза заключается в возможности внедрения нарушителем в дискредитируемую систему вредоносного программного обеспечения путём обманного перенаправления запросов пользователя или его программ на собственный сетевой ресурс, содержащий вредоносное программное обеспечение, для его «ручной» или «автоматической» загрузки с последующей установкой в дискредитируемую систему от имени пользователя или его программ.\r\nДанная угроза обусловлена слабостями механизмов проверки целостности файлов программного обеспечения и/или проверки подлинности источника их получения.\r\nРеализация данной угрозы возможна при условии успешного использования обманных техник одного из следующих методов:\r\n«ручного метода» – нарушитель, используя обманные механизмы, убеждает пользователя перейти по ссылке на сетевой ресурс нарушителя, что приводит к запуску вредоносного кода на компьютере пользователя, или убеждает пользователя самостоятельно загрузить и установить вредоносную программу (например, под видом игры или антивирусного средства);\r\n«автоматического метода» – нарушитель осуществляет деструктивное воздействие переадресацию функции автоматического обновления дискредитируемой программы на собственный вредоносный сервер
146	Угроза прямого обращения к памяти вычислительного поля суперкомпьютера	Угроза заключается в возможности осуществления процессом нарушителя, функционирующем в вычислительном поле суперкомпьютера, считывания защищаемых данных из оперативной памяти, выделенной для параллельного (дискредитируемого) процесса, с использованием операций удалённого прямого доступа к памяти.\r\nДанная угроза обусловлена слабостями протокола прямого доступа к оперативной памяти, с помощью которого выполняется обращение к сегменту памяти, выделенному для удалённого параллельного процесса, функционирующего в вычислительном поле суперкомпьютера.\r\nРеализация данной угрозы возможна при условии успешного осуществления нарушителем доступа к входным/выходным данным параллельных процессов в вычислительном поле суперкомпьютера
147	Угроза распространения несанкционированно повышенных прав на всю грид-систему	Угроза заключается в возможности автоматического распространения на всю грид-систему несанкционированно полученных нарушителем на одном узле привилегий.\r\nДанная угроза обусловлена наличием уязвимостей в клиентском программном обеспечении грид-системы и слабостями в механизме назначения прав пользователям, реализованном в связующем программном обеспечении.\r\nРеализация данной угрозы возможна при условии успешного повышения нарушителем своих прав на одном узле грид-системы
148	Угроза сбоя автоматического управления системой разграничения доступа хранилища больших данных	Угроза заключается в возможности возникновения ситуаций, связанных c ошибками автоматического назначения пользователям прав доступа (наделение дополнительными полномочиями, ошибочное наследование, случайное восстановление «неактивных» учётных записей т.п.).\r\nДанная угроза обусловлена слабостями мер контроля за большим количеством (от тысячи, а в некоторых случаях и до нескольких миллионов) учётных записей пользователей со стороны администраторов безопасности.\r\nРеализация данной угрозы возможна при условии возникновения сбоев или ошибок в работе системы разграничения доступа хранилища больших данных
149	Угроза сбоя обработки специальным образом изменённых файлов	Угроза заключается в возможности осуществления нарушителем различных неправомерных действий от имени дискредитированных приложений путём вызова сбоя в их работе за счёт внесения изменений в обрабатываемые дискредитируемыми программами файлы или их метаданные.\r\nДанная угроза обусловлена слабостями механизма проверки целостности обрабатываемых файлов и корректности, содержащихся в них данных.\r\nРеализация данной угрозы возможна в условиях:\r\nналичия у нарушителя сведений о форматах и значениях файлов, вызывающих сбой функционирования дискредитированных приложений при их обработке;\r\nуспешно созданном в дискредитируемой системе механизме перехвата управления над обработкой нарушителем программного сбоя
150	Угроза сбоя процесса обновления BIOS	Угроза заключается в возможности выведения из строя компьютера из-за внесения критических ошибок в программное обеспечение BIOS/UEFI в результате нарушения процесса его обновления.\r\nДанная угроза обусловлена слабостями технологий контроля за обновлением программного обеспечения BIOS/UEFI.\r\nРеализация данной угрозы возможна в ходе проведения ремонта и обслуживания компьютера как при установке корректной/совместимой версии обновления (из-за сбоев, помех и т.п.), так и при установке повреждённой/несовместимой версии обновления (из-за отсутствия механизма проверки целостности и совместимости)
151	Угроза сканирования веб-сервисов, разработанных на основе языка описания WSDL	Угроза заключается в возможности получения нарушителем сведений о текущей конфигурации веб-служб и наличии в ней уязвимостей путём исследования WSDL-интерфейса веб-сервера.\r\nДанная угроза обусловлена недостаточностью мер по обеспечению конфиденциальности информации, реализованных в WSDL-сервисах, предоставляющих подробные сведения о портах, службах и соединениях, доступных пользователям.\r\nРеализация данной угрозы возможна при наличии у нарушителя сетевого доступа к исследуемому сетевому ресурсу и специальных программных средств сканирования сети
152	Угроза удаления аутентификационной информации	Угроза заключается в возможности отказа легитимным пользователям в доступе к информационным ресурсам, а также в возможности получения нарушителем привилегий дискредитированного пользователя за счёт сброса (обнуления, удаления) его аутентификационной информации.\r\nДанная угроза обусловлена слабостями политики разграничения доступа к аутентификационной информации и средствам работы с учётными записями пользователей.\r\nРеализация данной угрозы возможна при выполнении одного из следующих условий:\r\nштатные средства работы с учётными записями пользователей обладают функционалом сброса аутентификационной информации, и нарушитель получил привилегии в дискредитируемой системе на использование данных средств;\r\nнарушитель обладает специальным программным обеспечением, реализующим функцию сброса аутентификационной информации, и получил привилегии в дискредитируемой системе на использование данных средств
153	Угроза усиления воздействия на вычислительные ресурсы пользователей при помощи сторонних серверов	Угроза заключается в возможности осуществления нарушителем опосредованного деструктивного программного воздействия на дискредитируемую систему большим объёмом сетевого трафика, генерируемого сторонними серверами в ответ на сетевые запросы нарушителя, сформированные от имени дискредитируемой системы. Генерируемый сторонними серверами сетевой трафик значительно превышает объём сетевых запросов, формируемых нарушителем.\r\nДанная угроза обусловлена слабостями мер межсетевого экранирования дискредитируемой информационной системы, мер контроля подлинности сетевых запросов на сторонних серверах, а также слабостями модели взаимодействия открытых систем.\r\nРеализация данной угрозы возможна при условии наличия у нарушителя:\r\nсведений о сторонних серверах с недостаточными мерами контроля подлинности сетевых запросов;\r\nсведений о сетевом адресе дискредитируемой системы;\r\nспециального программного обеспечения, реализующего функции генерации сетевых пакетов
154	Угроза установки уязвимых версий обновления программного обеспечения BIOS	Угроза заключается в возможности внесения уязвимостей в программное обеспечение BIOS/UEFI в ходе его обновления, которые могут быть использованы в дальнейшем для приведения компьютера в состояние «отказ в обслуживании», несанкционированного изменения конфигурации BIOS/UEFI или выполнения вредоносного кода при каждом запуске компьютера.\r\nДанная угроза обусловлена слабостями мер контроля отсутствия уязвимостей в только что вышедших версиях обновления программного обеспечения BIOS/UEFI.\r\nРеализация данной угрозы возможна в ходе проведения ремонта и обслуживания компьютера
155	Угроза утраты вычислительных ресурсов	Угроза заключается в возможности отказа легитимному пользователю в выделении ресурсов для обработки его запросов из-за исчерпания нарушителем свободных ресурсов в системе, осуществлённого путём их несанкционированного исключения из общего пула ресурсов на основе техник «утечки ресурсов» или «выделения ресурсов».\r\nДанная угроза обусловлена слабостями механизма контроля за распределением вычислительных ресурсов между пользователями, а также мер межсетевого экранирования дискредитируемой информационной системы и контроля подлинности сетевых запросов на сторонних серверах.\r\nРеализация данной угрозы возможна при условии наличия у нарушителя:\r\nсведений о формате и параметрах деструктивных воздействий на систему, приводящих к исключению («утечки» или «выделению») свободных ресурсов из общего пула ресурсов дискредитируемой системы;\r\nпривилегий, достаточных для осуществления деструктивных воздействий («утечки» или «выделения») в дискредитируемой системе;\r\nотсутствие у администраторов возможности: для техники «утечки ресурсов» – перезагрузки системы во время отправки нарушителем большого числа запросов на выделение ресурсов, а для техники «выделения ресурсов» – форсированного освобождения ресурсов, выделенных по запросам вредоносных процессов
157	Угроза физического выведения из строя средств хранения, обработки и (или) ввода/вывода/передачи информации	Угроза заключается в возможности умышленного выведения из строя внешним нарушителем средств хранения, обработки и (или) ввода/вывода/передачи информации, что может привести к нарушению доступности, а в некоторых случаях и целостности защищаемой информации.\r\nДанная угроза обусловлена слабостями мер контроля физического доступа к средствам хранения, обработки и (или) ввода/вывода/передачи информации.\r\nРеализация данной угрозы возможна при условии получения нарушителем физического доступа к носителям информации (внешним, съёмным и внутренним накопителям), средствам обработки информации (процессору, контроллерам устройств и т.п.) и средствам ввода/вывода информации (клавиатура и т.п.)
158	Угроза форматирования носителей информации	Угроза заключается в возможности утраты хранящейся на форматируемом носителе информации, зачастую без возможности её восстановления, из-за преднамеренного или случайного выполнения процедуры форматирования носителя информации.\r\nДанная угроза обусловлена слабостью мер ограничения доступа к системной функции форматирования носителей информации.\r\nНа реализацию данной угрозы влияют такие факторы как:\r\nвремя, прошедшее после форматирования;\r\nтип носителя информации;\r\nтип файловой системы носителя;\r\nинтенсивность взаимодействия с носителем после форматирования и др.
159	Угроза «форсированного веб-браузинга»	Угроза заключается в возможности получения нарушителем доступа к защищаемой информации, выполнения привилегированных операций или осуществления иных деструктивных воздействий на некорректно защищённые компоненты веб-приложений.\r\nДанная угроза обусловлена слабостями (или отсутствием) механизма проверки корректности вводимых данных на веб-серверах.\r\nРеализация данной угрозы возможна при условии успешной реализации «ручного ввода» в адресную строку веб-браузера определённых адресов веб-страниц и осуществления принудительного перехода по древу веб-сайта к страницам, ссылки на которые явно не указаны на веб-сайте
160	Угроза хищения средств хранения, обработки и (или) ввода/вывода/передачи информации	Угроза заключается в возможности осуществления внешним нарушителем кражи компьютера (и подключённых к нему устройств), USB-накопителей, оптических дисков или других средств хранения, обработки, ввода/вывода/передачи информации.\r\nДанная угроза обусловлена слабостями мер контроля физического доступа к средствам хранения, обработки и (или) ввода/вывода/передачи информации.\r\nРеализация данной угрозы возможна при условии наличия у нарушителя физического доступа к носителям информации (внешним, съёмным и внутренним накопителям), средствам обработки информации (процессору, контроллерам устройств и т.п.) и средствам ввода/вывода информации (клавиатура и т.п.)
161	Угроза чрезмерного использования вычислительных ресурсов суперкомпьютера в ходе интенсивного обмена межпроцессорными сообщениями	Угроза заключается в возможности возникновения ситуации типа «отказ в обслуживании» со стороны вычислительного поля суперкомпьютера.\r\nДанная угроза обусловлена слабостями мер контроля за распределением вычислительных ресурсов суперкомпьютера при обработке задачи несколькими процессорами.\r\nРеализация данной угрозы возможна при условии выполнения суперкомпьютером специфичных вычислительных задач, в ходе которых генерируются межпроцессорные сообщения с большой интенсивностью
162	Угроза эксплуатации цифровой подписи программного кода	Угроза заключается в возможности повышения нарушителем привилегий в системах, использующих цифровую подпись кода в качестве связующей информации между программой и её привилегиями, путём дискредитации механизма подписывания программного кода.\r\nДанная угроза обусловлена слабостями в механизме подписывания программного кода.\r\nРеализация данной угрозы возможна при следующих условиях:\r\nдискредитируемый программный код написан с помощью фреймворка (framework), поддерживающего подписывание программного кода;\r\nдискредитируемый программный код подписан вендором (поставщиком программного обеспечения);\r\nнарушитель имеет возможность внедрить программный код в дискредитируемый компьютер
163	Угроза перехвата исключения/сигнала из привилегированного блока функций	Угроза заключается в возможности нарушителя получить права на доступ к защищаемой информации путём перехвата исключений/сигналов, сгенерированных участком программного кода, исполняемого с повышенными привилегиями (привилегированным блоком функций) и содержащего команды по управлению защищаемой информацией.\r\nДанная угроза обусловлена тем, что вызов программных функций в привилегированном режиме подразумевает отключение для них механизмов разграничения доступа.\r\nРеализация данной угрозы возможна при следующих условиях:\r\nдискредитируемая программа, написана на языке программирования, поддерживающего механизм привилегированных блоков (например, Java);\r\nв дискредитируемой программе вызов привилегированных блоков осуществлён небезопасным способом (использовано публичное объявление внутренних функций, использована генерация исключений из привилегированного блока);\r\nнарушитель обладает правами, достаточными для перехвата программных исключений в системе
164	Угроза распространения состояния «отказ в обслуживании» в облачной инфраструктуре	Угроза заключается в возможности распространения негативных последствий от реализации угроз на физическом или виртуальном уровне облачной инфраструктуры на уровни управления и оркестровки, а также на все информационные системы, развёрнутые на базе дискредитированной облачной инфраструктуры.\r\nДанная угроза обусловлена невозможностью функционирования информационных систем в облаке при некорректной работе самой облачной инфраструктуры, а также зависимостью работоспособности верхних уровней облачной инфраструктуры от работоспособности нижних.\r\nРеализация данной угрозы возможна в случае приведения облачной инфраструктуры на физическом или виртуальном уровне облачной инфраструктуры в состояние «отказ в обслуживании»
165	Угроза включения в проект не достоверно испытанных компонентов	Угроза заключается в возможности нарушения безопасности защищаемой информации вследствие выбора для применения в системе компонентов не в соответствии с их заданными проектировщиком функциональными характеристиками, надёжностью, наличием сертификатов и др.\r\nДанная угроза обусловлена недостаточностью мер по контролю за ошибками в ходе проектирования систем, связанных с безопасностью.\r\nРеализация данной угрозы возможна при условии выбора для применения в системе компонентов по цене, разрекламированности и др.
166	Угроза внедрения системной избыточности	Угроза заключается в возможности снижения скорости обработки данных (т.е. доступности) компонентами программного обеспечения (или системы в целом) из-за внедрения в него (в неё) избыточных компонентов (изначально ненужных или необходимость в которых отпала при внесении изменений в проект).\r\nДанная угроза обусловлена недостаточностью мер по контролю за ошибками в ходе проектирования систем, связанных с безопасностью.\r\nРеализация данной угрозы возможна при условии внесения изменений в перечень задач, решаемых проектируемым программным обеспечением (проектируемой системой)
167	Угроза заражения компьютера при посещении неблагонадёжных сайтов	Угроза заключается в возможности нарушения безопасности защищаемой информации вредоносными программами, скрытно устанавливаемыми при посещении пользователями системы с рабочих мест (намеренно или при случайном перенаправлении) сайтов с неблагонадёжным содержимым и запускаемыми с привилегиями дискредитированных пользователей.\r\nДанная угроза обусловлена слабостями механизмов фильтрации сетевого трафика и антивирусного контроля на уровне организации.\r\nРеализация данной угрозы возможна при условии посещения пользователями системы с рабочих мест сайтов с неблагонадёжным содержимым
191	Угроза внедрения вредоносного кода в дистрибутив программного обеспечения	Угроза заключается в возможности осуществления нарушителем заражения системы путем установки недоверенного дистрибутива, в который внедрен вредоносный код. Данная угроза обусловлена слабостями мер антивирусной защиты. Реализация данной угрозы возможна при: применении пользователем сторонних дистрибутивов; отсутствии антивирусной проверки перед установкой дистрибутива
168	Угроза «кражи» учётной записи доступа к сетевым сервисам	Угроза заключается в возможности неправомерного ознакомления нарушителем с защищаемой информацией пользователя путём получения информации идентификации/аутентификации, соответствующей учётной записи доступа пользователя к сетевым сервисам (социальной сети, облачным сервисам и др.), с которой связан неактивный/несуществующий адрес электронной почты.\r\nДанная угроза обусловлена недостаточностью мер контроля за активностью/существованием ящиков электронной почты.\r\nРеализация данной угрозы возможна при условиях:\r\nналичия статуса «свободен для занимания» у адреса электронной почты, с которым связана учётная запись доступа пользователя к сетевым сервисам (например, если пользователь указал при регистрации несуществующий адрес или долго не обращался к почтовому ящику, вследствие чего, его отключили);\r\nналичия у нарушителя сведений об адресе электронной почты, с которым связана учётная запись дискредитируемого пользователя для доступа к сетевым сервисам
169	Угроза наличия механизмов разработчика	Угроза заключается в возможности перехвата управления программой за счёт использования отладочных механизмов (специальных программных функций или аппаратных элементов, помогающих проводить тестирование и отладку средств во время их разработки).\r\nДанная угроза обусловлена недостаточностью мер по контролю за ошибками в ходе разработки средств защиты информации.\r\nРеализация данной угрозы возможна при условии, что в программе не удалены отладочные механизмы
170	Угроза неправомерного шифрования информации	Угроза заключается в возможности фактической потери доступности защищаемых данных из-за их несанкционированного криптографического преобразования нарушителем с помощью известного только ему секретного ключа.\r\nДанная угроза обусловлена наличием слабостей в антивирусной защите, а также в механизмах разграничения доступа.\r\nРеализация данной угрозы возможна при условии успешной установки нарушителем на дискредитируемый компьютер средства криптографического преобразования информации, а также успешного обнаружения (идентификации) нарушителем защищаемых файлов
171	Угроза скрытного включения вычислительного устройства в состав бот-сети	Угроза заключается в возможности опосредованного осуществления нарушителем деструктивного воздействия на информационные системы с множества вычислительных устройств (компьютеров, мобильных технических средств и др.), подключённых к сети Интернет, за счёт захвата управления такими устройствам путём несанкционированной установки на них:\r\nвредоносного ПО типа Backdoor для обеспечения нарушителя возможностью удалённого доступа/управления дискредитируемым вычислительным устройством;\r\nклиентского ПО для включения в ботнет и использования созданного таким образом ботнета в различных противоправных целях (рассылка спама, проведение атак типа «отказ в обслуживании» и др.).\r\nДанная угроза обусловлена уязвимостями в сетевом программном обеспечении и слабостями механизмов антивирусного контроля и межсетевого экранирования.\r\nРеализация данной угрозы возможна при условии наличия выхода с дискредитируемого вычислительного устройства в сеть Интернет
172	Угроза распространения «почтовых червей»	Угроза заключается в возможности нарушения безопасности защищаемой информации пользователя вредоносными программами, скрытно устанавливаемыми при получении пользователями системы электронных писем, содержащих вредоносную программу типа «почтовый червь», а также невольного участия в дальнейшем противоправном распространении вредоносного кода.\r\nДанная угроза обусловлена слабостями механизмов антивирусного контроля.\r\nРеализация данной угрозы возможна при условии наличия у дискредитируемого пользователя электронного почтового ящика, а также наличия в его адресной книге хотя бы одного адреса другого пользователя
173	Угроза «спама» веб-сервера	Угроза заключается в возможности неправомерного осуществления нарушителем массовой рассылки коммерческих, политических, мошеннических и иных сообщений на веб-сервер без запроса со стороны дискредитируемых веб-серверов.\r\nДанная угроза обусловлена уязвимостями механизмов фильтрации сообщений, поступающих из сети Интернет.\r\nРеализация данной угрозы возможна при условии наличия в дискредитируемом веб-сервере активированного функционала, реализующего различные почтовые сервера, службы доставки мгновенных сообщений, блоги, форумы, аукционы веб-магазинов, онлайн-сервисы отправки SMS-сообщений, онлайн-сервисы голосования и др.
174	Угроза «фарминга»	Угроза заключается в возможности неправомерного ознакомления нарушителем с защищаемой информацией (в т.ч. идентификации/аутентификации) пользователя путём скрытного перенаправления пользователя на поддельный сайт (выглядящий одинаково с оригинальным), на котором от дискредитируемого пользователя требуется ввести защищаемую информацию.\r\nДанная угроза обусловлена уязвимостями DNS-сервера, маршрутизатора.\r\nРеализация данной угрозы возможна при условии наличия у нарушителя:\r\nсведений о конкретных сайтах, посещаемых пользователем, на которых требуется ввод защищаемой информации;\r\nсредств создания и запуска поддельного сайта;\r\nспециальных программных средств типа «эксплойт», реализующих перенаправление пользователя на поддельный сайт.\r\nКроме того, угрозе данного типа подвержены подлинные сайты, не требующие установления безопасного соединения перед вводом информации ограниченного доступа
175	Угроза «фишинга»	Угроза заключается в возможности неправомерного ознакомления нарушителем с защищаемой информацией (в т.ч. идентификации/аутентификации) пользователя путём убеждения его с помощью методов социальной инженерии (в т.ч. посылкой целевых писем (т.н. spear-phishing attack), с помощью звонков с вопросом об открытии вложения письма, имитацией рекламных предложений (fake offers) или различных приложений (fake apps)) зайти на поддельный сайт (выглядящий одинаково с оригинальным), на котором от дискредитируемого пользователя требуется ввести защищаемую информацию или открыть заражённое вложение в письме.\r\nДанная угроза обусловлена недостаточностью знаний пользователей о методах и средствах «фишинга».\r\nРеализация данной угрозы возможна при условии наличия у нарушителя:\r\nсведений о конкретных сайтах, посещаемых пользователем, на которых требуется ввод защищаемой информации;\r\nсредств создания и запуска поддельного сайта;\r\nсведений о контактах пользователя с доверенной организацией (номер телефона, адрес электронной почты и др.).\r\nДля убеждения пользователя раскрыть информацию ограниченного доступа (или открыть вложение в письмо) наиболее часто используются поддельные письма от администрации какой-либо организации, с которой взаимодействует пользователь (например, банк)
176	Угроза нарушения технологического/производственного процесса из-за временны́х задержек, вносимых средством защиты	Угроза заключается в возможности приведения системы в состояние «отказ в обслуживании» или нарушения штатного режима функционирования из-за временной задержки в системах реального времени, вносимой в процессы передачи и обработки защищаемой информации средствами защиты информации, вызванной необходимостью обработки передаваемой/обрабатываемой информации на предмет выявления и нейтрализации угроз безопасности информации.\r\nНа реализацию данной угрозы влияет не только номенклатура применяемых средств защиты информации, параметры их настройки, объём передаваемой/обрабатываемой информации, а также текущая активность внешних нарушителей, программные воздействия которых обрабатываются средствами защиты информации
177	Угроза неподтверждённого ввода данных оператором в систему, связанную с безопасностью	Угроза заключается в возможности возникновения ошибок в работе системы вследствие отсутствия (или игнорирования) процедуры обнаружения и исправления ошибок в данных, вводимых во время работы самим оператором, до активизации управляемого оборудования. Кроме того, к реализации данной угрозы могут привести некорректно реализованные (или отсутствующие) средства реагирования на неправильные, самопроизвольные действия оператора, средства учёта нижних/верхних пределов скорости и направления реакции оператора, схемы реагирования на двойное нажатие клавиш при вводе обычных и критических данных, процедуры формирования временных пауз с возможностью выбора разных ответов (да/нет и т.п.).\r\nРеализуемость данной угрозы зависит от требований, предъявляемых к процедурам обнаружения и исправления ошибок во вводимых данных в систему, связанную с безопасностью, а также разницей между этими требованиями и фактическим уровнем обнаружения и исправления ошибок
178	Угроза несанкционированного использования системных и сетевых утилит	Угроза заключается в возможности осуществления нарушителем деструктивного программного воздействия на систему за счёт использования имеющихся или предварительно внедрённых стандартных (известных и обычно не определяемых антивирусными программами как вредоносных) системных и сетевых утилит, предназначенных для использования администратором для диагностики и обслуживания системы (сети).\r\nРеализация данной угрозы возможна при условиях:\r\nналичие в системе стандартных системных и сетевых утилит или успешное их внедрение нарушителем в систему и сокрытие (с использованием существующих архивов, атрибутов «скрытый» или «только для чтения» и др.);\r\nналичие у нарушителя привилегий на запуск таких утилит
179	Угроза несанкционированной модификации защищаемой информации	Угроза заключается в возможности нарушения целостности защищаемой информации путём осуществления нарушителем деструктивного физического воздействия на машинный носитель информации или деструктивного программного воздействия (в т.ч. изменение отдельных бит или полное затирание информации) на данные, хранящиеся на нём.\r\nРеализация данной угрозы возможна в случае получения нарушителем системных прав на запись данных или физического доступа к машинному носителю информации на расстояние, достаточное для оказания эффективного деструктивного воздействия
180	Угроза отказа подсистемы обеспечения температурного режима	Угроза заключается в возможности повреждения части компонентов системы или системы в целом вследствие выхода температурного режима их работы из заданных требований из-за возникновения отказа входящих в неё подсистем вентиляции и температурных приборов.\r\nРеализация данной угрозы возможна как вследствие естественных техногенных причин, так и путём проведения определённых мероприятий нарушителем, направленных на удалённое отключение/вывод из строя компонентов подсистемы обеспечения температурного режима
181	Угроза перехвата одноразовых паролей в режиме реального времени	Угроза заключается в возможности получения нарушителем управления критическими операциями пользователя путём перехвата одноразовых паролей, высылаемых системой автоматически, и использования их для осуществления неправомерных действий до того, как истечёт их срок действия (обычно, не более 5 минут).\r\nРеализация данной угрозы возможна при выполнении следующих условий:\r\nналичие у нарушителя сведений об информации идентификации/аутентификации дискредитируемого пользователя условно-постоянного действия;\r\nуспешное осуществление нарушителем перехвата трафика между системой и пользователем
182	Угроза физического устаревания аппаратных компонентов	Угроза заключается в возможности нарушения функциональности системы, связанной с безопасностью, вследствие отказов аппаратных компонентов этой системы из-за их физического устаревания (ржавление, быстрый износ, окисление, загрязнение, отслаивание, шелушение и др.), обусловленного влиянием физической окружающей среды (влажности, пыли, коррозийных субстанций).\r\nВозможность реализации данной угрозы возрастает при использовании пользователями технических средств в условиях, не удовлетворяющих требованиям заданных их производителем
183	Угроза перехвата управления автоматизированной системой управления технологическими процессами	Угроза заключается в возможности осуществления нарушителем несанкционированного доступа к информационной инфраструктуре за счёт получения нарушителем права управления входящей в её состав автоматизированной системой управления технологическими процессами путём эксплуатации уязвимостей её программного обеспечения или слабостей технологических протоколов передачи данных. \r\nДанная угроза обусловлена наличием у автоматизированной системы управления технологическими процессами программных сетевых интерфейсов взаимодействия и, как следствие, возможностью несанкционированного доступа к данной системе, а также недостаточностью мер фильтрации сетевого трафика и антивирусной защиты.\r\nРеализация данной угрозы возможна при условии наличия у нарушителя прав на осуществление взаимодействия с автоматизированной системой управления технологическими процессами. Реализация данной угрозы может привести к:\r\nблокированию или искажению (некорректность выполнения) алгоритмов отработки заданий управления технологическими процессами, непосредственного управления оборудованием предприятия;\r\nнарушению штатного хода технологических процессов;\r\nчастичному или полному останову технологических процессов без (или с) выхода(-ом) оборудования из строя;\r\nаварийной ситуации в критической системе информационной инфраструктуры
184	Угроза агрегирования данных, обрабатываемых с помощью мобильного устройства	Угроза заключается в возможности осуществления нарушителем сбора и анализа информации, обрабатываемой с помощью мобильного устройства, за счёт использования специального программного обеспечения, встраиваемого пользователем в системное программное обеспечение мобильного устройства, а также встраиваемого в мобильные программы под видом программной платформы для их разработки другими компаниями.\r\nДанная угроза обусловлена наличием в мобильном устройстве множества каналов передачи данных, а также сложностью контроля потоков информации в таком устройстве.\r\nРеализация данной угрозы возможна при условии использования мобильных устройств пользователями. В качестве собираемой информации могут выступать:\r\nперсональные данные пользователя и контактирующих с ним лиц (пол, возраст, религиозные и политические взгляды и др.);\r\nинформация ограниченного доступа (история браузера, список контактов пользователя, история звонков и др.);\r\nданные об окружающей среде (текущее местоположение мобильного устройства, маршруты движения, наличие беспроводных сетей в радиусе доступа);\r\nвидеоданные, снимаемые видеокамерами мобильного устройства;\r\nаудиоданные, снимаемые микрофоном устройства
185	Угроза несанкционированного изменения параметров настройки средств защиты информации	Угроза заключается в возможности осуществления нарушителем несанкционированного изменения параметров настройки средства защиты информации. Данная угроза обусловлена слабостями мер разграничения доступа к конфигурационным файлам средства защиты информации. Реализация данной угрозы возможна при условии получения нарушителем прав доступа к программному интерфейсу управления средством защиты информации, а также при наличии у нарушителя сведений о структуре и формате файлов конфигурации средства защиты информации
186	Угроза внедрения вредоносного кода через рекламу, сервисы и контент	Угроза заключается в возможности внедрения нарушителем в информационную систему вредоносного кода посредством рекламы, сервисов и (или) контента (т.е. убеждения пользователя системы активировать ссылку, код и др.) при посещении пользователем системы сайтов в сети Интернет или установкой программ с функцией показа рекламы.\r\nДанная угроза обусловлена слабостями механизмов фильтрации сетевого трафика и антивирусного контроля на уровне организации.\r\nРеализация данной угрозы возможна при условии посещения пользователями системы с рабочих мест сайтов в сети Интернет
187	Угроза несанкционированного воздействия на средство защиты информации	Угроза заключается в возможности осуществления нарушителем несанкционированного доступа к программной среде управления средством защиты информации и изменения режима его функционирования.\r\nУгроза обусловлена наличием у средств защиты информации программной среды управления и взаимодействия с пользователями системы.\r\nРеализация данной угрозы возможна при условии получения нарушителем прав доступа к программному интерфейсу управления средством защиты информации
188	Угроза подмены программного обеспечения	Угроза заключается в возможности осуществления нарушителем внедрения в систему вредоносного программного обеспечения за счёт загрузки и установки вредоносного программного обеспечения, скрытого под видом легитимного свободно распространяемого программного обеспечения.\r\nДанная угроза обусловлена наличием у пользователя прав для установки программного обеспечения из сети Интернет.\r\nРеализация данной угрозы возможна при скачивании программного обеспечения в сети Интернет
189	Угроза маскирования действий вредоносного кода	Угроза заключается в возможности сокрытия в системе действий вредоносного кода за счет применения специальных механизмов маскирования кода (архивирование, изменение формата данных и др.), которые препятствуют его дальнейшему анализу.\r\nДанная угроза обусловлена наличием способов маскирования программного кода, не учтенных сигнатурными базами средств защиты информации, а также механизмов операционной системы, позволяющих осуществить поиск модулей средств защиты информации.\r\nРеализация данной угрозы возможна при условии использования в системе устаревших версий средств защиты информации
190	Угроза внедрения вредоносного кода за счет посещения зараженных сайтов в сети Интернет	Угроза заключается в возможности осуществления нарушителем внедрения вредоносного кода в компьютер пользователя при посещении зараженных сайтов. Нарушитель выявляет наиболее посещаемые пользователем сайты, затем их взламывает и внедряет в них вредоносный код. Данная угроза обусловлена слабостями мер антивирусной защиты, а также отсутствием правил межсетевого экранирования. Реализация данной угрозы возможна при:\r\nнеограниченном доступе пользователя в сеть Интернет;\r\nналичии у нарушителя сведений о сайтах, посещаемых пользователем
192	Угроза использования уязвимых версий программного обеспечения	Угроза заключается в возможности осуществления нарушителем деструктивного воздействия на систему путём эксплуатации уязвимостей программного обеспечения. Данная угроза обусловлена слабостями механизмов анализа программного обеспечения на наличие уязвимостей. Реализация данной угрозы возможна при отсутствии проверки перед применением программного обеспечения на наличие в нем уязвимостей или использованием программного обеспечения, поддержка которого была прекращена производителем
193	Угроза утечки информации за счет применения вредоносным программным обеспечением алгоритмов шифрования трафика	Угроза заключается в возможности утечки информации за счет применения вредоносным программным обеспечением алгоритмов шифрования трафика, скрывающих сам факт передачи данных.\r\nДанная угроза обусловлена слабостями мер защиты информации при хранении, обработке и передаче информационных ресурсов.\r\nРеализация данной угрозы возможна: \r\nпри условии успешного внедрения в дискредитируемую систему указанного вредоносного программного обеспечения;\r\nпри отсутствии или недостаточной реализации мер межсетевого экранирования
194	Угроза несанкционированного использования привилегированных функций мобильного устройства	Угроза заключается в возможности снятия нарушителем предустановленных производителем ограничений на конфигурирование привилегированных функций мобильного устройства. Данная угроза обусловлена наличием уязвимостей в операционных системах мобильного устройства, позволяющих получить доступ к настройкам привилегированных функций. \r\nРеализация данной угрозы возможна при получении нарушителем доступа к мобильному устройству
195	Угроза удаленного запуска вредоносного кода в обход механизмов защиты операционной системы	Угроза заключается в возможности удаленного запуска вредоносного кода за счет создания приложений, использующих обход механизмов защиты, встроенных в операционную систему.\r\nДанная угроза обусловлена ошибками в процессорах (например, ошибками в процессоре Intel поколения Haswell), позволяющими за счет создания специальных приложений осуществлять обход механизмов защиты, встроенных в операционную систему (например, механизма ASLR).\r\nРеализация данной угрозы возможна при: инициировании коллизии в таблице целевых буферов - с ее помощью можно узнать участки памяти, где находятся конкретные фрагменты кода;\r\nсоздании приложения, использующего эти фрагменты кода для обхода механизма защиты;\r\nзапуске данного приложения в связке с эксплойтом какой-либо уязвимости самой операционной системы для создания возможности удаленного запуска вредоносного кода
196	Угроза контроля вредоносной программой списка приложений, запущенных на мобильном устройстве	Угроза заключается в возможности использования вредоносной программы для контроля списка приложений, запущенных на мобильном устройстве.\r\nДанная угроза обусловлена недостаточностью мер по антивирусной защите, что позволяет выполнить неконтролируемый запуск вредоносных программ (отсутствие контроля разрешенного программного обеспечения). Реализация данной угрозы возможна при условии, что вредоносная программа внедрена на мобильном устройстве и непреднамеренно запущена самим пользователем
197	Угроза хищения аутентификационной информации из временных файлов cookie	Угроза заключается в возможности хищения с использованием вредоносной программы аутентификационной информации пользователей, их счетов, хранящейся во временных файлах cookie, и передачи этой информации нарушителям через открытый RDP-порт.\r\nДанная угроза обусловлена недостаточностью мер антивирусной защиты, что позволяет выполнить неконтролируемый запуск вредоносного программного обеспечения (отсутствие контроля разрешенного программного обеспечения).\r\nКроме того, данная угроза обусловлена непринятием мер по стиранию остаточной информации из временных файлов (очистке временных файлов).\r\nРеализация данной угрозы возможна при условии, что на атакуемом компьютере открыт RDP-порт
198	Угроза скрытной регистрации вредоносной программой учетных записей администраторов	Угроза заключается в возможности скрытного создания внедренной вредоносной программой учетных записей с правами администратора с целью последующего их использования для несанкционированного доступа к пользовательской информации и к настройкам программного обеспечения, установленного на инфицированном компьютере.\r\nДанная угроза обусловлена недостаточностью мер по антивирусной защите, что позволяет выполнить неконтролируемый запуск вредоносного программного обеспечения (отсутствие контроля разрешенного программного обеспечения).\r\nКроме того, данная угроза обусловлена недостаточностью мер по разграничению доступа (контроль создания учетных записей пользователей).\r\nРеализация данной угрозы возможна при условии, что на атакуемом компьютере открыт RDP-порт
199	Угроза перехвата управления мобильного устройства при использовании виртуальных голосовых ассистентов	Угроза заключается в возможности управления мобильным устройством и запущенными на нем приложениями от имени легального пользователя за счет передачи этих команд через виртуальных голосовых ассистентов (например, через Siri для IPhone).\r\nДанная угроза обусловлена проблемами аутентификации пользователя, в частности по Voice ID. Голосовой ассистент не может быть полностью уверен в том, что обращающийся к нему голос принадлежит владельцу устройства, поэтому для удобства пользователей и гарантии срабатывания устанавливается низкая чувствительность Voice ID. Это позволяет нарушителю использовать записанную на диктофон речь владельца мобильного устройства. Реализация данной угрозы возможна при условии, что виртуальный голосовой ассистент находится в активном состоянии (то есть, не отключен) и установлена низкая чувствительность голосового идентификатора
200	Угроза хищения информации с мобильного устройства при использовании виртуальных голосовых ассистентов	Угроза заключается в возможности хищения данных пользователя с его мобильного устройства через виртуальных голосовых ассистентов (например, через Siri для IPhone).\r\nДанная угроза обусловлена проблемами аутентификации пользователя, в частности по Voice ID. Голосовой ассистент не может быть полностью уверен в том, что обращающейся к нему голос принадлежит владельцу устройства, поэтому для удобства пользователей и гарантии срабатывания устанавливается низкая чувствительность Voice ID. Это позволяет нарушителю использовать записанную на диктофон речь владельца мобильного устройства. Реализация данной угрозы возможна при условии, что виртуальный голосовой ассистент находится в активном состоянии (то есть не отключен) и установлена низкая чувствительность голосового идентификатора
201	Угроза утечки пользовательских данных при использовании функций автоматического заполнения аутентификационной информации в браузере	Угроза заключается в возможности утечки пользовательских данных за счет использования реализованной в браузерах функции автоматического заполнение форм авторизации.\r\nРеализация данной угрозы обусловлена хранением в браузерах в открытом виде пользовательских данных, используемых для автозаполнения форм авторизации.\r\nРеализация данной угрозы возможна при условии, что пользователь использует браузер, в котором реализована и активирована функция автоматического заполнения форм авторизации
207	Угроза несанкционированного доступа к параметрам настройки оборудования за счет использования «мастер-кодов» (инженерных паролей)	Угроза заключается в несанкционированном получении доступа к параметрам настройки информации в оборудовании с ЧПУ посредством использования специальных «мастер-кодов» (инженерных паролей), «жестко прописанных» (не изменяемых путем конфигурирования) в программном обеспечении данного оборудования. Угроза обусловлена необходимостью проведения ремонтных работ при сбоях в ПО оборудования с ЧПУ представителями производителя
202	Угроза несанкционированной установки приложений на мобильные устройства	Угроза заключается в возможности установки приложений на виртуальные машины мобильных устройств, работающих под управлением операционной системы Android, несанкционированно запущенных внедренной вредоносной программой. Вредоносная программа запускает виртуальную машину на мобильном устройстве, размещает (устанавливает) в этой виртуальной машине неограниченное количество приложений.\r\nДанная угроза обусловлена недостаточностью мер по контролю за запуском прикладного программного обеспечения, что позволяет выполнить неконтролируемый запуск вредоносного прикладного программного обеспечения по факту совершения пользователем различных действий в системе (например, при попытке закрытия пользователем нежелательной рекламы).\r\nРеализация данной угрозы возможна при условии наличия на мобильном устройстве вредоносной программы, способной запустить виртуальную машину и установить в эту виртуальную машину приложение
203	Угроза утечки информации с неподключенных к сети Интернет компьютеров	Угроза заключается в возможности хищения данных с неподключенных к сети Интернет компьютеров за счет компрометации их аппаратных элементов или устройств коммутационного оборудования (например, маршрутизаторов), оснащенных LED-индикаторами, фиксации мерцания этих индикаторов и расшифровки полученных результатов.\r\nРеализация данной угрозы обусловлена тем, что существует возможность несанкционированного получения управления этими индикаторами (с помощью специальной прошивки или повышения привилегий и выполнения вредоносного кода), позволяющего передавать информацию путем ее преобразования в последовательность сигналов индикаторов компьютеров и коммутационного оборудования.\r\nРеализация данной угрозы возможна при условии, что злоумышленником получен физический доступ к компрометируемому компьютеру или коммутационному оборудованию для установки средства визуального съема сигналов LED-индикаторов
204	Угроза несанкционированного изменения вредоносной программой значений параметров программируемых логических контроллеров	Угроза заключается в возможности несанкционированного изменения вредоносной программой значений параметров контроля и управления исполнительными устройствами в программируемых логических контроллерах после ее проникновения и авторизации на данных устройствах.\r\nРеализация угрозы обусловлена возможностью вредоносной программы обнаруживать в сети программируемые логические контроллеры, проникать и функционировать в операционной системе программируемых логических контроллеров, а также недостатками механизмов аутентификации.\r\nРеализация данной угрозы возможна при условии, что существует возможность доступа к элементам автоматизированной системы управления технологическими процессами по сети Интернет
205	Угроза нарушения работы компьютера и блокирования доступа к его данным из-за некорректной работы установленных на нем средств защиты	Угроза заключается в возможности нарушения работы компьютера и отказа в доступе к его данным за счет ошибочного блокирования средством защиты информации файлов.\r\nРеализация данной угрозы обусловлена тем, что на компьютере установлено средство защиты информации, реализующее функцию блокирования файлов
206	Угроза отказа в работе оборудования из-за изменения геолокационной информации о нем	Угроза заключается в прекращении работы оборудования с ЧПУ, вызванном изменением геолокационной информации о данном оборудовании. Угроза обусловлена геолокационной привязкой оборудования с ЧПУ к конкретной географической координате при пуско-наладочных работах. Угроза реализуется при условии перемещения оборудования с ЧПУ и приводит к невозможности его дальнейшей эксплуатации
208	Угроза нецелевого использования вычислительных ресурсов средства вычислительной техники	Угроза заключается в возможности использования вычислительных ресурсов средств вычислительной техники для осуществления сторонних вычислительных процессов.\r\nУгроза реализуется за счет внедрения в средства вычислительной техники вредоносной программы, содержащей код, реализующий использования вычислительных ресурсов для своих нужд (в частности, для майнинга криптовалюты).\r\nДанная угроза обусловлена недостаточностью следующих мер защиты информации:\r\nмер по антивирусной защите, что позволяет выполнить установку и запуск вредоносной программы;\r\nмер по ограничению программной среды, что позволяют нарушителю осуществлять бесконтрольный запуск программных компонентов.
209	Угроза несанкционированного доступа к защищаемой памяти \r\nядра процессора	Угроза заключается в возможности получения доступа к защищенной памяти из программы, не обладающей соответствующими правами, в результате эксплуатации уязвимостей, позволяющих преодолеть механизм разграничения доступа, реализуемый центральным процессором.\r\nРеализация данной угрозы обусловлена наличием уязвимостей, связанных с ошибкой контроля доступа к памяти, основанных на спекулятивном выполнении инструкций процессора. Ошибка контроля доступа обусловлена следующими факторами:\r\n1) отсутствие проверки прав доступа процесса к читаемым областям при спекулятивном выполнении операций, в том числе при чтении из оперативной памяти;\r\n2) отсутствие очистки кэша от результатов ошибочного спекулятивного исполнения;\r\n3) хранение данных ядра операционной системы в адресном пространстве процесса.\r\nРеализация данной угрозы возможна из-за наличия процессоров, имеющих аппаратные уязвимости и отсутствия соответствующих обновлений
210	Угроза нарушения работы информационной системы, вызванного обновлением используемого в ней программного обеспечения	Угроза заключается в возможном нарушении функционирования программных, программно-аппаратных элементов информационной системы или информационной системы в целом из-за некорректной работы установленных обновлений (патчей) системного программного обеспечения.\r\nУгроза обусловлена наличием критических ошибок, дефектов, уязвимостей в используемом программном обеспечении информационной системы.\r\nРеализация данной угрозы возможна при условии установки обновлений на программно-аппаратные компоненты информационной системы
211	Угроза использования непроверенных пользовательских данных при формировании конфигурационного файла, используемого программным обеспечением администрирования информационных систем	Угроза заключается в возможности деструктивного воздействия на информационную систему и обрабатываемую ею информацию в результате работы программного обеспечения, используемого для администрирования информационных систем.\r\nДанная угроза связана со слабостями процедуры проверки пользовательских данных, используемых при формировании конфигурационного файла для программного обеспечения администрирования информационных систем.\r\nРеализация данной угрозы возможна в случае, если в информационной системе используется программное обеспечение администрирования информационных систем, которое в качестве исходных данных использует конфигурационные файлы, сформированные на основе пользовательских данных
212	Угроза перехвата управления информационной системой	Угроза заключается в возможности осуществления нарушителем несанкционированного доступа к информационным, программным и вычислительным ресурсам информационной системы в результате подмены средств централизованного управления информационной системой или её компонентами.\r\nДанная угроза обусловлена наличием у средств централизованного управления программных интерфейсов взаимодействия с другими субъектами доступа (процессами, программами) и, как следствие, возможностью несанкционированного доступа к данным средствам централизованного управления, а также недостаточностью мер по разграничению доступа к ним.\r\nРеализация данной угрозы возможна при условии наличия у нарушителя прав на осуществление взаимодействия со средствами централизованного управления
213	Угроза обхода многофакторной аутентификации	Угроза заключается в возможности обхода многофакторной аутентификации путем внедрения вредоносного кода в дискредитируемую систему и компоненты, участвующие в процедуре многофакторной аутентификации.\r\nДанная угроза обусловлена:\r\nналичием уязвимостей программного обеспечения;\r\nслабостями мер антивирусной защиты и разграничения доступа.\r\nРеализация данной угрозы возможна:\r\nв случае работы дискредитируемого пользователя с файлами, поступающими из недоверенных источников;\r\nпри наличии у него привилегий установки программного обеспечения
214	Угроза несвоевременного выявления и реагирования компонентами информационной (автоматизированной) системы (в том числе средствами защиты информации) на события безопасности информации	Угроза заключается в пропуске и/или значительной временной задержке определения (выявления) событий безопасности информации, что приводит к отсутствию реакции на попытки несанкционированного доступа в информационную (автоматизированную) систему, на внедрение вредоносных программ.\r\nДанная угроза обусловлена некорректной настройкой компонентов информационной (автоматизированной) системы и/или средств защиты информации, а также отсутствием таких компонентов и/или средств защиты информации.\r\nРеализация данной угрозы возможна при отсутствии мер защиты, связанных с мониторингом, сбором и анализом данных о событиях информационной безопасности (отсутствием мер регистрации событий безопасности)
215	Угроза несанкционированного доступа к системе при помощи сторонних сервисов	Угроза заключается в возможности осуществления нарушителем деструктивного программного воздействия на дискредитируемую систему с использованием сторонних легитимных сервисов (социальных сетей, мессенджеров, репозиториев кода и т.п.), используемых в качестве посредника.\r\nРеализация данной угрозы возможна если дискредитируемая система уже скомпрометирована.
216	Угроза получения несанкционированного доступа к приложениям, установленным на Smart-картах	Угроза заключается в возможности осуществления нарушителем несанкционированного доступа к приложениям, установленным на Smart-картах путем отправки специально сформированных команд управления (например, специально сформированных SMS-сообщений, отправленных на SIM-карту).\r\nДанная угроза обусловлена наличием уязвимостей в приложениях, устанавливаемых на Smart-карты.\r\nРеализация данной угрозы возможна при использовании Smart-карт типа Java Card
217	Угроза использования скомпрометированного доверенного источника обновлений программного обеспечения	Угроза заключается в возможности внедрения вредоносного кода в информационную систему за счет использования скомпрометированных доверенных источников обновлений программного обеспечения.\r\nРеализация данной угрозы возможна при использовании скомпрометированных доверенных серверов обновлений программного обеспечения
218	Угроза раскрытия информации о модели машинного обучения	Угроза заключается в возможности раскрытия нарушителем информации о модели машинного обучения, используемой в информационной (автоматизированной) системе.\r\nДанная угроза обусловлена слабостями разграничения доступа в информационных (автоматизированных) системах, использующих машинное обучение.\r\nРеализация данной угрозы возможна при наличии у нарушителя непосредственного доступа к модели машинного обучения
219	Угроза хищения обучающих данных	Угроза заключается в возможности хищения нарушителем обучающих данных, используемых в информационной (автоматизированной) системе, реализующей технологии искусственного интеллекта.\r\nДанная угроза обусловлена слабостями разграничения доступа к обучающим данным, используемым в информационной (автоматизированной) системе.\r\nРеализация данной угрозы возможна при наличии у нарушителя непосредственного доступа к обучающим данным
220	Угроза нарушения функционирования («обхода») средств, реализующих технологии искусственного интеллекта	Угроза заключается в возможности нарушения функционирования («обхода») нарушителем средств, реализующих технологии искусственного интеллекта.\r\nДанная угроза обусловлена следующими причинами:\r\n- отсутствие в обучающей выборке необходимых данных;\r\n- наличием недостатков модели машинного обучения;
221	Угроза модификации модели машинного обучения путем искажения («отравления») обучающих данных	Угроза заключается в возможности модификации (искажения) модели машинного обучения, используемой в информационной (автоматизированной) системе, реализующей технологии искусственного интеллекта.\r\nДанная угроза обусловлена:\r\n- недостатками реализации процесса машинного обучения;\r\n- недостатками устройства алгоритмов машинного обучения.\r\nРеализация данной угрозы возможна при наличии у нарушителя возможности воздействовать на процесс машинного обучения
222	Угроза подмены модели машинного обучения	Угроза заключается в возможности подмены нарушителем модели машинного обучения, используемой в информационной (автоматизированной) системе, реализующей технологии искусственного интеллекта.\r\nДанная угроза обусловлена слабостями разграничения доступа в информационных (автоматизированных) системах, использующих машинное обучение.\r\nРеализация данной угрозы возможна при наличии у нарушителя непосредственного доступа к модели машинного обучения
\.


--
-- TOC entry 3537 (class 0 OID 16426)
-- Dependencies: 225
-- Data for Name: threats_to_influence_objects; Type: TABLE DATA; Schema: threat_and_sec_schema; Owner: savenkova
--

COPY threat_and_sec_schema.threats_to_influence_objects (threat_id, influence_object_id) FROM stdin;
1	14
2	9
3	7
3	2
4	10
5	10
6	2
6	5
6	4
7	7
7	6
7	4
7	9
8	2
8	10
8	3
9	10
10	7
10	9
10	1
10	13
10	3
10	6
11	9
12	2
12	5
12	4
12	10
12	7
12	13
13	10
14	7
14	9
14	1
14	2
14	4
15	13
16	4
17	5
17	4
18	10
19	9
19	4
20	12
20	6
21	12
22	1
22	2
22	4
23	7
23	8
23	1
23	6
23	2
23	5
24	10
25	2
25	5
25	4
26	9
26	4
27	2
27	5
27	4
27	1
28	9
28	13
28	5
28	2
29	16
30	1
30	2
30	4
30	10
31	2
31	5
31	4
32	10
33	2
33	5
33	4
33	10
34	2
34	4
34	9
35	10
36	2
36	5
36	4
36	10
37	2
37	5
37	4
37	10
38	7
39	10
40	12
41	9
41	4
42	9
42	4
43	12
43	8
44	6
45	10
46	9
46	4
46	7
46	3
47	14
47	9
48	6
48	9
48	4
49	4
50	15
50	7
51	1
51	2
51	7
51	13
52	12
52	6
52	1
52	2
53	10
54	7
54	8
54	1
54	13
55	12
55	1
55	4
56	7
56	12
57	15
57	7
58	12
59	7
59	8
60	15
60	7
61	9
61	7
61	4
62	4
63	2
63	5
63	4
63	10
63	1
64	2
64	5
64	4
65	2
66	12
67	1
67	13
68	2
68	5
68	4
68	10
69	9
70	12
71	1
72	10
73	1
73	10
73	4
73	13
74	2
74	13
74	3
74	1
75	4
75	9
75	13
76	6
77	8
77	1
77	6
77	7
78	6
79	6
80	13
81	14
82	16
83	9
83	3
83	1
84	13
85	1
85	13
86	2
86	13
86	3
87	1
87	10
88	13
88	1
89	2
90	2
91	7
91	13
91	2
92	7
92	1
93	2
93	5
93	4
94	2
94	5
94	4
94	10
95	2
95	5
95	4
96	2
96	12
97	15
98	9
98	4
99	9
99	4
100	2
100	4
101	13
101	1
101	8
102	2
102	5
102	4
103	9
103	4
104	9
104	4
105	15
105	7
106	16
107	2
108	2
108	6
109	2
109	5
109	4
109	10
110	14
111	9
111	4
112	2
112	5
113	2
113	1
114	2
114	5
114	4
115	2
115	5
115	1
116	9
117	2
117	5
117	4
118	2
118	5
118	4
119	2
119	6
120	7
120	2
121	13
121	2
122	2
122	4
122	7
123	10
124	2
125	9
125	4
126	9
126	4
126	1
127	5
127	4
128	9
128	4
129	10
130	5
130	4
130	9
131	5
131	4
131	9
132	9
132	4
132	5
133	9
133	7
134	13
134	7
134	12
135	2
135	7
135	13
136	7
136	15
137	9
137	13
138	7
138	12
138	2
138	5
138	4
139	8
139	1
140	7
140	9
140	2
140	4
140	1
141	7
141	12
141	2
141	4
141	9
141	13
142	2
142	1
142	9
143	1
143	10
144	10
144	2
145	2
145	5
145	4
146	16
146	9
146	2
147	14
147	4
148	7
148	16
149	7
149	13
149	2
150	10
150	9
151	4
151	9
152	2
152	10
152	3
153	7
153	9
153	2
153	4
154	10
155	7
155	9
155	1
155	2
155	4
156	1
157	8
157	1
158	1
159	9
159	4
160	8
160	1
161	16
162	2
162	5
163	2
164	12
164	6
165	3
165	1
165	7
166	3
166	7
167	9
167	4
168	4
169	3
169	1
170	13
171	9
171	4
172	4
173	4
174	1
174	4
174	9
175	1
175	4
175	9
176	1
177	2
177	4
177	5
177	1
178	2
179	13
180	1
180	2
181	4
182	1
183	3
184	11
185	1
186	4
187	1
188	5
188	4
188	2
189	2
189	4
190	4
191	5
191	4
191	2
192	5
192	4
192	2
193	7
193	13
194	11
195	1
196	11
197	3
198	2
199	11
200	11
201	3
202	11
203	3
204	1
205	1
205	3
206	1
207	1
207	3
208	1
208	11
209	1
210	1
210	10
210	2
211	2
212	7
213	2
213	10
213	3
214	3
214	9
215	3
216	3
217	7
217	13
218	3
219	3
220	3
221	3
222	3
\.


--
-- TOC entry 3572 (class 0 OID 82195)
-- Dependencies: 260
-- Data for Name: threats_to_offenders; Type: TABLE DATA; Schema: threat_and_sec_schema; Owner: savenkova
--

COPY threat_and_sec_schema.threats_to_offenders (threat_id, offender_power_level_id, offender_category) FROM stdin;
1	2	Внешний
1	3	Внешний
1	2	Внутренний
1	3	Внутренний
2	2	Внешний
2	3	Внешний
3	2	Внешний
3	3	Внешний
3	2	Внутренний
3	3	Внутренний
4	1	Внутренний
5	4	Внутренний
6	1	Внешний
7	2	Внешний
7	3	Внешний
7	2	Внутренний
7	3	Внутренний
8	1	Внешний
8	1	Внутренний
9	1	Внутренний
10	2	Внешний
10	3	Внешний
10	2	Внутренний
10	3	Внутренний
11	1	Внешний
11	1	Внутренний
12	1	Внутренний
13	1	Внутренний
14	1	Внешний
14	1	Внутренний
15	1	Внешний
15	1	Внутренний
16	2	Внешний
16	3	Внешний
17	1	Внешний
18	1	Внутренний
19	1	Внешний
20	1	Внутренний
21	1	Внешний
22	1	Внешний
22	1	Внутренний
23	1	Внутренний
24	4	Внутренний
25	2	Внутренний
25	3	Внутренний
26	2	Внешний
26	3	Внешний
26	2	Внутренний
26	3	Внутренний
27	4	Внешний
27	1	Внутренний
28	1	Внешний
28	1	Внутренний
29	1	Внешний
29	1	Внутренний
30	1	Внутренний
30	2	Внешний
30	3	Внешний
31	1	Внешний
31	1	Внутренний
32	2	Внешний
32	3	Внешний
33	2	Внешний
33	3	Внешний
33	2	Внутренний
33	3	Внутренний
34	1	Внешний
34	1	Внутренний
35	4	Внешний
36	2	Внешний
36	3	Внешний
36	2	Внутренний
36	3	Внутренний
37	2	Внешний
37	3	Внешний
37	2	Внутренний
37	3	Внутренний
38	1	Внутренний
39	2	Внешний
39	3	Внешний
40	1	Внешний
41	1	Внешний
42	2	Внешний
42	3	Внешний
43	1	Внешний
43	1	Внутренний
44	2	Внешний
44	3	Внешний
44	2	Внутренний
44	3	Внутренний
45	1	Внутренний
46	1	Внешний
46	1	Внутренний
47	2	Внешний
47	3	Внешний
47	2	Внутренний
47	3	Внутренний
48	2	Внешний
48	3	Внешний
48	2	Внутренний
48	3	Внутренний
49	1	Внешний
49	1	Внутренний
50	1	Внутренний
51	1	Внутренний
52	1	Внешний
53	1	Внутренний
54	1	Внешний
55	1	Внешний
55	1	Внутренний
56	1	Внешний
57	1	Внутренний
58	1	Внешний
58	1	Внутренний
59	1	Внешний
59	1	Внутренний
60	1	Внутренний
61	2	Внутренний
61	3	Внутренний
62	1	Внешний
63	2	Внешний
63	3	Внешний
63	2	Внутренний
63	3	Внутренний
64	1	Внешний
64	1	Внутренний
65	1	Внешний
65	1	Внутренний
66	1	Внешний
67	1	Внутренний
68	2	Внешний
68	3	Внешний
68	2	Внутренний
68	3	Внутренний
69	1	Внешний
70	2	Внутренний
70	3	Внутренний
71	1	Внешний
71	1	Внутренний
72	1	Внутренний
73	2	Внешний
73	3	Внешний
73	2	Внутренний
73	3	Внутренний
74	1	Внешний
74	1	Внутренний
75	1	Внешний
75	1	Внутренний
76	2	Внешний
76	3	Внешний
76	2	Внутренний
76	3	Внутренний
77	2	Внешний
77	3	Внешний
77	2	Внутренний
77	3	Внутренний
78	1	Внешний
78	1	Внутренний
79	1	Внешний
79	1	Внутренний
80	2	Внешний
80	3	Внешний
80	2	Внутренний
80	3	Внутренний
81	2	Внешний
81	3	Внешний
82	2	Внутренний
82	3	Внутренний
83	1	Внешний
84	1	Внешний
84	1	Внутренний
85	2	Внешний
85	3	Внешний
85	2	Внутренний
85	3	Внутренний
86	1	Внешний
86	1	Внутренний
87	4	Внешний
87	1	Внутренний
88	1	Внешний
88	1	Внутренний
89	1	Внешний
89	1	Внутренний
90	1	Внешний
90	1	Внутренний
91	1	Внешний
91	1	Внутренний
92	4	Внешний
93	1	Внешний
93	1	Внутренний
94	2	Внешний
94	3	Внешний
94	2	Внутренний
94	3	Внутренний
95	2	Внешний
95	3	Внешний
95	2	Внутренний
95	3	Внутренний
96	1	Внешний
96	1	Внутренний
97	1	Внутренний
98	1	Внешний
99	1	Внешний
100	1	Внешний
100	1	Внутренний
101	2	Внешний
101	3	Внешний
102	2	Внешний
102	3	Внешний
102	2	Внутренний
102	3	Внутренний
103	1	Внешний
104	1	Внешний
105	1	Внутренний
106	1	Внутренний
107	4	Внешний
107	1	Внутренний
108	1	Внутренний
109	2	Внешний
109	3	Внешний
109	2	Внутренний
109	3	Внутренний
110	1	Внутренний
111	2	Внешний
111	3	Внешний
111	2	Внутренний
111	3	Внутренний
112	1	Внутренний
113	1	Внешний
113	1	Внутренний
114	2	Внешний
114	3	Внешний
114	2	Внутренний
114	3	Внутренний
115	1	Внешний
115	1	Внутренний
116	1	Внешний
117	2	Внешний
117	3	Внешний
117	2	Внутренний
117	3	Внутренний
118	2	Внешний
118	3	Внешний
118	2	Внутренний
118	3	Внутренний
119	2	Внешний
119	3	Внешний
119	2	Внутренний
119	3	Внутренний
120	2	Внешний
120	3	Внешний
120	2	Внутренний
120	3	Внутренний
121	1	Внешний
121	1	Внутренний
122	2	Внешний
122	3	Внешний
122	2	Внутренний
122	3	Внутренний
123	1	Внутренний
124	1	Внешний
124	1	Внутренний
125	1	Внешний
126	1	Внешний
127	2	Внешний
127	3	Внешний
128	1	Внешний
129	1	Внутренний
130	1	Внешний
131	2	Внешний
131	3	Внешний
132	2	Внешний
132	3	Внешний
133	1	Внешний
134	2	Внутренний
134	3	Внутренний
135	1	Внутренний
136	1	Внутренний
137	4	Внешний
138	2	Внутренний
138	3	Внутренний
139	2	Внешний
139	3	Внешний
140	1	Внешний
140	1	Внутренний
141	1	Внутренний
143	2	Внешний
143	3	Внешний
143	2	Внутренний
143	3	Внутренний
144	1	Внутренний
145	1	Внешний
145	1	Внутренний
146	2	Внешний
146	3	Внешний
146	2	Внутренний
146	3	Внутренний
147	2	Внутренний
147	3	Внутренний
149	2	Внешний
149	3	Внешний
149	2	Внутренний
149	3	Внутренний
150	2	Внутренний
150	3	Внутренний
151	1	Внешний
152	1	Внешний
152	1	Внутренний
153	1	Внешний
153	1	Внутренний
154	2	Внешний
154	3	Внешний
154	2	Внутренний
154	3	Внутренний
155	1	Внешний
155	1	Внутренний
156	1	Внутренний
157	1	Внешний
158	1	Внешний
158	1	Внутренний
159	1	Внешний
160	1	Внешний
161	1	Внутренний
162	1	Внешний
162	1	Внутренний
163	2	Внешний
163	3	Внешний
163	2	Внутренний
163	3	Внутренний
164	1	Внешний
164	1	Внутренний
165	2	Внутренний
165	3	Внутренний
166	2	Внутренний
166	3	Внутренний
167	1	Внутренний
168	1	Внешний
169	2	Внутренний
169	3	Внутренний
170	1	Внешний
171	1	Внешний
172	1	Внешний
173	1	Внешний
174	1	Внешний
175	1	Внешний
176	1	Внешний
177	1	Внутренний
178	1	Внешний
178	1	Внутренний
179	1	Внешний
179	1	Внутренний
180	1	Внутренний
180	2	Внешний
180	3	Внешний
181	2	Внешний
181	3	Внешний
182	1	Внутренний
183	4	Внешний
183	2	Внутренний
183	3	Внутренний
184	2	Внутренний
184	3	Внутренний
185	1	Внешний
185	1	Внутренний
186	1	Внутренний
187	2	Внешний
187	3	Внешний
187	2	Внутренний
187	3	Внутренний
188	2	Внутренний
188	3	Внутренний
189	2	Внешний
189	3	Внешний
190	2	Внешний
190	3	Внешний
191	1	Внешний
191	1	Внутренний
192	1	Внешний
192	1	Внутренний
193	2	Внешний
193	3	Внешний
194	4	Внешний
195	4	Внешний
196	4	Внешний
197	2	Внешний
197	3	Внешний
198	2	Внешний
198	3	Внешний
199	2	Внешний
199	3	Внешний
200	2	Внешний
200	3	Внешний
201	2	Внешний
201	3	Внешний
202	2	Внешний
202	3	Внешний
203	2	Внешний
203	3	Внешний
203	2	Внутренний
203	3	Внутренний
204	2	Внешний
204	3	Внешний
205	1	Внешний
206	4	Внешний
207	1	Внешний
207	1	Внутренний
208	1	Внешний
208	1	Внутренний
208	2	Внешний
208	3	Внешний
208	2	Внутренний
208	3	Внутренний
209	1	Внешний
209	1	Внутренний
210	4	Внутренний
211	1	Внутренний
212	2	Внутренний
212	3	Внутренний
213	4	Внешний
214	2	Внутренний
214	3	Внутренний
215	2	Внешний
215	3	Внешний
216	2	Внешний
216	3	Внешний
217	2	Внутренний
217	3	Внутренний
217	2	Внешний
217	3	Внешний
218	4	Внешний
218	2	Внутренний
218	3	Внутренний
219	2	Внешний
219	3	Внешний
219	2	Внутренний
219	3	Внутренний
220	4	Внешний
220	2	Внутренний
220	3	Внутренний
221	4	Внешний
221	2	Внутренний
221	3	Внутренний
222	4	Внутренний
\.


--
-- TOC entry 3580 (class 0 OID 0)
-- Dependencies: 233
-- Name: basic_defensive_measures_id_seq; Type: SEQUENCE SET; Schema: defensive_measures_schema; Owner: savenkova
--

SELECT pg_catalog.setval('defensive_measures_schema.basic_defensive_measures_id_seq', 706, true);


--
-- TOC entry 3581 (class 0 OID 0)
-- Dependencies: 240
-- Name: data_security_tools_id_seq; Type: SEQUENCE SET; Schema: defensive_measures_schema; Owner: savenkova
--

SELECT pg_catalog.setval('defensive_measures_schema.data_security_tools_id_seq', 47, true);


--
-- TOC entry 3582 (class 0 OID 0)
-- Dependencies: 244
-- Name: ispdn_security_class_id_seq; Type: SEQUENCE SET; Schema: defensive_measures_schema; Owner: savenkova
--

SELECT pg_catalog.setval('defensive_measures_schema.ispdn_security_class_id_seq', 30, true);


--
-- TOC entry 3583 (class 0 OID 0)
-- Dependencies: 256
-- Name: security_class_rules_id_seq; Type: SEQUENCE SET; Schema: defensive_measures_schema; Owner: savenkova
--

SELECT pg_catalog.setval('defensive_measures_schema.security_class_rules_id_seq', 9, true);


--
-- TOC entry 3584 (class 0 OID 0)
-- Dependencies: 248
-- Name: offenders_id_seq; Type: SEQUENCE SET; Schema: offenders_schema; Owner: savenkova
--

SELECT pg_catalog.setval('offenders_schema.offenders_id_seq', 13, true);


--
-- TOC entry 3585 (class 0 OID 0)
-- Dependencies: 250
-- Name: offenders_power_levels_id_seq; Type: SEQUENCE SET; Schema: offenders_schema; Owner: savenkova
--

SELECT pg_catalog.setval('offenders_schema.offenders_power_levels_id_seq', 4, true);


--
-- TOC entry 3586 (class 0 OID 0)
-- Dependencies: 253
-- Name: offenders_reason_id_seq; Type: SEQUENCE SET; Schema: offenders_schema; Owner: savenkova
--

SELECT pg_catalog.setval('offenders_schema.offenders_reason_id_seq', 13, true);


--
-- TOC entry 3587 (class 0 OID 0)
-- Dependencies: 238
-- Name: data_replacements_id_seq; Type: SEQUENCE SET; Schema: report_generation_data_schema; Owner: savenkova
--

SELECT pg_catalog.setval('report_generation_data_schema.data_replacements_id_seq', 27, true);


--
-- TOC entry 3588 (class 0 OID 0)
-- Dependencies: 255
-- Name: report_request_history_id_seq; Type: SEQUENCE SET; Schema: report_generation_data_schema; Owner: savenkova
--

SELECT pg_catalog.setval('report_generation_data_schema.report_request_history_id_seq', 50, true);


--
-- TOC entry 3589 (class 0 OID 0)
-- Dependencies: 246
-- Name: main_techniques_id_seq; Type: SEQUENCE SET; Schema: tactics_techniques_schema; Owner: savenkova
--

SELECT pg_catalog.setval('tactics_techniques_schema.main_techniques_id_seq', 145, true);


--
-- TOC entry 3590 (class 0 OID 0)
-- Dependencies: 258
-- Name: tactics_id_seq; Type: SEQUENCE SET; Schema: tactics_techniques_schema; Owner: savenkova
--

SELECT pg_catalog.setval('tactics_techniques_schema.tactics_id_seq', 10, true);


--
-- TOC entry 3591 (class 0 OID 0)
-- Dependencies: 236
-- Name: consequences_id_seq; Type: SEQUENCE SET; Schema: threat_and_sec_schema; Owner: savenkova
--

SELECT pg_catalog.setval('threat_and_sec_schema.consequences_id_seq', 194, true);


--
-- TOC entry 3592 (class 0 OID 0)
-- Dependencies: 222
-- Name: influence_objects_id_seq; Type: SEQUENCE SET; Schema: threat_and_sec_schema; Owner: savenkova
--

SELECT pg_catalog.setval('threat_and_sec_schema.influence_objects_id_seq', 16, true);


--
-- TOC entry 3593 (class 0 OID 0)
-- Dependencies: 228
-- Name: risks_id_seq; Type: SEQUENCE SET; Schema: threat_and_sec_schema; Owner: savenkova
--

SELECT pg_catalog.setval('threat_and_sec_schema.risks_id_seq', 3, true);


--
-- TOC entry 3594 (class 0 OID 0)
-- Dependencies: 226
-- Name: system_categories_id_seq; Type: SEQUENCE SET; Schema: threat_and_sec_schema; Owner: savenkova
--

SELECT pg_catalog.setval('threat_and_sec_schema.system_categories_id_seq', 3, true);


--
-- TOC entry 3595 (class 0 OID 0)
-- Dependencies: 230
-- Name: threats_execution_methods_id_seq; Type: SEQUENCE SET; Schema: threat_and_sec_schema; Owner: savenkova
--

SELECT pg_catalog.setval('threat_and_sec_schema.threats_execution_methods_id_seq', 26, true);


--
-- TOC entry 3338 (class 2606 OID 74122)
-- Name: basic_defensive_measures basic_defensive_measures_pkey; Type: CONSTRAINT; Schema: defensive_measures_schema; Owner: savenkova
--

ALTER TABLE ONLY defensive_measures_schema.basic_defensive_measures
    ADD CONSTRAINT basic_defensive_measures_pkey PRIMARY KEY (id);


--
-- TOC entry 3344 (class 2606 OID 74128)
-- Name: data_security_tools data_security_tools_name_key; Type: CONSTRAINT; Schema: defensive_measures_schema; Owner: savenkova
--

ALTER TABLE ONLY defensive_measures_schema.data_security_tools
    ADD CONSTRAINT data_security_tools_name_key UNIQUE (name);


--
-- TOC entry 3346 (class 2606 OID 74130)
-- Name: data_security_tools data_security_tools_pkey; Type: CONSTRAINT; Schema: defensive_measures_schema; Owner: savenkova
--

ALTER TABLE ONLY defensive_measures_schema.data_security_tools
    ADD CONSTRAINT data_security_tools_pkey PRIMARY KEY (id);


--
-- TOC entry 3350 (class 2606 OID 74132)
-- Name: ispdn_security_class ispdn_security_class_pkey; Type: CONSTRAINT; Schema: defensive_measures_schema; Owner: savenkova
--

ALTER TABLE ONLY defensive_measures_schema.ispdn_security_class
    ADD CONSTRAINT ispdn_security_class_pkey PRIMARY KEY (id);


--
-- TOC entry 3348 (class 2606 OID 74148)
-- Name: gis_security_class security_class_rules_pkey; Type: CONSTRAINT; Schema: defensive_measures_schema; Owner: savenkova
--

ALTER TABLE ONLY defensive_measures_schema.gis_security_class
    ADD CONSTRAINT security_class_rules_pkey PRIMARY KEY (id);


--
-- TOC entry 3354 (class 2606 OID 74136)
-- Name: offenders offenders_pkey; Type: CONSTRAINT; Schema: offenders_schema; Owner: savenkova
--

ALTER TABLE ONLY offenders_schema.offenders
    ADD CONSTRAINT offenders_pkey PRIMARY KEY (id);


--
-- TOC entry 3356 (class 2606 OID 74138)
-- Name: offenders_power_levels offenders_power_levels_level_code_key; Type: CONSTRAINT; Schema: offenders_schema; Owner: savenkova
--

ALTER TABLE ONLY offenders_schema.offenders_power_levels
    ADD CONSTRAINT offenders_power_levels_level_code_key UNIQUE (level_code);


--
-- TOC entry 3358 (class 2606 OID 74140)
-- Name: offenders_power_levels offenders_power_levels_level_name_key; Type: CONSTRAINT; Schema: offenders_schema; Owner: savenkova
--

ALTER TABLE ONLY offenders_schema.offenders_power_levels
    ADD CONSTRAINT offenders_power_levels_level_name_key UNIQUE (level_name);


--
-- TOC entry 3360 (class 2606 OID 74142)
-- Name: offenders_power_levels offenders_power_levels_pkey; Type: CONSTRAINT; Schema: offenders_schema; Owner: savenkova
--

ALTER TABLE ONLY offenders_schema.offenders_power_levels
    ADD CONSTRAINT offenders_power_levels_pkey PRIMARY KEY (id);


--
-- TOC entry 3362 (class 2606 OID 74144)
-- Name: offenders_reasons offenders_reason_pkey; Type: CONSTRAINT; Schema: offenders_schema; Owner: savenkova
--

ALTER TABLE ONLY offenders_schema.offenders_reasons
    ADD CONSTRAINT offenders_reason_pkey PRIMARY KEY (id);


--
-- TOC entry 3342 (class 2606 OID 74126)
-- Name: data_replacements data_replacements_pkey; Type: CONSTRAINT; Schema: report_generation_data_schema; Owner: savenkova
--

ALTER TABLE ONLY report_generation_data_schema.data_replacements
    ADD CONSTRAINT data_replacements_pkey PRIMARY KEY (id);


--
-- TOC entry 3364 (class 2606 OID 74146)
-- Name: report_request_history report_request_history_pkey; Type: CONSTRAINT; Schema: report_generation_data_schema; Owner: savenkova
--

ALTER TABLE ONLY report_generation_data_schema.report_request_history
    ADD CONSTRAINT report_request_history_pkey PRIMARY KEY (id);


--
-- TOC entry 3352 (class 2606 OID 74134)
-- Name: main_techniques main_techniques_pkey; Type: CONSTRAINT; Schema: tactics_techniques_schema; Owner: savenkova
--

ALTER TABLE ONLY tactics_techniques_schema.main_techniques
    ADD CONSTRAINT main_techniques_pkey PRIMARY KEY (id);


--
-- TOC entry 3366 (class 2606 OID 74150)
-- Name: tactics tactics_pkey; Type: CONSTRAINT; Schema: tactics_techniques_schema; Owner: savenkova
--

ALTER TABLE ONLY tactics_techniques_schema.tactics
    ADD CONSTRAINT tactics_pkey PRIMARY KEY (id);


--
-- TOC entry 3368 (class 2606 OID 74152)
-- Name: tactics_to_techniques unique_technique; Type: CONSTRAINT; Schema: tactics_techniques_schema; Owner: savenkova
--

ALTER TABLE ONLY tactics_techniques_schema.tactics_to_techniques
    ADD CONSTRAINT unique_technique UNIQUE (technique_id);


--
-- TOC entry 3340 (class 2606 OID 74124)
-- Name: consequences consequences_pkey; Type: CONSTRAINT; Schema: threat_and_sec_schema; Owner: savenkova
--

ALTER TABLE ONLY threat_and_sec_schema.consequences
    ADD CONSTRAINT consequences_pkey PRIMARY KEY (id);


--
-- TOC entry 3322 (class 2606 OID 16441)
-- Name: influence_objects influence_objects_pkey; Type: CONSTRAINT; Schema: threat_and_sec_schema; Owner: savenkova
--

ALTER TABLE ONLY threat_and_sec_schema.influence_objects
    ADD CONSTRAINT influence_objects_pkey PRIMARY KEY (id);


--
-- TOC entry 3330 (class 2606 OID 49425)
-- Name: risks risks_code_key; Type: CONSTRAINT; Schema: threat_and_sec_schema; Owner: savenkova
--

ALTER TABLE ONLY threat_and_sec_schema.risks
    ADD CONSTRAINT risks_code_key UNIQUE (code);


--
-- TOC entry 3332 (class 2606 OID 49423)
-- Name: risks risks_pkey; Type: CONSTRAINT; Schema: threat_and_sec_schema; Owner: savenkova
--

ALTER TABLE ONLY threat_and_sec_schema.risks
    ADD CONSTRAINT risks_pkey PRIMARY KEY (id);


--
-- TOC entry 3326 (class 2606 OID 16543)
-- Name: system_categories system_categories_name_key; Type: CONSTRAINT; Schema: threat_and_sec_schema; Owner: savenkova
--

ALTER TABLE ONLY threat_and_sec_schema.system_categories
    ADD CONSTRAINT system_categories_name_key UNIQUE (name);


--
-- TOC entry 3328 (class 2606 OID 16541)
-- Name: system_categories system_categories_pkey; Type: CONSTRAINT; Schema: threat_and_sec_schema; Owner: savenkova
--

ALTER TABLE ONLY threat_and_sec_schema.system_categories
    ADD CONSTRAINT system_categories_pkey PRIMARY KEY (id);


--
-- TOC entry 3324 (class 2606 OID 16453)
-- Name: threats_info threat_info_pkey; Type: CONSTRAINT; Schema: threat_and_sec_schema; Owner: savenkova
--

ALTER TABLE ONLY threat_and_sec_schema.threats_info
    ADD CONSTRAINT threat_info_pkey PRIMARY KEY (id);


--
-- TOC entry 3334 (class 2606 OID 57597)
-- Name: threats_execution_methods threats_execution_methods_name_key; Type: CONSTRAINT; Schema: threat_and_sec_schema; Owner: savenkova
--

ALTER TABLE ONLY threat_and_sec_schema.threats_execution_methods
    ADD CONSTRAINT threats_execution_methods_name_key UNIQUE (name);


--
-- TOC entry 3336 (class 2606 OID 57595)
-- Name: threats_execution_methods threats_execution_methods_pkey; Type: CONSTRAINT; Schema: threat_and_sec_schema; Owner: savenkova
--

ALTER TABLE ONLY threat_and_sec_schema.threats_execution_methods
    ADD CONSTRAINT threats_execution_methods_pkey PRIMARY KEY (id);


--
-- TOC entry 3371 (class 2606 OID 74153)
-- Name: basic_defensive_measures_to_data_security_tools basic_defensive_measures_to_data_security_security_tool_id_fkey; Type: FK CONSTRAINT; Schema: defensive_measures_schema; Owner: savenkova
--

ALTER TABLE ONLY defensive_measures_schema.basic_defensive_measures_to_data_security_tools
    ADD CONSTRAINT basic_defensive_measures_to_data_security_security_tool_id_fkey FOREIGN KEY (security_tool_id) REFERENCES defensive_measures_schema.data_security_tools(id);


--
-- TOC entry 3372 (class 2606 OID 74158)
-- Name: basic_defensive_measures_to_data_security_tools basic_defensive_measures_to_data_security_tools_measure_id_fkey; Type: FK CONSTRAINT; Schema: defensive_measures_schema; Owner: savenkova
--

ALTER TABLE ONLY defensive_measures_schema.basic_defensive_measures_to_data_security_tools
    ADD CONSTRAINT basic_defensive_measures_to_data_security_tools_measure_id_fkey FOREIGN KEY (measure_id) REFERENCES defensive_measures_schema.basic_defensive_measures(id);


--
-- TOC entry 3377 (class 2606 OID 74173)
-- Name: defensive_measures_to_security_class defensive_measures_to_defense_class_measure_id_fkey; Type: FK CONSTRAINT; Schema: defensive_measures_schema; Owner: savenkova
--

ALTER TABLE ONLY defensive_measures_schema.defensive_measures_to_security_class
    ADD CONSTRAINT defensive_measures_to_defense_class_measure_id_fkey FOREIGN KEY (measure_id) REFERENCES defensive_measures_schema.basic_defensive_measures(id);


--
-- TOC entry 3378 (class 2606 OID 74215)
-- Name: defensive_measures_to_security_class measure_to_sec_class_fk; Type: FK CONSTRAINT; Schema: defensive_measures_schema; Owner: savenkova
--

ALTER TABLE ONLY defensive_measures_schema.defensive_measures_to_security_class
    ADD CONSTRAINT measure_to_sec_class_fk FOREIGN KEY (measure_id) REFERENCES defensive_measures_schema.basic_defensive_measures(id);


--
-- TOC entry 3379 (class 2606 OID 74183)
-- Name: offenders_power_levels_to_offenders offenders_power_levels_to_offenders_offender_id_fkey; Type: FK CONSTRAINT; Schema: offenders_schema; Owner: savenkova
--

ALTER TABLE ONLY offenders_schema.offenders_power_levels_to_offenders
    ADD CONSTRAINT offenders_power_levels_to_offenders_offender_id_fkey FOREIGN KEY (offender_id) REFERENCES offenders_schema.offenders(id);


--
-- TOC entry 3380 (class 2606 OID 74188)
-- Name: offenders_power_levels_to_offenders offenders_power_levels_to_offenders_power_level_id_fkey; Type: FK CONSTRAINT; Schema: offenders_schema; Owner: savenkova
--

ALTER TABLE ONLY offenders_schema.offenders_power_levels_to_offenders
    ADD CONSTRAINT offenders_power_levels_to_offenders_power_level_id_fkey FOREIGN KEY (power_level_id) REFERENCES offenders_schema.offenders_power_levels(id);


--
-- TOC entry 3381 (class 2606 OID 74193)
-- Name: offenders_reasons offenders_reason_offender_fkey; Type: FK CONSTRAINT; Schema: offenders_schema; Owner: savenkova
--

ALTER TABLE ONLY offenders_schema.offenders_reasons
    ADD CONSTRAINT offenders_reason_offender_fkey FOREIGN KEY (offender) REFERENCES offenders_schema.offenders(id);


--
-- TOC entry 3382 (class 2606 OID 74220)
-- Name: offenders_reasons offenders_reasons_offenders_id_fk; Type: FK CONSTRAINT; Schema: offenders_schema; Owner: savenkova
--

ALTER TABLE ONLY offenders_schema.offenders_reasons
    ADD CONSTRAINT offenders_reasons_offenders_id_fk FOREIGN KEY (offender) REFERENCES offenders_schema.offenders(id);


--
-- TOC entry 3375 (class 2606 OID 74235)
-- Name: data_replacements data_replacements_system_categories_id_fk; Type: FK CONSTRAINT; Schema: report_generation_data_schema; Owner: savenkova
--

ALTER TABLE ONLY report_generation_data_schema.data_replacements
    ADD CONSTRAINT data_replacements_system_categories_id_fk FOREIGN KEY (system_category) REFERENCES threat_and_sec_schema.system_categories(id);


--
-- TOC entry 3376 (class 2606 OID 74178)
-- Name: data_replacements fk_category; Type: FK CONSTRAINT; Schema: report_generation_data_schema; Owner: savenkova
--

ALTER TABLE ONLY report_generation_data_schema.data_replacements
    ADD CONSTRAINT fk_category FOREIGN KEY (system_category) REFERENCES threat_and_sec_schema.system_categories(id);


--
-- TOC entry 3383 (class 2606 OID 74198)
-- Name: tactics_to_techniques tactic_id_to_tactic; Type: FK CONSTRAINT; Schema: tactics_techniques_schema; Owner: savenkova
--

ALTER TABLE ONLY tactics_techniques_schema.tactics_to_techniques
    ADD CONSTRAINT tactic_id_to_tactic FOREIGN KEY (tactic_id) REFERENCES tactics_techniques_schema.tactics(id);


--
-- TOC entry 3384 (class 2606 OID 74225)
-- Name: tactics_to_techniques tactics_to_techniques_main_techniques_id_fk; Type: FK CONSTRAINT; Schema: tactics_techniques_schema; Owner: savenkova
--

ALTER TABLE ONLY tactics_techniques_schema.tactics_to_techniques
    ADD CONSTRAINT tactics_to_techniques_main_techniques_id_fk FOREIGN KEY (technique_id) REFERENCES tactics_techniques_schema.main_techniques(id);


--
-- TOC entry 3385 (class 2606 OID 74230)
-- Name: tactics_to_techniques tactics_to_techniques_tactics_id_fk; Type: FK CONSTRAINT; Schema: tactics_techniques_schema; Owner: savenkova
--

ALTER TABLE ONLY tactics_techniques_schema.tactics_to_techniques
    ADD CONSTRAINT tactics_to_techniques_tactics_id_fk FOREIGN KEY (tactic_id) REFERENCES tactics_techniques_schema.tactics(id);


--
-- TOC entry 3386 (class 2606 OID 74203)
-- Name: tactics_to_techniques technique_id_to_technique; Type: FK CONSTRAINT; Schema: tactics_techniques_schema; Owner: savenkova
--

ALTER TABLE ONLY tactics_techniques_schema.tactics_to_techniques
    ADD CONSTRAINT technique_id_to_technique FOREIGN KEY (technique_id) REFERENCES tactics_techniques_schema.main_techniques(id);


--
-- TOC entry 3373 (class 2606 OID 74163)
-- Name: consequences consequences_risk_id_fkey; Type: FK CONSTRAINT; Schema: threat_and_sec_schema; Owner: savenkova
--

ALTER TABLE ONLY threat_and_sec_schema.consequences
    ADD CONSTRAINT consequences_risk_id_fkey FOREIGN KEY (risk_id) REFERENCES threat_and_sec_schema.risks(id);


--
-- TOC entry 3374 (class 2606 OID 74168)
-- Name: consequences consequences_system_category_fk; Type: FK CONSTRAINT; Schema: threat_and_sec_schema; Owner: savenkova
--

ALTER TABLE ONLY threat_and_sec_schema.consequences
    ADD CONSTRAINT consequences_system_category_fk FOREIGN KEY (system_category) REFERENCES threat_and_sec_schema.system_categories(id);


--
-- TOC entry 3369 (class 2606 OID 16473)
-- Name: threats_to_influence_objects threats_to_influence_objects_influence_object_id_fkey; Type: FK CONSTRAINT; Schema: threat_and_sec_schema; Owner: savenkova
--

ALTER TABLE ONLY threat_and_sec_schema.threats_to_influence_objects
    ADD CONSTRAINT threats_to_influence_objects_influence_object_id_fkey FOREIGN KEY (influence_object_id) REFERENCES threat_and_sec_schema.influence_objects(id);


--
-- TOC entry 3370 (class 2606 OID 16465)
-- Name: threats_to_influence_objects threats_to_influence_objects_threat_id_fkey; Type: FK CONSTRAINT; Schema: threat_and_sec_schema; Owner: savenkova
--

ALTER TABLE ONLY threat_and_sec_schema.threats_to_influence_objects
    ADD CONSTRAINT threats_to_influence_objects_threat_id_fkey FOREIGN KEY (threat_id) REFERENCES threat_and_sec_schema.threats_info(id);


--
-- TOC entry 3387 (class 2606 OID 82203)
-- Name: threats_to_offenders threats_to_offenders_offender_power_level_id_fkey; Type: FK CONSTRAINT; Schema: threat_and_sec_schema; Owner: savenkova
--

ALTER TABLE ONLY threat_and_sec_schema.threats_to_offenders
    ADD CONSTRAINT threats_to_offenders_offender_power_level_id_fkey FOREIGN KEY (offender_power_level_id) REFERENCES offenders_schema.offenders_power_levels(id);


--
-- TOC entry 3388 (class 2606 OID 82198)
-- Name: threats_to_offenders threats_to_offenders_threat_id_fkey; Type: FK CONSTRAINT; Schema: threat_and_sec_schema; Owner: savenkova
--

ALTER TABLE ONLY threat_and_sec_schema.threats_to_offenders
    ADD CONSTRAINT threats_to_offenders_threat_id_fkey FOREIGN KEY (threat_id) REFERENCES threat_and_sec_schema.threats_info(id);


-- Completed on 2025-05-24 12:43:58

--
-- PostgreSQL database dump complete
--

